	2	2	2	1	1	1	1	1	1	1	1	1	1	1	1	1	1	1	1	1	1	1	5	6	0	0	0	2	2	2	2	2	2	2	2	2	2	2	2	2	2	1	1	3	1	1	1	1	1	0	0	4	4	0	0	0	0	0	0	0	0	0	0	1	0	0	0	0	0	0	0	0	0	0	0	0	0	0	0	0	0	0	0	0	0	0	0	0	0	0
0	0.6415	0.6415	0.6415	0.949	0.949	0.949	0.949	0.949	0.949	0.949	0.949	0.949	0.949	0.949	0.949	0.949	0.949	0.949	0.949	0.949	0.949	0.949	0.826	0.8397	0.9647	0.9647	0.9647	0.6415	0.6415	0.6415	0.6415	0.6415	0.6415	0.6415	0.6415	0.6415	0.6415	0.6415	0.6415	0.6415	0.6415	0.949	0.949	0.1647	0.949	0.949	0.949	0.949	0.949	0.9647	0.9647	0.8778	0.8778	0.9647	0.9647	0.9647	0.9647	0.9647	0.9647	0.9647	0.9647	0.9647	0.9647	0.949	0.9647	0.9647	0.9647	0.9647	0.9647	0.9647	0.9647	0.9647	0.9647	0.9647	0.9647	0.9647	0.9647	0.9647	0.9647	0.9647	0.9647	0.9647	0.9647	0.9647	0.9647	0.9647	0.9647	0.9647	0.9647	0.9647
1	0.9876	0.9876	0.9876	0.9229	0.9229	0.9229	0.9229	0.9229	0.9229	0.9229	0.9229	0.9229	0.9229	0.9229	0.9229	0.9229	0.9229	0.9229	0.9229	0.9229	0.9229	0.9229	0.4968	0.8409	0.9576	0.9576	0.9576	0.9876	0.9876	0.9876	0.9876	0.9876	0.9876	0.9876	0.9876	0.9876	0.9876	0.9876	0.9876	0.9876	0.9876	0.9229	0.9229	0.1817	0.9229	0.9229	0.9229	0.9229	0.9229	0.9576	0.9576	0.9202	0.9202	0.9576	0.9576	0.9576	0.9576	0.9576	0.9576	0.9576	0.9576	0.9576	0.9576	0.9229	0.9576	0.9576	0.9576	0.9576	0.9576	0.9576	0.9576	0.9576	0.9576	0.9576	0.9576	0.9576	0.9576	0.9576	0.9576	0.9576	0.9576	0.9576	0.9576	0.9576	0.9576	0.9576	0.9576	0.9576	0.9576	0.9576
2	0.9835	0.9835	0.9835	0.8985	0.8985	0.8985	0.8985	0.8985	0.8985	0.8985	0.8985	0.8985	0.8985	0.8985	0.8985	0.8985	0.8985	0.8985	0.8985	0.8985	0.8985	0.8985	0.8412	0.8179	0.9849	0.9849	0.9849	0.9835	0.9835	0.9835	0.9835	0.9835	0.9835	0.9835	0.9835	0.9835	0.9835	0.9835	0.9835	0.9835	0.9835	0.8985	0.8985	0.827	0.8985	0.8985	0.8985	0.8985	0.8985	0.9849	0.9849	0.8952	0.8952	0.9849	0.9849	0.9849	0.9849	0.9849	0.9849	0.9849	0.9849	0.9849	0.9849	0.8985	0.9849	0.9849	0.9849	0.9849	0.9849	0.9849	0.9849	0.9849	0.9849	0.9849	0.9849	0.9849	0.9849	0.9849	0.9849	0.9849	0.9849	0.9849	0.9849	0.9849	0.9849	0.9849	0.9849	0.9849	0.9849	0.9849
3	0.9664	0.9664	0.9664	0.9759	0.9759	0.9759	0.9759	0.9759	0.9759	0.9759	0.9759	0.9759	0.9759	0.9759	0.9759	0.9759	0.9759	0.9759	0.9759	0.9759	0.9759	0.9759	0.1839	0.1752	0.9807	0.9807	0.9807	0.9664	0.9664	0.9664	0.9664	0.9664	0.9664	0.9664	0.9664	0.9664	0.9664	0.9664	0.9664	0.9664	0.9664	0.9759	0.9759	0.1831	0.9759	0.9759	0.9759	0.9759	0.9759	0.9807	0.9807	0.8935	0.8935	0.9807	0.9807	0.9807	0.9807	0.9807	0.9807	0.9807	0.9807	0.9807	0.9807	0.9759	0.9807	0.9807	0.9807	0.9807	0.9807	0.9807	0.9807	0.9807	0.9807	0.9807	0.9807	0.9807	0.9807	0.9807	0.9807	0.9807	0.9807	0.9807	0.9807	0.9807	0.9807	0.9807	0.9807	0.9807	0.9807	0.9807
4	0.7132	0.7132	0.7132	0.8157	0.8157	0.8157	0.8157	0.8157	0.8157	0.8157	0.8157	0.8157	0.8157	0.8157	0.8157	0.8157	0.8157	0.8157	0.8157	0.8157	0.8157	0.8157	0.1737	0.8413	0.763	0.763	0.763	0.7132	0.7132	0.7132	0.7132	0.7132	0.7132	0.7132	0.7132	0.7132	0.7132	0.7132	0.7132	0.7132	0.7132	0.8157	0.8157	0.1604	0.8157	0.8157	0.8157	0.8157	0.8157	0.763	0.763	0.9037	0.9037	0.763	0.763	0.763	0.763	0.763	0.763	0.763	0.763	0.763	0.763	0.8157	0.763	0.763	0.763	0.763	0.763	0.763	0.763	0.763	0.763	0.763	0.763	0.763	0.763	0.763	0.763	0.763	0.763	0.763	0.763	0.763	0.763	0.763	0.763	0.763	0.763	0.763
5	0.9506	0.9506	0.9506	0.9201	0.9201	0.9201	0.9201	0.9201	0.9201	0.9201	0.9201	0.9201	0.9201	0.9201	0.9201	0.9201	0.9201	0.9201	0.9201	0.9201	0.9201	0.9201	0.8181	0.8375	0.8744	0.8744	0.8744	0.9506	0.9506	0.9506	0.9506	0.9506	0.9506	0.9506	0.9506	0.9506	0.9506	0.9506	0.9506	0.9506	0.9506	0.9201	0.9201	0.5062	0.9201	0.9201	0.9201	0.9201	0.9201	0.8744	0.8744	0.9029	0.9029	0.8744	0.8744	0.8744	0.8744	0.8744	0.8744	0.8744	0.8744	0.8744	0.8744	0.9201	0.8744	0.8744	0.8744	0.8744	0.8744	0.8744	0.8744	0.8744	0.8744	0.8744	0.8744	0.8744	0.8744	0.8744	0.8744	0.8744	0.8744	0.8744	0.8744	0.8744	0.8744	0.8744	0.8744	0.8744	0.8744	0.8744
6	0.9858	0.9858	0.9858	0.9898	0.9898	0.9898	0.9898	0.9898	0.9898	0.9898	0.9898	0.9898	0.9898	0.9898	0.9898	0.9898	0.9898	0.9898	0.9898	0.9898	0.9898	0.9898	0.8378	0.8485	0.9922	0.9922	0.9922	0.9858	0.9858	0.9858	0.9858	0.9858	0.9858	0.9858	0.9858	0.9858	0.9858	0.9858	0.9858	0.9858	0.9858	0.9898	0.9898	0.8362	0.9898	0.9898	0.9898	0.9898	0.9898	0.9922	0.9922	0.8774	0.8774	0.9922	0.9922	0.9922	0.9922	0.9922	0.9922	0.9922	0.9922	0.9922	0.9922	0.9898	0.9922	0.9922	0.9922	0.9922	0.9922	0.9922	0.9922	0.9922	0.9922	0.9922	0.9922	0.9922	0.9922	0.9922	0.9922	0.9922	0.9922	0.9922	0.9922	0.9922	0.9922	0.9922	0.9922	0.9922	0.9922	0.9922
7	0.8171	0.8171	0.8171	0.5142	0.5142	0.5142	0.5142	0.5142	0.5142	0.5142	0.5142	0.5142	0.5142	0.5142	0.5142	0.5142	0.5142	0.5142	0.5142	0.5142	0.5142	0.5142	0.1756	0.1623	0.0049	0.0049	0.0049	0.8171	0.8171	0.8171	0.8171	0.8171	0.8171	0.8171	0.8171	0.8171	0.8171	0.8171	0.8171	0.8171	0.8171	0.5142	0.5142	0.1625	0.5142	0.5142	0.5142	0.5142	0.5142	0.0049	0.0049	0.1888	0.1888	0.0049	0.0049	0.0049	0.0049	0.0049	0.0049	0.0049	0.0049	0.0049	0.0049	0.5142	0.0049	0.0049	0.0049	0.0049	0.0049	0.0049	0.0049	0.0049	0.0049	0.0049	0.0049	0.0049	0.0049	0.0049	0.0049	0.0049	0.0049	0.0049	0.0049	0.0049	0.0049	0.0049	0.0049	0.0049	0.0049	0.0049
8	0.9669	0.9669	0.9669	0.0117	0.0117	0.0117	0.0117	0.0117	0.0117	0.0117	0.0117	0.0117	0.0117	0.0117	0.0117	0.0117	0.0117	0.0117	0.0117	0.0117	0.0117	0.0117	0.1739	0.1556	0.0039	0.0039	0.0039	0.9669	0.9669	0.9669	0.9669	0.9669	0.9669	0.9669	0.9669	0.9669	0.9669	0.9669	0.9669	0.9669	0.9669	0.0117	0.0117	0.188	0.0117	0.0117	0.0117	0.0117	0.0117	0.0039	0.0039	0.887	0.887	0.0039	0.0039	0.0039	0.0039	0.0039	0.0039	0.0039	0.0039	0.0039	0.0039	0.0117	0.0039	0.0039	0.0039	0.0039	0.0039	0.0039	0.0039	0.0039	0.0039	0.0039	0.0039	0.0039	0.0039	0.0039	0.0039	0.0039	0.0039	0.0039	0.0039	0.0039	0.0039	0.0039	0.0039	0.0039	0.0039	0.0039
9	0.9303	0.9303	0.9303	0.012	0.012	0.012	0.012	0.012	0.012	0.012	0.012	0.012	0.012	0.012	0.012	0.012	0.012	0.012	0.012	0.012	0.012	0.012	0.1733	0.1681	0.0059	0.0059	0.0059	0.9303	0.9303	0.9303	0.9303	0.9303	0.9303	0.9303	0.9303	0.9303	0.9303	0.9303	0.9303	0.9303	0.9303	0.012	0.012	0.1708	0.012	0.012	0.012	0.012	0.012	0.0059	0.0059	0.8959	0.8959	0.0059	0.0059	0.0059	0.0059	0.0059	0.0059	0.0059	0.0059	0.0059	0.0059	0.012	0.0059	0.0059	0.0059	0.0059	0.0059	0.0059	0.0059	0.0059	0.0059	0.0059	0.0059	0.0059	0.0059	0.0059	0.0059	0.0059	0.0059	0.0059	0.0059	0.0059	0.0059	0.0059	0.0059	0.0059	0.0059	0.0059
10	0.9004	0.9004	0.9004	0.0091	0.0091	0.0091	0.0091	0.0091	0.0091	0.0091	0.0091	0.0091	0.0091	0.0091	0.0091	0.0091	0.0091	0.0091	0.0091	0.0091	0.0091	0.0091	0.1497	0.1799	0.0088	0.0088	0.0088	0.9004	0.9004	0.9004	0.9004	0.9004	0.9004	0.9004	0.9004	0.9004	0.9004	0.9004	0.9004	0.9004	0.9004	0.0091	0.0091	0.1702	0.0091	0.0091	0.0091	0.0091	0.0091	0.0088	0.0088	0.7811	0.7811	0.0088	0.0088	0.0088	0.0088	0.0088	0.0088	0.0088	0.0088	0.0088	0.0088	0.0091	0.0088	0.0088	0.0088	0.0088	0.0088	0.0088	0.0088	0.0088	0.0088	0.0088	0.0088	0.0088	0.0088	0.0088	0.0088	0.0088	0.0088	0.0088	0.0088	0.0088	0.0088	0.0088	0.0088	0.0088	0.0088	0.0088
11	0.0131	0.0131	0.0131	0.9334	0.9334	0.9334	0.9334	0.9334	0.9334	0.9334	0.9334	0.9334	0.9334	0.9334	0.9334	0.9334	0.9334	0.9334	0.9334	0.9334	0.9334	0.9334	0.507	0.8496	0.9652	0.9652	0.9652	0.0131	0.0131	0.0131	0.0131	0.0131	0.0131	0.0131	0.0131	0.0131	0.0131	0.0131	0.0131	0.0131	0.0131	0.9334	0.9334	0.1675	0.9334	0.9334	0.9334	0.9334	0.9334	0.9652	0.9652	0.9085	0.9085	0.9652	0.9652	0.9652	0.9652	0.9652	0.9652	0.9652	0.9652	0.9652	0.9652	0.9334	0.9652	0.9652	0.9652	0.9652	0.9652	0.9652	0.9652	0.9652	0.9652	0.9652	0.9652	0.9652	0.9652	0.9652	0.9652	0.9652	0.9652	0.9652	0.9652	0.9652	0.9652	0.9652	0.9652	0.9652	0.9652	0.9652
12	0.0182	0.0182	0.0182	0.8964	0.8964	0.8964	0.8964	0.8964	0.8964	0.8964	0.8964	0.8964	0.8964	0.8964	0.8964	0.8964	0.8964	0.8964	0.8964	0.8964	0.8964	0.8964	0.5086	0.8491	0.9622	0.9622	0.9622	0.0182	0.0182	0.0182	0.0182	0.0182	0.0182	0.0182	0.0182	0.0182	0.0182	0.0182	0.0182	0.0182	0.0182	0.8964	0.8964	0.8202	0.8964	0.8964	0.8964	0.8964	0.8964	0.9622	0.9622	0.9264	0.9264	0.9622	0.9622	0.9622	0.9622	0.9622	0.9622	0.9622	0.9622	0.9622	0.9622	0.8964	0.9622	0.9622	0.9622	0.9622	0.9622	0.9622	0.9622	0.9622	0.9622	0.9622	0.9622	0.9622	0.9622	0.9622	0.9622	0.9622	0.9622	0.9622	0.9622	0.9622	0.9622	0.9622	0.9622	0.9622	0.9622	0.9622
13	0.0135	0.0135	0.0135	0.4977	0.4977	0.4977	0.4977	0.4977	0.4977	0.4977	0.4977	0.4977	0.4977	0.4977	0.4977	0.4977	0.4977	0.4977	0.4977	0.4977	0.4977	0.4977	0.1576	0.8053	0.9866	0.9866	0.9866	0.0135	0.0135	0.0135	0.0135	0.0135	0.0135	0.0135	0.0135	0.0135	0.0135	0.0135	0.0135	0.0135	0.0135	0.4977	0.4977	0.1539	0.4977	0.4977	0.4977	0.4977	0.4977	0.9866	0.9866	0.9001	0.9001	0.9866	0.9866	0.9866	0.9866	0.9866	0.9866	0.9866	0.9866	0.9866	0.9866	0.4977	0.9866	0.9866	0.9866	0.9866	0.9866	0.9866	0.9866	0.9866	0.9866	0.9866	0.9866	0.9866	0.9866	0.9866	0.9866	0.9866	0.9866	0.9866	0.9866	0.9866	0.9866	0.9866	0.9866	0.9866	0.9866	0.9866
14	0.013	0.013	0.013	0.0094	0.0094	0.0094	0.0094	0.0094	0.0094	0.0094	0.0094	0.0094	0.0094	0.0094	0.0094	0.0094	0.0094	0.0094	0.0094	0.0094	0.0094	0.0094	0.4933	0.1717	0.9785	0.9785	0.9785	0.013	0.013	0.013	0.013	0.013	0.013	0.013	0.013	0.013	0.013	0.013	0.013	0.013	0.013	0.0094	0.0094	0.1716	0.0094	0.0094	0.0094	0.0094	0.0094	0.9785	0.9785	0.8979	0.8979	0.9785	0.9785	0.9785	0.9785	0.9785	0.9785	0.9785	0.9785	0.9785	0.9785	0.0094	0.9785	0.9785	0.9785	0.9785	0.9785	0.9785	0.9785	0.9785	0.9785	0.9785	0.9785	0.9785	0.9785	0.9785	0.9785	0.9785	0.9785	0.9785	0.9785	0.9785	0.9785	0.9785	0.9785	0.9785	0.9785	0.9785
15	0.0149	0.0149	0.0149	0.0113	0.0113	0.0113	0.0113	0.0113	0.0113	0.0113	0.0113	0.0113	0.0113	0.0113	0.0113	0.0113	0.0113	0.0113	0.0113	0.0113	0.0113	0.0113	0.8366	0.1634	0.9841	0.9841	0.9841	0.0149	0.0149	0.0149	0.0149	0.0149	0.0149	0.0149	0.0149	0.0149	0.0149	0.0149	0.0149	0.0149	0.0149	0.0113	0.0113	0.1742	0.0113	0.0113	0.0113	0.0113	0.0113	0.9841	0.9841	0.9067	0.9067	0.9841	0.9841	0.9841	0.9841	0.9841	0.9841	0.9841	0.9841	0.9841	0.9841	0.0113	0.9841	0.9841	0.9841	0.9841	0.9841	0.9841	0.9841	0.9841	0.9841	0.9841	0.9841	0.9841	0.9841	0.9841	0.9841	0.9841	0.9841	0.9841	0.9841	0.9841	0.9841	0.9841	0.9841	0.9841	0.9841	0.9841
16	0.0145	0.0145	0.0145	0.0117	0.0117	0.0117	0.0117	0.0117	0.0117	0.0117	0.0117	0.0117	0.0117	0.0117	0.0117	0.0117	0.0117	0.0117	0.0117	0.0117	0.0117	0.0117	0.1787	0.8433	0.9643	0.9643	0.9643	0.0145	0.0145	0.0145	0.0145	0.0145	0.0145	0.0145	0.0145	0.0145	0.0145	0.0145	0.0145	0.0145	0.0145	0.0117	0.0117	0.1611	0.0117	0.0117	0.0117	0.0117	0.0117	0.9643	0.9643	0.5419	0.5419	0.9643	0.9643	0.9643	0.9643	0.9643	0.9643	0.9643	0.9643	0.9643	0.9643	0.0117	0.9643	0.9643	0.9643	0.9643	0.9643	0.9643	0.9643	0.9643	0.9643	0.9643	0.9643	0.9643	0.9643	0.9643	0.9643	0.9643	0.9643	0.9643	0.9643	0.9643	0.9643	0.9643	0.9643	0.9643	0.9643	0.9643
17	0.0211	0.0211	0.0211	0.011	0.011	0.011	0.011	0.011	0.011	0.011	0.011	0.011	0.011	0.011	0.011	0.011	0.011	0.011	0.011	0.011	0.011	0.011	0.8286	0.8066	0.9602	0.9602	0.9602	0.0211	0.0211	0.0211	0.0211	0.0211	0.0211	0.0211	0.0211	0.0211	0.0211	0.0211	0.0211	0.0211	0.0211	0.011	0.011	0.5009	0.011	0.011	0.011	0.011	0.011	0.9602	0.9602	0.9187	0.9187	0.9602	0.9602	0.9602	0.9602	0.9602	0.9602	0.9602	0.9602	0.9602	0.9602	0.011	0.9602	0.9602	0.9602	0.9602	0.9602	0.9602	0.9602	0.9602	0.9602	0.9602	0.9602	0.9602	0.9602	0.9602	0.9602	0.9602	0.9602	0.9602	0.9602	0.9602	0.9602	0.9602	0.9602	0.9602	0.9602	0.9602
18	0.0159	0.0159	0.0159	0.0109	0.0109	0.0109	0.0109	0.0109	0.0109	0.0109	0.0109	0.0109	0.0109	0.0109	0.0109	0.0109	0.0109	0.0109	0.0109	0.0109	0.0109	0.0109	0.514	0.1616	0.9246	0.9246	0.9246	0.0159	0.0159	0.0159	0.0159	0.0159	0.0159	0.0159	0.0159	0.0159	0.0159	0.0159	0.0159	0.0159	0.0159	0.0109	0.0109	0.1892	0.0109	0.0109	0.0109	0.0109	0.0109	0.9246	0.9246	0.9024	0.9024	0.9246	0.9246	0.9246	0.9246	0.9246	0.9246	0.9246	0.9246	0.9246	0.9246	0.0109	0.9246	0.9246	0.9246	0.9246	0.9246	0.9246	0.9246	0.9246	0.9246	0.9246	0.9246	0.9246	0.9246	0.9246	0.9246	0.9246	0.9246	0.9246	0.9246	0.9246	0.9246	0.9246	0.9246	0.9246	0.9246	0.9246
19	0.0155	0.0155	0.0155	0.009	0.009	0.009	0.009	0.009	0.009	0.009	0.009	0.009	0.009	0.009	0.009	0.009	0.009	0.009	0.009	0.009	0.009	0.009	0.1733	0.1903	0.5929	0.5929	0.5929	0.0155	0.0155	0.0155	0.0155	0.0155	0.0155	0.0155	0.0155	0.0155	0.0155	0.0155	0.0155	0.0155	0.0155	0.009	0.009	0.1651	0.009	0.009	0.009	0.009	0.009	0.5929	0.5929	0.0939	0.0939	0.5929	0.5929	0.5929	0.5929	0.5929	0.5929	0.5929	0.5929	0.5929	0.5929	0.009	0.5929	0.5929	0.5929	0.5929	0.5929	0.5929	0.5929	0.5929	0.5929	0.5929	0.5929	0.5929	0.5929	0.5929	0.5929	0.5929	0.5929	0.5929	0.5929	0.5929	0.5929	0.5929	0.5929	0.5929	0.5929	0.5929
