""	"SNV0"	"SNV1"	"SNV2"	"SNV3"	"SNV4"	"SNV5"	"SNV6"	"SNV7"	"SNV8"	"SNV9"	"SNV10"	"SNV11"	"SNV12"	"SNV13"	"SNV14"	"SNV15"	"SNV16"	"SNV17"	"SNV18"	"SNV19"	"SNV20"	"SNV21"	"SNV22"	"SNV23"	"SNV24"	"SNV25"	"SNV26"	"SNV27"	"SNV28"	"SNV29"	"SNV30"	"SNV31"	"SNV32"	"SNV33"	"SNV34"	"SNV35"	"SNV36"	"SNV37"	"SNV38"	"SNV39"	"SNV40"	"SNV41"	"SNV42"	"SNV43"
"cell1"	1	1	0	3	1	1	1	1	3	1	3	1	1	0	0	0	3	0	0	0	3	0	0	0	3	0	0	0	0	0	0	0	0	0	0	0	3	0	0	0	3	3	0	0
"cell2"	1	1	3	1	1	1	1	1	1	1	1	1	0	0	0	3	0	0	0	0	3	0	0	0	0	0	0	0	0	0	0	0	3	0	0	0	0	0	0	0	0	0	3	0
"cell3"	1	1	1	1	1	1	0	3	1	1	0	0	1	0	0	0	3	3	3	0	0	0	0	0	3	3	0	3	0	0	0	3	0	0	0	0	0	3	0	0	0	3	0	3
"cell4"	1	1	1	3	3	1	3	1	1	1	1	1	3	0	0	3	0	3	0	0	3	0	0	0	0	0	0	0	0	0	0	0	0	0	0	0	3	0	0	3	0	0	0	0
"cell5"	3	1	1	1	3	1	3	1	1	3	3	3	3	3	3	0	0	0	0	0	0	0	1	0	0	3	0	0	3	0	0	0	0	0	0	0	0	0	0	0	0	0	3	0
"cell6"	1	3	1	1	3	1	0	1	1	1	3	3	3	0	0	0	3	0	3	0	0	0	3	3	0	0	0	3	3	1	0	0	0	0	0	0	0	0	3	0	0	0	3	0
"cell7"	1	1	1	1	3	1	1	1	1	1	3	1	0	0	0	0	0	0	0	0	0	0	0	0	0	3	0	3	0	0	0	0	0	0	0	0	0	3	3	3	0	0	0	0
"cell8"	1	1	1	1	0	1	1	1	1	1	1	1	1	3	0	0	0	3	0	0	3	0	0	0	0	3	0	0	0	3	0	0	0	0	0	0	0	0	0	0	0	0	0	0
"cell9"	1	1	3	1	0	0	3	1	0	1	3	1	1	3	0	3	0	0	0	0	3	0	0	0	0	3	0	0	0	3	0	3	0	3	0	0	0	0	0	3	3	0	0	3
"cell10"	1	3	0	3	1	1	1	1	0	3	3	3	1	3	0	0	0	0	0	0	3	0	3	0	0	0	3	3	0	0	0	0	3	0	0	0	0	0	3	0	0	0	0	0
"cell11"	1	1	1	1	1	1	1	1	1	3	1	1	1	0	3	0	0	0	0	0	3	0	3	0	0	0	0	3	0	0	3	0	0	0	3	0	3	0	0	0	0	0	0	0
"cell12"	0	0	1	1	0	1	0	1	0	3	1	1	1	0	0	0	0	0	0	0	0	0	0	0	3	0	0	0	0	0	0	0	3	0	0	1	0	0	0	0	3	0	0	0
"cell13"	1	3	0	3	1	1	1	1	1	0	3	1	1	0	3	0	0	0	0	0	3	0	0	0	0	3	0	0	3	3	0	0	0	0	0	0	3	3	3	1	0	0	3	0
"cell14"	1	0	1	1	1	1	1	1	1	1	1	1	0	0	0	0	0	0	0	0	0	0	0	0	0	3	0	3	0	3	0	0	3	3	0	0	3	0	0	0	0	0	3	0
"cell15"	0	1	3	1	0	0	1	3	3	1	1	0	3	0	0	0	0	0	0	0	0	0	0	0	3	3	0	3	0	0	0	0	0	0	3	0	0	0	0	0	0	0	0	0
"cell16"	3	3	1	1	3	1	1	1	1	1	1	3	1	0	3	3	0	0	1	3	0	0	0	0	0	3	3	3	3	0	0	0	3	3	0	0	0	0	0	0	0	0	0	3
"cell17"	1	1	1	1	0	3	1	3	1	1	3	1	1	3	3	0	0	0	0	0	0	3	0	0	0	0	3	0	0	3	3	0	3	0	0	0	0	3	0	0	0	3	3	0
"cell18"	1	0	1	1	0	0	1	3	1	3	1	0	1	3	0	0	0	3	0	0	0	0	3	0	3	0	0	0	0	0	0	0	3	0	3	3	3	3	0	0	0	3	0	0
"cell19"	1	1	3	3	1	1	0	1	1	1	1	1	1	0	0	0	3	0	0	3	0	0	0	0	0	0	0	0	3	3	0	3	3	0	0	0	0	0	0	0	3	0	0	0
"cell20"	0	1	1	1	1	3	1	1	0	1	1	1	1	0	0	0	0	0	0	0	0	3	0	0	3	0	0	0	0	0	0	0	3	3	3	0	0	3	0	0	3	0	0	3
"cell21"	3	1	0	3	1	1	0	1	1	3	3	3	0	0	0	0	0	0	0	0	0	0	0	0	0	0	3	0	0	3	0	3	0	0	0	0	0	0	0	0	3	3	3	0
"cell22"	0	1	1	1	3	0	1	1	0	3	1	0	3	0	3	0	0	0	0	0	0	0	0	0	1	0	0	0	0	0	0	0	3	0	0	3	0	0	0	0	0	3	3	0
"cell23"	1	1	1	3	1	1	1	3	1	1	1	1	1	0	0	0	0	0	0	0	3	3	0	0	0	3	0	0	0	0	0	0	0	0	0	3	3	0	3	0	0	3	3	0
"cell24"	0	1	1	1	1	1	1	1	1	1	1	3	1	0	0	3	0	0	0	0	0	0	0	0	3	0	0	3	0	0	0	0	0	3	0	0	0	0	3	0	0	0	3	0
"cell25"	3	1	1	3	3	1	1	1	0	3	0	1	1	0	0	3	3	0	0	3	0	0	3	1	0	3	0	0	0	0	0	3	0	0	0	0	0	3	3	0	0	0	0	0
"cell26"	3	3	1	3	1	1	1	3	1	1	1	1	1	0	0	0	0	0	0	0	1	0	0	0	0	3	0	0	0	0	3	0	0	0	0	0	0	0	0	0	0	3	3	0
"cell27"	1	3	1	1	3	0	0	1	1	1	1	1	1	3	0	0	0	0	0	0	3	0	0	3	1	0	0	0	0	3	0	0	0	0	3	0	0	3	0	0	0	0	0	0
"cell28"	1	1	1	1	1	1	0	1	3	1	3	1	1	0	0	0	0	3	0	3	0	3	3	0	0	0	3	0	0	0	0	0	0	0	0	3	0	0	0	3	0	0	3	0
"cell29"	1	0	3	0	3	0	3	0	3	1	1	1	3	0	3	3	0	0	0	3	0	0	0	0	0	0	0	0	3	0	0	0	3	0	0	3	0	3	0	0	0	0	0	3
"cell30"	1	1	0	1	0	1	3	1	1	0	3	3	0	0	0	3	0	0	0	0	0	0	0	0	0	0	0	3	0	0	0	0	0	0	0	0	0	0	0	3	0	0	0	0
"cell31"	1	3	1	0	1	0	1	0	3	1	1	0	1	0	3	3	3	0	0	0	0	0	0	0	0	3	0	0	0	0	0	0	3	0	0	0	0	0	0	0	0	0	0	3
"cell32"	1	1	1	1	1	3	0	1	1	3	3	1	0	0	0	0	0	0	3	0	0	3	0	0	0	0	3	0	0	3	0	3	0	3	0	3	0	0	3	0	0	0	0	0
"cell33"	1	1	0	1	0	1	1	1	0	3	1	1	1	0	0	0	3	0	3	0	0	0	1	0	3	3	0	1	0	0	0	0	0	3	3	0	0	0	3	0	0	0	0	0
"cell34"	3	3	1	1	1	3	1	1	1	1	0	1	1	0	0	0	0	0	0	0	3	0	3	3	0	0	0	3	0	0	3	0	0	0	0	0	0	3	0	0	3	0	3	0
"cell35"	1	1	3	1	3	1	1	1	1	1	3	1	1	3	0	0	3	0	0	0	0	0	0	0	0	0	0	0	3	0	0	0	0	0	0	0	3	0	3	3	0	0	0	0
"cell36"	1	1	1	1	0	1	1	1	1	0	1	1	0	0	0	0	3	3	0	0	3	0	0	0	3	0	0	0	0	0	0	0	0	0	0	0	3	0	0	0	0	0	3	0
"cell37"	1	1	1	1	1	3	0	3	1	1	1	3	1	3	0	3	0	3	0	0	0	3	0	3	0	3	0	0	0	0	0	0	0	0	0	0	0	0	0	0	0	0	0	0
"cell38"	1	1	3	0	1	3	3	1	3	0	3	1	1	3	3	0	0	0	0	0	0	0	0	0	0	0	3	0	0	0	0	0	0	0	0	0	0	0	0	0	0	0	0	0
"cell39"	1	1	1	0	0	0	1	1	1	1	1	1	1	0	0	0	0	0	0	0	0	0	0	0	0	0	0	0	3	0	0	0	0	0	0	0	0	3	0	0	3	0	3	0
"cell40"	1	0	1	1	0	1	1	1	0	1	1	3	1	0	0	3	3	0	0	0	0	0	0	0	0	0	3	0	0	0	0	0	0	3	0	0	0	0	3	0	0	3	0	0
"cell41"	1	1	0	1	3	1	1	1	1	1	1	1	1	0	0	3	3	0	0	0	3	0	0	0	0	0	0	0	0	0	0	0	0	0	0	3	0	3	3	0	0	0	3	0
"cell42"	3	1	3	1	1	1	1	1	0	0	3	1	1	0	0	0	0	0	0	3	0	0	0	3	0	0	0	1	1	1	1	0	1	0	0	0	0	3	0	0	3	3	0	0
"cell43"	1	1	1	1	1	3	1	3	1	0	1	1	1	0	1	3	0	0	0	3	0	0	0	0	3	0	0	1	1	1	1	3	1	0	0	3	0	0	0	0	0	3	3	3
"cell44"	1	3	1	1	1	1	1	3	3	0	1	1	1	0	0	0	0	0	0	3	0	0	0	0	0	0	3	1	1	1	1	3	3	0	0	0	0	0	0	0	0	0	0	3
"cell45"	1	0	1	1	1	0	3	1	1	3	1	0	3	0	0	3	0	3	0	0	0	0	0	3	0	0	0	3	1	1	1	0	1	0	0	0	0	0	0	0	0	3	3	0
"cell46"	0	1	1	1	0	1	3	0	1	3	3	1	3	0	0	0	3	0	0	0	0	0	0	0	0	0	3	1	3	3	0	1	1	0	0	0	0	0	0	0	0	0	0	0
"cell47"	1	1	3	1	1	1	1	1	1	1	1	3	3	0	0	0	0	0	0	3	0	0	0	3	3	0	0	0	1	1	1	3	1	0	0	0	0	0	0	0	0	0	0	0
"cell48"	1	3	3	0	3	1	0	1	1	3	3	1	0	0	0	3	0	0	0	0	3	0	0	3	0	0	3	1	0	1	1	3	0	0	0	0	3	0	0	0	0	0	0	0
"cell49"	1	0	1	1	3	1	1	1	1	1	1	3	3	0	0	0	0	0	0	0	0	0	0	3	3	3	0	1	1	1	3	1	1	0	0	3	0	0	0	0	0	0	0	0
"cell50"	0	1	1	1	3	1	1	1	3	0	0	1	1	3	0	0	3	0	0	0	0	0	0	0	0	0	0	3	1	0	1	3	3	3	0	0	3	1	0	0	0	0	0	0
"cell51"	1	1	1	1	0	3	0	0	3	3	3	3	3	0	3	0	0	0	0	0	0	3	0	3	0	0	0	1	1	1	1	3	1	0	3	0	3	0	0	0	0	0	3	0
"cell52"	3	1	1	1	1	1	3	1	0	0	0	1	0	0	0	0	0	0	0	0	0	0	3	0	0	0	3	3	3	1	3	1	0	0	0	0	0	3	3	0	0	0	0	3
"cell53"	1	3	3	1	1	0	1	1	3	1	1	1	1	3	0	0	0	0	0	0	3	3	0	0	0	0	0	3	3	0	1	1	3	0	3	0	3	0	0	0	0	3	0	0
"cell54"	0	0	1	1	3	1	1	1	3	1	1	0	1	0	0	3	0	0	0	0	0	0	3	0	3	0	0	1	3	3	1	1	0	0	3	3	0	0	0	0	3	0	0	0
"cell55"	1	1	0	1	1	1	1	1	0	1	1	3	1	0	0	0	0	0	3	0	0	0	0	0	0	0	3	1	3	1	1	0	1	0	0	0	0	0	0	0	0	0	0	0
"cell56"	1	3	1	1	1	1	0	0	1	1	0	1	1	0	3	0	0	0	0	0	0	0	0	3	0	0	0	3	1	0	1	1	1	0	0	3	0	0	0	0	0	0	0	0
"cell57"	3	1	3	1	3	0	1	3	1	1	1	1	3	0	0	0	0	0	0	0	3	0	0	0	0	3	0	1	1	1	1	1	0	0	0	0	0	0	0	0	0	0	0	3
"cell58"	3	1	1	1	1	1	1	1	1	3	0	1	0	0	0	0	0	0	3	3	0	0	0	0	0	3	3	3	1	1	1	1	0	3	0	0	0	0	0	0	0	0	1	0
"cell59"	3	1	1	1	1	1	1	3	1	1	3	1	3	0	0	0	0	0	3	3	0	0	0	0	0	0	0	1	1	3	0	1	3	0	3	3	3	0	0	0	0	3	0	0
"cell60"	1	1	3	3	1	1	1	3	3	1	0	3	1	0	0	0	0	3	0	0	0	0	0	3	0	3	0	0	1	0	0	1	3	0	0	0	0	3	0	0	0	0	3	0
"cell61"	1	0	1	1	3	1	0	1	1	1	3	0	1	0	0	3	0	0	0	0	0	3	3	0	0	0	0	0	1	1	3	1	1	0	3	0	0	0	0	0	0	0	0	0
"cell62"	0	1	3	1	0	1	0	0	1	3	1	1	1	0	0	0	0	0	0	0	0	3	0	0	0	0	0	1	3	1	3	1	3	0	3	3	0	3	0	3	0	0	0	0
"cell63"	0	1	1	0	0	1	0	0	1	1	1	1	0	0	0	0	0	0	0	0	0	0	0	0	0	0	3	1	1	1	0	3	1	0	3	3	3	0	3	0	0	3	3	0
"cell64"	1	3	1	1	1	1	3	3	0	1	0	3	1	0	0	0	0	3	0	0	0	0	0	0	3	0	0	1	1	0	0	1	3	0	0	0	0	0	0	0	0	0	3	0
"cell65"	1	3	1	1	3	1	1	1	1	1	3	1	1	0	0	0	0	0	0	0	0	0	0	3	0	0	1	1	1	1	3	1	1	0	0	0	0	0	0	0	0	3	0	0
"cell66"	0	1	1	0	1	1	3	1	3	1	1	1	1	0	0	0	0	3	3	0	0	3	0	0	0	3	0	1	1	3	1	1	1	0	0	0	0	0	0	0	3	0	0	0
"cell67"	1	1	1	3	3	1	1	1	3	1	1	1	0	0	0	0	3	0	3	0	0	0	3	0	3	0	3	1	1	0	1	0	3	0	0	0	0	3	0	3	3	0	3	0
"cell68"	3	0	1	3	3	3	0	1	1	1	1	3	1	3	0	0	0	0	0	3	0	0	0	0	0	0	0	1	3	1	3	1	3	3	0	0	0	0	0	0	0	0	0	3
"cell69"	1	1	3	0	1	1	1	1	1	1	0	1	1	0	0	0	3	0	3	3	0	3	0	0	0	0	0	1	1	1	1	3	3	0	0	0	0	0	0	0	0	0	0	0
"cell70"	1	1	0	3	1	1	1	3	1	1	1	3	1	0	0	0	3	0	0	0	0	3	0	0	0	0	0	0	1	1	3	1	0	0	0	0	0	0	0	3	0	0	0	0
"cell71"	0	3	1	1	1	3	1	1	1	1	0	3	0	0	0	3	3	0	0	0	3	0	0	0	0	3	0	1	0	1	1	0	1	0	0	0	0	0	0	0	0	0	0	3
"cell72"	0	3	0	1	3	0	0	3	1	1	0	1	3	0	3	0	0	0	0	0	0	0	3	0	0	0	0	1	3	1	3	1	0	0	0	0	0	0	0	3	0	0	0	0
"cell73"	1	3	1	0	1	1	1	3	1	1	1	1	3	0	0	0	0	0	3	3	3	0	0	0	0	0	0	1	1	0	0	1	3	0	0	0	0	0	0	0	3	0	0	0
"cell74"	1	1	1	3	1	1	1	0	3	0	1	3	3	0	3	0	3	0	0	3	0	0	0	3	0	0	3	1	1	1	3	3	3	0	0	0	0	0	0	0	0	3	0	0
"cell75"	1	1	1	3	1	1	3	0	0	3	0	1	0	0	0	3	3	0	0	0	0	0	0	3	0	3	0	1	1	0	0	1	0	0	0	3	3	3	3	0	0	0	3	0
"cell76"	0	3	3	1	0	1	1	1	1	0	1	1	0	0	0	0	0	0	0	3	0	0	0	0	0	0	0	1	0	1	1	1	0	0	3	0	3	0	0	0	0	0	0	0
"cell77"	1	3	1	1	3	0	1	1	1	3	1	1	0	3	0	0	0	0	0	0	0	0	0	0	0	3	0	1	1	0	3	1	1	0	0	0	0	0	0	0	0	0	0	0
"cell78"	3	1	1	1	1	3	1	0	0	0	1	0	0	3	0	0	0	0	0	3	0	0	0	0	0	3	3	1	0	1	1	3	1	0	0	0	0	3	3	3	0	0	0	0
"cell79"	1	1	1	0	3	1	3	1	0	1	0	1	0	0	0	0	0	3	3	0	3	0	0	0	3	0	0	3	1	1	0	1	3	0	0	0	0	0	0	0	0	0	0	0
"cell80"	3	1	1	3	0	1	0	1	1	1	3	1	0	0	0	0	0	0	0	3	0	0	0	0	0	0	0	1	1	0	1	0	3	3	0	0	0	0	3	3	3	0	0	0
"cell81"	3	1	1	1	1	0	3	0	3	1	1	0	1	0	0	0	0	0	0	0	0	3	0	0	3	3	0	0	1	1	1	3	1	0	0	0	0	0	0	0	3	0	0	0
"cell82"	1	1	0	3	1	0	1	0	1	1	0	0	3	0	0	0	0	0	0	0	0	0	0	0	0	3	0	1	3	0	3	3	3	0	0	3	0	0	3	3	0	0	0	0
"cell83"	1	1	1	1	0	1	1	3	1	1	0	0	0	3	3	3	0	0	0	3	0	0	0	0	0	0	0	1	1	1	0	1	1	3	0	0	0	0	3	0	0	3	0	0
"cell84"	1	3	3	1	1	1	1	0	1	1	1	1	1	3	0	0	1	0	0	0	0	0	0	0	0	0	0	1	1	3	1	1	1	0	0	0	3	0	0	0	0	3	0	0
"cell85"	1	1	1	1	1	3	3	1	0	1	1	3	1	0	0	0	0	0	0	0	0	0	0	0	3	0	3	1	1	1	1	0	1	0	0	0	0	0	0	0	0	3	0	0
"cell86"	3	0	1	1	1	1	0	1	1	1	1	3	3	0	0	0	0	0	0	0	0	0	0	0	0	0	0	1	1	1	1	3	1	0	0	3	0	0	3	3	0	0	0	3
"cell87"	3	1	1	1	1	1	3	1	1	1	1	1	0	3	0	3	0	0	0	0	0	0	0	0	0	0	0	1	1	0	1	1	0	0	0	0	3	3	0	3	0	0	0	0
"cell88"	3	0	1	1	1	1	1	0	3	1	1	1	1	3	0	0	0	3	0	0	0	3	0	0	0	0	0	0	1	0	0	1	1	0	0	0	0	3	0	0	0	0	0	0
"cell89"	1	1	1	1	1	1	0	0	0	3	3	1	1	0	3	0	0	0	0	0	3	0	3	0	3	0	0	1	0	1	1	1	1	3	0	0	3	0	0	0	0	0	0	0
"cell90"	1	3	1	1	1	0	1	1	3	1	1	0	1	3	0	0	0	3	0	0	0	0	0	0	0	0	0	0	3	3	1	1	1	0	0	0	0	0	3	0	0	0	0	3
"cell91"	1	1	1	1	1	1	1	0	1	1	3	3	1	0	0	0	0	0	0	0	0	0	0	3	0	0	0	1	1	1	1	3	3	0	0	0	0	0	0	3	3	3	0	0
"cell92"	1	1	1	3	3	1	1	0	1	1	1	1	1	3	3	0	0	3	0	3	0	0	3	0	0	0	0	1	3	1	0	1	3	0	0	3	3	0	0	0	0	0	0	0
"cell93"	1	3	3	3	1	3	0	1	1	1	1	3	1	0	0	0	0	3	3	3	0	0	0	0	0	0	0	1	1	3	3	1	0	3	0	0	3	3	3	0	3	3	0	3
"cell94"	1	1	1	1	1	1	0	0	1	1	3	1	1	0	3	0	0	0	3	0	0	3	0	0	0	0	0	1	1	1	3	3	1	0	3	0	0	3	0	0	0	0	0	0
"cell95"	1	1	0	1	3	0	1	3	3	3	1	1	1	0	0	0	0	0	0	0	0	0	0	0	3	0	0	3	1	3	1	0	1	3	0	0	0	0	3	3	0	3	3	0
"cell96"	1	1	1	1	0	1	1	1	3	0	1	3	3	0	3	3	0	0	3	0	0	3	0	3	0	3	0	1	1	1	1	1	1	3	3	0	0	0	0	0	0	0	3	0
"cell97"	1	1	1	1	0	3	1	1	3	3	0	3	1	0	0	0	0	0	0	3	0	0	0	0	0	0	0	3	0	1	3	1	1	0	3	3	0	0	0	3	0	0	0	0
"cell98"	1	1	1	1	3	1	3	1	1	1	0	3	3	3	0	0	0	0	0	0	3	0	3	3	0	3	0	1	0	1	1	0	3	0	0	0	3	0	0	0	3	3	0	0
"cell99"	1	0	1	0	3	1	1	0	1	1	0	1	1	3	0	3	0	0	0	0	0	0	0	0	1	3	3	1	1	0	1	1	1	0	0	0	0	0	0	3	0	0	3	0
"cell100"	1	1	0	3	3	1	1	1	1	0	3	0	1	3	3	0	0	0	0	0	0	0	0	3	0	3	0	1	0	1	1	0	1	0	0	0	0	0	0	0	0	0	0	0
"cell101"	3	1	0	1	3	1	1	3	1	1	1	1	1	3	0	0	0	0	3	0	0	0	0	3	0	0	0	1	1	1	1	1	1	0	0	0	0	0	3	0	0	0	0	3
"cell102"	1	1	1	1	1	1	1	0	3	1	1	1	1	0	0	0	0	3	3	0	0	0	3	0	0	0	0	1	3	1	1	1	1	0	0	3	0	3	3	0	0	3	0	0
"cell103"	1	1	3	3	0	3	1	1	3	1	3	1	1	3	0	0	0	0	0	0	0	0	0	0	0	0	0	1	0	0	1	3	3	0	0	3	0	0	0	0	0	0	0	0
"cell104"	1	3	3	1	1	1	0	1	0	1	0	1	1	0	0	0	0	0	0	3	0	0	0	0	0	0	3	1	1	1	0	1	0	0	0	0	1	0	0	0	0	3	0	0
"cell105"	1	1	0	1	1	3	1	1	0	1	0	1	0	0	0	0	0	0	3	0	3	0	3	0	0	0	0	1	1	1	3	1	3	0	0	0	0	0	0	0	3	0	3	0
"cell106"	0	1	1	3	1	1	1	1	1	3	1	0	1	0	3	0	3	0	0	3	0	0	3	3	0	0	0	1	3	1	1	1	1	0	0	0	0	0	0	0	3	0	0	3
"cell107"	1	1	1	3	1	0	1	3	1	0	0	3	1	0	0	0	3	0	0	0	3	0	0	3	0	0	0	1	3	0	3	1	0	3	0	0	0	0	0	3	3	0	0	0
"cell108"	0	1	3	1	1	1	0	1	1	1	1	1	1	0	0	0	0	1	0	0	0	0	0	0	1	0	0	1	3	1	1	1	1	0	0	0	0	0	0	0	0	0	3	0
"cell109"	3	1	1	1	3	1	1	1	1	1	1	3	3	0	3	0	0	0	3	3	0	0	3	0	0	0	0	0	3	1	1	0	1	0	0	1	0	3	0	0	0	3	0	0
"cell110"	1	3	1	3	1	1	0	0	1	1	3	1	0	0	3	0	0	0	0	0	0	0	0	0	0	0	0	1	1	1	0	1	3	0	0	0	0	0	0	0	0	3	0	0
"cell111"	1	1	1	3	0	3	1	1	1	0	3	3	1	0	0	0	0	1	0	3	0	0	3	0	0	0	3	0	0	1	1	1	1	0	0	0	0	0	0	0	0	0	3	3
"cell112"	1	1	0	1	1	1	1	0	0	3	1	3	1	0	0	0	0	0	0	0	0	0	0	0	0	0	3	0	1	3	0	1	1	0	0	0	0	0	0	0	0	0	0	0
"cell113"	1	3	1	1	1	1	3	3	1	1	1	0	0	0	0	0	0	1	3	0	3	0	0	3	0	0	0	1	3	1	1	3	1	0	0	0	3	3	3	0	0	0	0	0
"cell114"	1	1	1	1	3	1	1	1	3	0	1	0	1	3	0	0	0	3	3	0	0	0	0	0	0	3	0	1	1	0	0	1	1	3	0	0	3	3	0	3	0	0	3	0
"cell115"	1	3	1	1	3	1	0	1	0	3	1	1	0	3	3	3	3	0	0	0	0	0	0	3	0	0	0	0	1	0	1	0	0	3	3	0	0	0	3	3	0	0	0	0
"cell116"	1	1	3	3	1	0	1	1	0	1	1	1	1	3	3	0	0	0	0	3	0	0	0	3	0	0	0	1	1	0	1	1	0	0	0	0	1	0	3	0	0	0	0	0
"cell117"	3	1	3	1	1	1	1	1	3	1	1	1	0	3	0	0	0	0	0	0	0	0	0	3	3	0	0	1	1	0	1	1	1	0	0	3	3	0	0	0	0	0	0	3
"cell118"	1	1	1	1	1	3	1	3	0	0	1	1	3	0	0	0	0	0	0	0	0	0	0	0	0	0	0	1	1	1	0	1	3	0	0	3	3	0	0	3	0	0	0	0
"cell119"	1	1	1	3	1	1	3	1	1	1	3	0	1	0	0	0	0	0	0	3	0	0	0	0	0	0	0	0	3	1	1	1	3	3	0	0	3	0	0	0	0	3	0	0
"cell120"	0	1	1	1	3	0	1	3	1	1	0	3	0	3	0	0	0	3	3	3	0	0	0	0	0	0	3	1	1	3	1	1	3	0	3	0	0	0	0	0	3	0	0	0
"cell121"	1	1	0	1	1	3	3	1	3	1	1	1	1	0	0	0	0	3	0	0	0	0	0	3	0	3	0	0	3	1	1	1	0	0	0	0	0	3	0	0	0	0	0	0
"cell122"	1	1	1	1	1	1	1	0	1	1	1	1	1	0	3	0	0	3	3	0	0	0	0	0	0	0	0	1	1	3	0	3	1	0	0	0	0	3	0	3	3	0	0	3
"cell123"	1	3	3	3	1	1	1	0	0	1	1	1	1	0	3	0	0	3	0	0	0	0	0	0	3	0	0	1	1	1	1	1	1	0	0	0	3	0	3	3	0	3	0	0
"cell124"	1	1	3	1	3	1	1	1	1	1	3	1	3	0	0	0	0	0	3	0	0	3	0	0	0	0	3	1	1	1	1	1	1	3	0	0	0	0	0	0	0	0	0	3
"cell125"	0	1	0	3	1	0	0	1	1	1	1	1	1	0	0	3	0	0	0	0	0	0	0	0	0	0	0	1	1	3	1	3	0	0	0	0	0	0	0	0	0	0	0	0
"cell126"	1	0	1	3	1	1	0	0	1	0	1	1	3	0	3	0	0	0	0	0	0	0	3	0	0	3	0	1	1	1	1	1	1	0	0	0	0	0	3	0	0	0	0	0
"cell127"	1	3	1	1	1	1	1	1	1	1	0	0	1	3	0	0	3	3	0	0	0	0	0	0	0	0	0	1	1	0	1	1	1	0	0	0	0	0	0	0	0	0	0	0
"cell128"	3	1	1	3	0	1	3	1	1	0	1	1	1	3	0	0	0	0	3	0	0	3	3	0	0	0	0	0	3	1	1	0	0	0	0	0	0	0	0	0	3	0	0	0
"cell129"	3	3	1	3	1	0	1	1	3	1	1	1	1	0	0	0	3	0	3	0	0	3	0	0	0	0	0	0	1	0	1	1	1	0	0	0	0	3	0	0	0	0	0	0
"cell130"	1	1	1	1	1	1	1	3	1	3	1	1	1	0	0	0	0	0	0	0	3	0	0	0	0	0	0	1	1	0	1	0	1	0	3	0	3	0	0	0	0	0	0	0
"cell131"	1	1	3	1	1	1	3	0	1	3	1	1	1	0	0	0	3	0	0	3	0	0	0	0	3	0	3	1	3	1	1	1	1	0	0	0	0	0	0	3	0	0	0	0
"cell132"	1	1	1	3	0	1	1	1	1	3	1	1	1	0	0	0	0	0	0	0	0	0	0	0	0	0	0	0	0	1	1	0	1	0	0	0	0	3	0	3	0	0	0	0
"cell133"	3	1	0	0	1	1	1	1	3	1	0	1	3	0	0	0	0	0	0	0	0	3	0	0	3	0	0	1	0	3	0	1	3	0	0	0	0	3	0	3	0	3	0	0
"cell134"	3	1	0	0	1	1	1	1	1	1	0	1	3	0	0	0	0	0	0	0	0	0	0	3	0	0	3	1	1	3	1	1	1	0	0	0	0	0	0	0	0	0	0	0
"cell135"	0	0	3	3	3	3	1	1	3	1	1	1	1	3	0	0	0	3	0	0	0	3	3	0	0	3	0	3	1	3	3	0	0	1	0	3	0	0	0	0	0	3	0	0
"cell136"	3	1	1	1	0	3	3	1	1	1	1	1	3	0	0	0	0	0	3	0	3	3	0	0	0	0	0	1	0	1	1	1	1	0	0	3	3	0	0	0	0	0	0	0
"cell137"	1	1	3	3	1	0	1	1	1	3	1	0	1	3	0	0	3	0	0	0	0	0	3	0	0	0	0	1	1	3	1	1	1	0	0	0	0	0	0	0	0	3	0	0
"cell138"	3	1	1	3	1	0	1	1	1	1	1	1	3	0	0	0	0	3	0	0	0	0	3	0	3	3	0	1	0	1	0	1	1	0	0	0	0	0	0	0	0	3	0	0
"cell139"	0	1	1	1	0	1	1	3	1	1	0	1	1	0	0	1	0	0	0	0	3	0	0	0	0	3	0	3	3	1	0	1	1	0	0	0	0	0	0	0	0	0	3	3
"cell140"	1	3	0	3	1	1	0	3	3	0	3	1	1	3	0	0	3	0	0	0	3	0	0	0	3	0	0	1	1	0	0	0	0	0	0	0	0	0	0	0	3	0	0	0
"cell141"	1	1	1	1	0	3	1	1	1	0	3	3	1	3	0	3	0	0	0	0	0	0	3	0	0	0	3	1	1	1	1	3	1	3	3	3	0	0	0	0	3	3	0	0
"cell142"	1	0	0	0	0	3	1	1	1	1	0	3	1	0	0	3	3	0	3	0	0	0	3	0	0	3	3	1	1	3	1	3	0	0	0	0	0	0	0	0	0	0	0	0
"cell143"	1	1	1	1	3	3	1	0	1	3	1	1	3	0	3	3	0	0	3	0	0	3	3	0	0	0	0	1	1	1	1	1	1	3	3	0	0	0	0	0	0	3	0	0
"cell144"	1	1	1	3	3	1	1	1	3	1	1	1	3	0	0	0	0	0	0	0	0	0	0	0	0	0	0	3	3	1	1	1	0	3	0	0	3	0	3	3	0	0	0	0
"cell145"	3	1	1	1	1	1	3	0	1	0	3	3	3	0	3	0	0	0	0	0	0	0	0	0	3	0	3	0	1	1	1	1	1	0	0	0	0	1	0	0	0	0	0	0
"cell146"	1	1	0	1	1	1	1	1	1	1	1	3	1	0	0	0	3	0	0	0	3	0	0	0	0	0	0	1	1	1	1	1	3	0	0	0	0	0	0	0	0	0	0	3
"cell147"	1	3	1	1	1	1	3	0	1	1	1	0	1	0	0	0	3	0	0	0	0	3	0	3	0	0	0	1	1	3	0	0	1	0	0	0	0	0	3	0	0	0	3	0
"cell148"	3	3	1	1	1	1	1	1	3	0	1	1	1	0	3	0	0	3	0	0	0	0	0	0	3	0	3	1	0	1	1	1	1	0	0	3	0	0	0	0	0	0	0	0
"cell149"	3	1	3	1	3	1	1	1	1	3	0	1	1	0	3	3	3	3	3	0	0	0	0	0	3	0	0	1	1	3	0	3	1	3	0	0	0	0	0	0	0	3	0	0
"cell150"	3	0	0	1	1	1	3	1	1	0	1	1	0	0	0	0	3	0	0	0	0	0	3	0	0	0	0	3	1	1	1	1	1	0	0	0	1	0	0	0	0	0	0	0
"cell151"	0	0	1	1	3	1	1	3	1	1	1	1	0	0	0	0	0	0	0	3	0	0	0	0	0	0	0	1	1	3	1	1	1	0	0	0	0	0	0	3	0	0	0	0
"cell152"	1	1	3	3	3	1	0	1	1	1	1	1	1	0	0	0	3	0	0	3	0	0	0	0	0	0	0	1	1	1	1	1	1	0	0	0	0	0	0	0	0	0	0	3
"cell153"	0	0	0	1	3	1	1	1	1	3	1	3	3	0	0	0	0	3	3	3	0	0	0	3	0	0	0	1	1	3	1	0	0	0	3	3	0	3	0	0	3	0	0	0
"cell154"	3	0	1	3	1	1	0	1	1	3	0	1	1	0	0	3	0	3	0	0	0	0	0	1	3	3	0	1	1	3	1	3	1	0	0	0	3	0	0	0	0	0	0	0
"cell155"	1	1	3	1	0	1	1	1	0	0	1	1	3	0	0	0	3	0	3	0	0	0	0	0	0	0	3	0	1	1	3	1	3	0	0	0	0	0	0	0	0	0	3	0
"cell156"	1	1	3	3	1	3	1	1	0	1	3	1	3	0	0	0	0	0	3	0	0	0	3	0	0	0	0	0	1	1	3	1	1	0	0	0	0	3	0	0	0	0	0	0
"cell157"	0	0	1	1	1	1	0	0	1	3	0	1	1	0	0	0	0	1	0	1	3	0	0	0	0	0	0	1	1	1	3	1	1	0	3	0	0	0	3	0	0	3	0	0
"cell158"	1	1	1	1	1	0	1	0	3	3	1	3	1	0	0	0	3	0	0	0	0	3	3	0	0	0	0	1	1	1	0	1	1	0	3	0	0	0	0	0	0	0	0	0
"cell159"	1	0	1	0	3	3	1	1	3	1	3	0	1	0	0	0	0	3	0	0	0	0	3	0	0	3	0	3	0	1	1	0	3	0	3	0	0	3	3	0	0	0	0	0
"cell160"	1	1	0	1	1	1	1	0	3	3	3	3	1	0	3	3	0	0	0	0	3	0	0	0	0	0	0	1	1	1	1	1	1	0	0	0	0	0	0	0	0	3	0	0
"cell161"	1	1	3	1	1	1	1	1	3	1	1	3	1	0	0	0	3	0	0	0	0	0	0	0	3	0	0	1	1	1	1	1	3	0	0	0	0	0	0	0	0	0	3	3
"cell162"	0	1	1	1	1	1	1	1	1	1	1	1	1	0	0	0	0	0	0	0	0	0	0	0	0	0	0	1	1	3	1	1	1	3	0	0	0	0	0	0	0	0	0	0
"cell163"	1	1	1	1	1	1	3	3	0	1	1	1	1	0	0	0	0	0	0	0	0	3	0	0	0	3	0	1	3	0	1	1	3	0	0	0	0	0	0	0	0	3	0	0
"cell164"	1	1	0	1	1	1	1	1	0	1	1	1	3	0	0	0	3	3	0	0	3	0	0	0	0	0	0	0	1	1	0	0	1	3	0	1	0	0	0	0	0	3	0	0
"cell165"	1	1	3	3	1	1	1	1	1	1	1	3	1	0	0	1	0	0	3	3	3	0	0	0	0	0	0	1	1	1	1	3	3	0	3	3	0	0	0	0	0	0	0	0
"cell166"	0	1	1	1	1	1	1	0	0	1	3	1	0	0	0	0	0	0	3	0	0	0	0	0	0	0	3	1	1	0	1	1	1	0	1	0	0	3	0	0	0	0	3	0
"cell167"	0	3	1	1	1	1	1	1	1	0	0	0	1	3	0	0	0	0	0	0	0	3	0	0	0	0	0	3	3	1	1	1	0	0	0	0	3	0	0	0	0	0	0	0
"cell168"	1	3	1	3	1	3	1	1	1	3	1	1	1	0	0	0	0	0	3	3	0	0	3	0	0	0	0	3	1	1	1	3	3	0	0	0	0	0	0	0	3	0	3	0
"cell169"	3	1	0	1	1	3	1	3	1	1	3	1	1	0	0	3	0	0	0	3	0	0	3	0	0	0	0	1	1	3	3	1	1	0	3	0	0	0	0	0	3	0	0	0
"cell170"	1	3	1	1	3	1	1	1	0	1	1	3	1	0	0	0	0	0	0	0	0	3	3	0	0	0	0	0	3	3	3	3	0	0	0	0	0	3	0	3	0	0	0	0
"cell171"	3	1	1	1	1	1	1	1	3	0	1	1	1	0	0	0	0	0	0	0	0	0	3	0	0	0	0	3	1	1	0	1	1	0	3	0	3	3	0	0	0	0	0	3
"cell172"	1	1	1	1	1	0	1	1	1	3	1	1	3	3	0	0	3	0	0	0	0	0	0	0	0	3	0	1	1	3	1	1	1	3	3	0	1	0	0	0	0	0	0	0
"cell173"	0	1	1	1	0	1	1	1	3	3	1	1	1	3	0	0	0	3	0	0	0	0	0	0	1	0	0	1	1	3	1	3	1	0	0	0	0	0	0	0	3	3	0	0
"cell174"	1	0	3	1	1	1	3	1	1	3	1	1	1	3	3	0	0	0	0	0	3	3	0	3	0	0	0	1	1	0	3	1	1	0	3	0	0	0	0	3	3	0	0	0
"cell175"	3	1	1	0	1	1	0	1	1	1	3	1	1	0	0	0	0	0	0	3	0	0	0	0	0	0	0	1	1	3	1	0	1	0	0	0	3	0	0	0	3	0	3	3
"cell176"	1	0	1	1	0	1	1	1	1	1	1	1	1	3	3	0	0	0	0	0	0	0	0	0	1	0	0	1	1	0	1	3	1	0	3	0	0	3	3	0	0	3	0	0
"cell177"	1	3	1	1	0	1	3	1	1	1	0	1	1	0	0	0	0	0	0	0	0	3	0	3	3	0	0	1	1	3	3	1	0	0	0	0	0	0	0	3	0	0	0	0
"cell178"	1	1	3	1	1	1	1	1	1	0	1	0	1	0	0	3	0	0	0	0	0	0	0	3	3	0	0	3	0	1	0	1	1	0	0	0	0	0	0	0	3	3	0	0
"cell179"	3	1	3	1	1	1	1	1	0	1	1	1	1	0	3	0	0	0	0	0	0	3	0	0	0	3	0	0	1	1	1	0	1	0	0	0	0	0	0	0	0	0	0	0
"cell180"	3	1	0	1	3	3	3	1	1	0	1	3	1	3	0	3	0	0	3	0	0	3	0	0	0	3	0	1	1	1	1	0	3	0	0	1	0	0	0	0	0	0	0	3
"cell181"	1	0	1	1	1	1	1	0	3	1	1	1	1	0	0	3	3	0	3	0	0	0	0	0	0	0	0	1	1	3	0	1	1	0	0	0	0	0	0	0	0	0	0	3
"cell182"	1	1	3	1	3	1	1	1	1	1	0	0	1	0	3	0	0	0	0	0	0	0	0	0	3	0	3	1	1	1	1	3	0	3	0	0	0	0	0	0	3	0	0	3
"cell183"	0	0	3	1	1	1	0	1	1	1	1	1	3	0	0	0	0	0	3	0	0	3	0	3	3	0	0	1	3	1	1	1	1	3	0	0	0	0	3	0	0	0	3	0
"cell184"	0	3	1	1	1	3	3	1	1	3	0	1	1	0	0	0	0	0	0	0	0	0	3	0	0	3	0	1	1	1	1	0	1	3	3	0	0	0	3	0	0	0	0	3
"cell185"	1	1	3	1	1	1	1	0	1	1	1	1	1	3	3	0	0	0	0	0	3	0	0	0	0	0	0	1	1	0	1	1	3	0	3	0	0	0	0	3	3	0	3	3
"cell186"	1	1	3	1	1	1	0	3	1	1	1	3	1	0	0	0	0	0	0	0	0	3	0	0	0	3	0	1	1	1	0	1	1	0	0	0	0	0	0	0	0	0	3	3
"cell187"	3	1	1	1	0	1	0	1	3	0	0	1	1	3	3	3	0	0	0	0	0	0	3	3	0	0	0	1	1	1	0	0	1	3	0	0	3	0	0	0	0	0	0	3
"cell188"	1	0	3	0	3	1	1	3	1	1	1	1	1	3	3	0	0	0	0	0	0	0	3	0	0	0	0	1	1	3	0	3	1	0	0	0	0	3	3	0	0	0	0	3
"cell189"	1	1	1	3	1	3	0	3	3	0	1	1	0	0	3	3	3	0	0	0	0	0	0	3	0	0	0	1	3	1	1	1	3	3	0	0	0	0	0	0	0	0	0	3
"cell190"	3	1	3	3	3	1	0	0	1	1	1	3	1	0	3	0	0	3	0	0	0	0	0	0	0	0	0	1	1	3	1	0	1	0	0	0	0	3	0	3	0	0	0	3
"cell191"	1	1	1	0	1	0	1	3	1	1	1	1	1	3	0	0	0	0	3	0	3	3	0	0	3	0	0	3	0	0	1	1	1	0	0	3	1	0	0	0	0	0	0	0
"cell192"	0	1	1	0	3	1	3	0	0	3	1	1	1	0	3	0	0	0	0	0	3	0	0	0	0	0	3	3	1	0	1	1	1	0	0	3	0	3	0	0	0	0	3	3
"cell193"	0	1	3	1	3	1	0	1	0	0	0	3	0	0	3	0	0	0	0	0	0	0	0	0	0	0	0	1	0	0	0	3	0	0	0	0	3	3	0	3	0	3	3	0
"cell194"	1	1	1	1	3	1	1	3	0	1	0	0	1	0	0	3	3	0	0	0	0	0	0	0	0	0	0	1	3	3	1	0	1	0	0	3	0	0	3	0	0	0	0	3
"cell195"	1	1	1	1	0	1	0	1	1	0	3	1	3	0	0	0	0	0	0	0	0	0	3	0	0	0	0	0	0	1	3	3	0	0	3	3	0	0	0	0	0	0	0	3
"cell196"	3	1	1	1	1	0	1	1	0	1	1	1	0	0	0	0	0	0	0	0	0	0	0	3	0	0	0	1	1	3	0	1	0	0	0	0	0	0	0	0	3	3	3	0
"cell197"	1	3	1	1	3	0	3	1	1	1	1	3	0	0	0	0	0	0	0	0	0	3	0	0	0	0	0	1	3	0	0	0	3	0	0	0	0	0	0	0	0	0	0	0
"cell198"	3	1	3	3	3	1	1	0	0	0	1	1	0	0	0	0	0	0	0	3	0	3	0	0	0	3	0	1	1	1	1	1	3	3	0	0	0	0	0	0	0	3	0	0
"cell199"	1	1	1	1	1	1	0	0	1	1	1	1	3	0	0	0	0	0	3	3	0	0	0	0	3	3	0	1	1	1	1	1	1	0	0	0	3	0	3	0	0	0	0	0
"cell200"	1	1	1	3	1	1	3	0	0	0	1	1	1	0	0	0	0	0	3	0	0	0	0	0	0	0	0	1	1	1	3	1	1	0	0	0	0	0	0	0	0	0	0	0
"cell201"	3	3	1	3	0	1	1	1	3	1	1	0	1	0	0	0	0	0	0	0	0	0	3	0	0	0	0	0	1	1	3	1	3	0	3	0	3	0	0	0	3	0	0	0
"cell202"	1	3	1	3	1	0	3	3	1	0	0	1	3	0	0	3	0	0	0	0	0	3	0	0	3	0	3	1	1	3	3	1	1	0	0	0	0	0	3	3	0	3	3	0
"cell203"	3	0	3	1	1	1	3	1	0	1	0	1	1	0	0	0	0	0	0	0	0	0	0	0	0	0	0	1	1	3	1	1	3	0	0	0	0	0	0	0	0	0	0	3
"cell204"	1	1	0	1	1	1	0	1	1	0	1	3	3	0	0	0	0	3	0	0	0	0	0	3	0	0	0	1	0	3	0	0	0	0	0	0	0	0	3	0	0	0	1	0
"cell205"	1	1	1	1	1	1	1	1	3	1	3	1	1	0	3	3	3	0	0	0	0	0	0	0	0	3	0	1	3	3	1	0	1	3	3	0	0	0	0	0	0	0	0	0
"cell206"	0	1	0	1	0	1	1	3	1	1	1	1	0	0	3	0	0	0	0	0	0	0	3	0	0	0	0	1	0	3	1	1	1	0	0	0	3	3	0	0	3	0	0	0
"cell207"	1	3	1	1	1	1	3	0	1	1	1	1	1	0	0	0	0	0	0	3	3	0	0	3	0	0	0	3	1	0	1	1	1	0	0	0	0	0	3	0	0	0	0	0
"cell208"	1	1	1	1	1	1	3	1	1	1	0	1	1	3	0	0	3	0	3	0	0	0	0	3	0	0	0	1	1	1	0	0	1	0	0	3	0	0	3	1	0	0	3	3
"cell209"	3	3	1	1	1	1	3	1	1	3	1	3	1	0	3	0	0	3	0	0	0	3	3	3	3	0	0	0	1	3	1	3	0	3	0	0	0	3	0	0	0	0	0	0
"cell210"	0	1	1	0	1	1	1	1	0	0	1	1	0	0	0	0	0	0	3	0	3	3	3	0	0	0	0	3	1	1	1	1	3	0	0	0	0	0	0	0	0	0	0	0
"cell211"	1	3	0	1	1	1	3	1	1	1	0	1	1	0	0	0	0	0	0	0	0	0	0	3	0	0	0	1	0	1	3	1	3	0	0	3	0	0	0	3	0	0	0	0
"cell212"	1	0	3	1	3	1	1	3	1	1	1	1	1	0	0	3	0	3	0	0	0	0	0	0	0	0	0	1	1	1	1	3	1	0	0	0	0	0	0	0	0	0	0	0
"cell213"	1	1	0	1	0	1	1	1	1	1	1	1	1	0	3	0	0	0	0	0	0	3	3	3	3	0	0	1	1	1	3	0	3	0	0	0	3	3	3	3	0	3	0	0
"cell214"	3	1	1	1	3	1	1	1	1	1	1	1	1	0	3	0	0	0	0	0	0	0	0	0	0	0	0	0	0	1	1	1	0	0	0	0	0	0	0	0	0	0	0	0
"cell215"	0	3	1	1	1	3	0	1	1	1	1	3	1	3	3	0	0	0	3	0	0	0	0	0	0	0	0	3	1	3	1	1	0	3	0	0	0	0	0	0	0	0	0	0
"cell216"	1	1	1	3	1	1	1	3	1	0	0	3	1	3	0	0	0	3	0	0	0	0	0	0	3	0	0	1	1	1	3	1	1	0	0	0	0	0	0	0	3	0	3	0
"cell217"	3	1	1	1	1	1	0	1	0	1	3	1	1	0	0	0	0	0	3	0	3	0	0	3	0	0	3	3	0	1	0	0	3	3	3	0	3	0	3	0	0	0	0	0
"cell218"	0	3	0	1	1	0	1	1	0	0	0	1	1	0	0	0	3	3	0	0	3	0	3	0	3	3	0	1	1	3	1	3	1	0	0	0	0	0	0	0	0	0	0	0
"cell219"	1	0	1	1	3	1	0	3	3	3	1	1	1	0	3	0	0	0	0	0	0	0	0	0	0	3	0	1	3	1	1	1	3	0	3	3	0	0	0	0	0	0	0	0
"cell220"	3	1	1	3	1	1	1	1	1	0	3	1	3	0	0	0	3	0	0	3	3	0	3	0	3	3	0	3	0	1	1	3	1	0	0	0	0	3	0	0	0	3	0	0
"cell221"	1	0	3	0	1	1	1	1	0	3	1	0	1	0	0	0	0	0	0	3	0	3	0	0	0	0	0	1	3	1	1	0	1	0	3	0	0	0	0	0	0	0	3	0
"cell222"	1	1	1	3	1	1	1	3	1	1	3	1	0	0	0	0	0	0	0	0	3	0	0	0	3	0	0	3	1	1	1	1	3	0	3	0	0	3	0	0	0	0	0	0
"cell223"	1	1	1	1	1	3	1	3	1	1	1	1	3	0	0	0	0	0	3	0	3	0	0	0	0	0	0	1	0	1	1	1	1	0	0	0	3	3	0	0	3	0	0	0
"cell224"	3	1	0	3	3	1	1	1	0	1	1	3	1	3	0	0	0	0	0	0	3	0	0	0	3	0	0	3	1	1	1	3	1	0	0	0	0	0	0	0	0	0	3	0
"cell225"	3	1	1	1	1	1	1	1	1	1	0	1	0	0	0	0	0	3	0	0	1	3	3	0	0	0	0	3	3	0	1	0	1	0	0	3	0	3	0	0	3	0	0	3
"cell226"	3	1	1	3	1	3	1	0	1	1	1	1	1	0	3	0	1	0	0	0	0	0	0	0	0	3	0	1	1	0	1	1	3	0	0	0	0	0	0	0	0	3	0	0
"cell227"	3	3	1	1	1	1	1	1	3	1	1	3	1	0	0	3	0	3	0	0	0	0	0	0	3	0	0	0	1	3	1	1	1	0	3	0	0	0	0	3	0	0	0	0
"cell228"	0	1	1	1	3	1	3	1	3	1	1	1	1	3	0	0	0	0	0	3	0	0	3	3	0	0	0	3	0	1	3	1	1	0	0	3	0	0	0	0	3	0	0	0
"cell229"	0	1	1	1	0	1	1	1	1	1	1	3	3	0	0	3	0	0	3	0	3	3	0	0	0	0	0	3	0	1	3	1	1	0	0	0	0	3	0	0	0	3	0	0
"cell230"	0	1	1	3	1	1	1	1	1	1	0	1	1	0	0	3	0	0	0	0	0	0	0	0	0	0	0	1	1	1	1	0	1	0	0	3	0	0	0	0	0	0	3	0
"cell231"	0	0	1	1	1	1	0	3	1	1	1	0	1	0	3	0	0	3	3	0	0	0	0	3	0	0	0	3	1	0	1	1	1	0	0	0	0	0	0	0	3	0	0	0
"cell232"	3	3	1	1	1	3	1	3	1	1	3	1	3	0	0	0	0	0	0	0	3	0	0	0	0	0	0	3	1	1	3	1	3	0	0	3	0	0	3	0	0	0	0	0
"cell233"	1	1	1	3	1	1	1	0	3	1	1	3	1	0	0	0	0	0	0	0	0	0	0	0	0	0	0	1	1	3	1	1	1	0	0	0	0	0	0	0	0	3	0	0
"cell234"	1	1	3	1	1	1	1	1	1	0	1	1	0	0	0	0	0	3	0	0	0	0	0	0	0	0	0	1	0	1	1	1	1	0	0	0	3	0	0	3	0	0	3	0
"cell235"	1	3	1	1	1	1	1	1	1	1	0	0	1	3	0	3	0	3	0	0	0	0	3	0	3	0	0	1	1	1	1	1	1	0	0	0	0	0	0	0	0	0	0	0
"cell236"	1	1	0	1	1	1	1	1	3	1	1	1	3	0	0	0	0	0	0	0	0	0	0	0	0	0	0	3	3	1	1	1	1	0	3	0	0	0	0	0	0	3	0	0
"cell237"	1	0	1	1	3	1	0	3	1	1	1	1	1	0	0	3	0	0	0	0	0	3	3	0	0	3	0	3	1	1	3	3	1	0	0	0	0	0	0	0	3	3	0	0
"cell238"	1	1	1	1	0	1	0	1	3	1	1	3	1	0	0	0	1	0	0	0	3	0	0	3	3	0	0	3	1	1	1	0	1	3	0	3	3	0	0	3	0	0	0	3
"cell239"	3	1	0	0	1	0	3	3	1	1	0	3	1	0	3	3	0	0	0	0	0	0	3	3	0	0	0	3	1	1	1	1	1	3	0	3	0	0	3	3	0	0	0	0
"cell240"	1	0	0	0	1	1	3	1	0	1	1	1	1	0	3	3	3	0	0	3	0	0	0	0	3	3	3	3	1	1	1	1	1	0	3	0	0	0	0	3	0	0	0	0
"cell241"	0	1	3	3	1	1	1	1	1	0	1	3	1	3	0	0	0	0	0	0	0	0	1	0	0	0	0	1	3	1	3	1	1	0	0	0	0	0	0	0	0	0	0	0
"cell242"	3	1	0	1	1	1	1	3	1	3	1	1	1	3	0	0	0	0	0	0	0	0	0	0	0	0	0	1	1	0	1	1	1	0	0	0	0	0	0	1	3	0	0	0
"cell243"	1	1	1	3	1	1	1	3	1	1	1	1	1	0	0	0	0	0	3	0	3	0	0	0	0	0	3	1	0	0	1	1	1	0	3	0	0	0	0	0	0	0	0	0
"cell244"	3	3	1	1	0	1	3	1	1	3	1	1	0	0	0	0	0	0	0	0	3	3	0	3	3	0	0	1	3	1	1	3	3	3	0	0	3	0	0	3	0	0	0	0
"cell245"	0	1	1	3	3	1	1	3	3	1	0	1	1	0	0	3	0	3	0	0	3	3	3	0	3	0	0	3	1	1	1	0	1	0	0	0	0	0	0	0	0	0	0	0
"cell246"	3	3	1	0	1	1	3	1	0	0	1	1	0	0	0	0	0	0	0	0	0	1	0	3	0	0	0	0	3	1	1	1	0	0	3	3	0	0	3	0	0	0	0	0
"cell247"	0	3	1	1	1	1	1	1	1	1	1	1	1	0	3	3	0	0	0	0	3	0	0	0	0	0	3	1	1	1	1	1	1	0	0	0	0	3	0	0	0	0	3	0
"cell248"	1	1	0	1	1	3	3	1	1	1	1	1	1	0	0	0	3	0	0	0	0	3	0	3	0	0	1	1	1	1	1	1	1	0	0	0	0	3	0	3	0	0	0	3
"cell249"	0	3	1	1	1	0	1	1	1	1	1	1	1	0	0	0	0	0	0	0	3	0	0	3	0	0	3	1	1	1	3	0	1	0	0	0	0	0	3	0	0	0	0	0
"cell250"	3	3	1	3	3	0	1	3	1	1	1	1	3	0	0	3	0	3	0	0	0	0	0	0	0	0	0	1	1	1	1	1	1	3	0	0	3	0	0	0	0	0	0	0
"cell251"	3	1	1	1	3	1	1	1	0	3	1	1	1	0	0	0	0	0	3	0	0	0	0	0	0	0	0	1	1	1	1	0	0	0	0	3	0	3	3	3	0	3	0	0
"cell252"	1	0	1	1	1	0	1	3	3	1	1	1	1	0	0	0	0	0	0	3	0	0	3	0	3	0	0	1	3	3	1	0	1	0	0	0	0	0	0	0	0	0	0	0
"cell253"	1	1	1	3	1	1	0	1	0	1	1	3	0	0	0	3	0	0	3	0	0	3	3	0	0	0	0	1	3	1	1	3	1	0	3	3	0	0	0	0	0	0	0	0
"cell254"	1	3	1	1	1	1	1	0	0	0	0	1	3	0	3	0	0	0	0	1	0	3	0	0	3	0	3	1	3	1	1	0	1	0	0	0	0	0	0	3	0	0	0	0
"cell255"	3	0	1	1	1	1	1	1	1	1	3	1	1	3	0	0	3	0	0	0	0	0	0	0	0	0	1	1	1	1	3	1	1	3	3	0	0	0	0	0	3	0	0	0
"cell256"	3	1	1	1	0	1	1	1	0	1	3	1	1	0	0	0	0	0	3	0	0	0	0	3	3	3	0	1	1	1	1	1	1	3	3	0	0	0	0	0	0	0	3	0
"cell257"	1	3	3	1	1	1	1	1	1	0	1	1	1	3	0	3	0	0	0	3	0	0	3	0	0	3	0	1	0	1	1	1	1	0	3	0	0	0	3	0	3	3	3	3
"cell258"	1	3	0	3	0	3	3	1	1	3	1	1	1	0	0	3	0	0	3	0	0	0	0	0	0	0	0	0	1	1	1	1	3	3	0	0	3	0	0	3	0	0	0	0
"cell259"	3	1	1	3	1	1	3	3	1	0	3	1	0	3	0	0	0	0	0	3	0	3	0	3	0	0	0	1	1	0	3	1	1	3	0	3	0	3	0	0	3	0	0	0
"cell260"	1	3	0	0	1	3	1	1	3	1	1	0	1	3	0	0	0	0	0	0	0	0	0	0	0	0	3	1	3	1	1	1	0	0	3	0	0	0	3	0	0	0	0	0
"cell261"	1	1	1	3	0	3	3	1	1	1	1	0	3	0	0	0	0	0	0	0	0	0	0	3	0	0	0	1	3	3	3	1	1	3	0	3	0	0	0	0	0	0	0	3
"cell262"	1	1	1	0	1	1	1	1	1	1	3	0	3	0	3	0	0	0	0	0	0	3	0	0	0	0	0	0	3	3	3	1	3	0	0	0	0	0	3	0	0	0	0	3
"cell263"	1	1	3	1	1	0	0	1	1	1	0	1	1	0	0	0	0	0	0	0	0	0	0	0	0	0	0	1	1	1	1	1	1	0	0	0	0	3	0	0	0	0	3	0
"cell264"	1	1	1	3	1	1	1	1	1	1	1	1	1	0	0	0	0	0	0	0	0	0	0	0	0	0	0	3	1	3	1	1	1	3	0	3	3	1	0	0	0	0	0	0
"cell265"	0	1	1	1	1	1	1	0	3	1	1	0	3	0	0	0	0	0	0	0	0	0	0	0	3	3	0	1	3	3	1	3	1	0	0	0	3	0	0	0	0	0	3	0
"cell266"	0	1	3	1	1	1	1	1	1	0	3	1	0	0	0	3	3	3	0	0	0	0	0	3	0	0	3	1	1	3	1	1	3	0	0	0	0	3	0	0	0	0	0	0
"cell267"	3	1	3	1	1	3	1	1	3	1	1	1	0	0	0	0	0	0	0	0	0	0	0	0	0	0	0	1	1	1	3	1	3	0	0	0	0	0	3	0	0	3	0	0
"cell268"	0	0	1	3	1	1	1	3	3	1	3	1	1	0	0	0	0	3	0	0	0	0	0	0	0	0	0	1	0	1	3	3	1	0	0	3	3	3	3	3	0	0	0	0
"cell269"	1	3	0	3	3	1	1	3	1	3	3	3	3	0	0	0	0	0	0	3	3	0	0	0	0	0	0	1	1	1	1	1	1	3	3	0	0	0	0	0	3	0	0	0
"cell270"	1	1	1	1	1	1	1	3	1	0	1	0	1	0	3	0	0	0	0	0	0	0	0	0	0	0	0	1	1	3	0	0	1	0	0	0	0	0	0	0	0	0	0	0
"cell271"	1	3	3	1	1	1	1	3	1	1	1	0	1	0	0	3	0	0	0	0	0	3	0	0	0	0	0	1	1	1	1	1	1	0	0	0	0	0	3	3	0	3	3	0
"cell272"	1	3	3	1	1	1	3	3	1	1	0	1	1	0	0	3	0	1	0	0	0	0	0	0	0	1	0	3	1	1	1	3	1	0	0	3	0	0	0	3	0	0	3	0
"cell273"	3	1	0	3	3	0	1	1	1	0	1	1	0	0	0	0	0	0	0	3	0	3	0	0	0	0	3	1	1	1	0	3	1	0	0	0	0	3	0	0	0	0	0	0
"cell274"	1	3	3	1	1	1	3	1	1	1	1	3	1	0	0	3	0	0	0	0	0	0	0	0	0	0	3	1	3	1	1	0	1	0	0	0	0	3	0	0	0	3	0	3
"cell275"	1	1	0	0	1	1	1	1	1	1	1	1	1	3	0	0	0	3	0	0	3	0	1	0	3	0	0	1	3	1	3	3	3	0	0	0	0	3	0	0	0	0	0	0
"cell276"	3	1	1	1	0	1	1	1	0	0	1	0	1	3	0	3	0	0	0	0	0	0	0	0	3	0	0	1	1	1	3	1	3	0	0	0	0	0	0	0	0	0	0	0
"cell277"	1	1	1	3	1	0	3	1	1	0	1	1	1	3	0	0	3	3	0	3	0	0	3	0	0	3	0	1	1	0	1	1	1	0	0	3	3	0	0	0	3	0	0	0
"cell278"	1	1	1	1	1	0	1	3	1	1	0	1	1	0	0	0	0	0	0	0	3	0	0	0	0	3	0	1	1	3	0	1	1	0	0	0	0	3	0	0	0	0	0	0
"cell279"	1	1	0	1	1	3	0	0	1	1	0	1	1	0	0	0	0	0	0	0	0	0	3	0	3	0	0	1	1	1	3	1	1	0	3	3	3	3	0	0	0	3	0	0
"cell280"	1	1	1	1	1	1	0	1	0	1	1	0	1	0	0	0	0	0	3	0	3	3	0	0	0	0	0	3	1	0	1	3	1	3	3	3	0	3	0	0	0	0	0	3
"cell281"	3	1	1	3	3	1	1	1	3	3	0	1	1	0	0	0	0	0	0	0	3	0	0	0	0	0	0	1	1	1	1	1	1	0	3	0	3	0	0	0	0	3	0	3
"cell282"	1	1	3	1	3	1	0	1	1	1	3	0	1	0	0	3	3	3	0	0	0	0	0	3	0	0	0	1	1	1	0	3	3	0	0	0	3	0	0	0	0	0	0	0
"cell283"	1	1	1	3	3	1	1	1	3	0	0	3	1	0	0	3	0	0	0	0	0	0	0	0	0	3	3	0	1	3	1	1	0	0	0	0	0	0	1	0	0	0	0	3
"cell284"	1	1	1	1	1	1	1	3	1	1	1	3	0	0	0	3	0	0	0	0	3	3	3	0	3	0	0	3	1	3	1	0	3	0	0	0	3	0	0	3	0	0	0	0
"cell285"	3	1	1	1	1	1	3	0	1	1	3	1	1	1	3	0	0	0	0	0	0	0	0	3	3	0	3	0	1	3	1	0	1	0	0	0	3	0	3	0	0	3	0	0
"cell286"	1	0	3	1	1	0	3	3	1	1	1	1	1	0	0	3	3	3	0	0	0	0	0	0	0	0	0	1	1	1	1	3	1	3	0	3	0	0	0	0	0	3	0	0
"cell287"	3	1	1	1	1	0	1	1	1	0	1	1	1	0	0	3	0	0	0	0	1	0	0	3	0	0	0	0	0	1	3	3	1	0	0	0	0	3	3	0	0	0	3	3
"cell288"	1	1	3	1	1	1	1	1	0	0	3	1	3	3	0	3	0	3	0	0	0	0	0	0	3	3	0	1	1	3	1	1	0	0	3	0	3	3	0	0	0	0	0	0
"cell289"	1	3	1	3	3	1	1	0	3	3	3	1	1	0	0	0	0	0	0	0	0	0	0	0	0	0	3	1	1	3	1	1	1	0	3	3	0	0	0	0	0	0	3	0
"cell290"	1	3	1	1	1	3	1	1	0	1	1	3	1	0	3	0	0	0	0	3	0	0	0	0	0	0	0	0	0	1	1	1	1	0	0	0	0	0	0	0	0	0	0	0
"cell291"	0	1	1	1	3	3	1	0	1	1	1	0	1	0	0	3	0	0	3	0	0	0	0	3	0	3	0	1	1	3	1	1	1	3	3	3	0	3	0	3	0	0	0	3
"cell292"	1	3	1	1	1	1	1	1	1	3	3	1	3	0	0	0	0	3	3	0	0	0	0	0	0	0	3	1	1	0	1	1	0	0	0	0	0	0	0	0	3	0	0	0
"cell293"	3	1	1	3	1	1	1	1	0	1	1	3	1	0	0	0	0	0	0	0	0	0	0	3	0	0	0	1	0	1	0	0	1	3	0	0	0	0	0	3	0	0	0	0
"cell294"	3	3	3	0	1	0	1	1	0	1	1	1	1	0	0	3	3	0	0	0	0	0	3	0	0	0	0	1	3	3	1	3	1	0	3	0	0	0	0	3	0	0	3	3
"cell295"	3	1	0	1	0	1	1	1	1	0	1	3	3	3	0	0	0	0	0	0	0	0	3	0	0	0	0	3	1	0	0	3	1	0	3	0	0	0	0	0	0	0	0	0
"cell296"	1	1	1	3	1	1	1	1	1	1	3	0	1	0	0	0	0	0	0	0	3	0	3	0	0	3	0	1	3	1	1	0	1	3	0	0	3	0	0	0	0	0	0	0
"cell297"	1	3	3	1	1	3	1	1	1	1	1	1	1	3	3	0	3	0	3	0	0	0	3	0	0	0	0	1	3	1	1	3	1	0	0	0	0	3	0	0	0	0	0	0
"cell298"	1	3	3	1	1	1	1	1	1	1	1	1	0	0	0	0	3	0	0	3	0	0	0	0	0	0	0	3	3	3	1	1	1	3	0	0	0	0	3	0	0	0	0	3
"cell299"	0	0	3	3	3	1	1	1	1	1	1	3	1	0	0	0	0	0	3	0	0	0	0	0	0	0	0	1	1	1	1	1	1	0	0	0	0	0	0	0	0	0	0	0
"cell300"	1	1	1	1	1	1	1	0	1	1	1	0	1	3	0	0	0	0	3	3	3	0	0	0	0	0	0	1	3	3	1	1	3	0	0	0	0	0	0	0	0	0	0	0
"cell301"	1	3	1	1	3	1	0	1	1	1	1	1	0	3	3	0	0	0	0	0	3	0	3	0	0	1	0	1	1	3	1	1	3	0	0	0	0	0	3	3	0	0	0	3
"cell302"	3	1	1	1	1	3	1	3	1	0	0	0	1	0	0	0	0	0	0	0	3	0	0	0	0	3	0	1	1	3	1	0	1	0	0	0	0	0	0	0	0	3	3	0
"cell303"	3	1	1	1	1	1	1	1	1	0	1	3	1	3	0	3	0	0	0	0	3	0	0	0	0	0	0	1	1	1	1	3	1	0	0	0	0	0	0	0	0	0	0	0
"cell304"	0	1	1	1	3	0	3	1	1	1	1	1	1	3	0	3	0	0	0	0	0	0	3	0	0	0	0	0	0	1	1	1	1	0	3	3	0	0	0	3	3	3	0	0
"cell305"	0	1	3	1	1	3	3	3	1	1	1	3	1	0	0	0	0	3	3	0	0	0	0	3	0	0	3	3	1	1	3	1	3	0	0	0	1	0	0	0	0	3	0	0
"cell306"	1	1	1	3	1	1	0	0	1	1	1	0	1	3	0	0	0	0	0	0	1	0	0	0	0	0	0	3	1	1	1	1	3	0	0	0	0	0	3	0	0	0	3	0
"cell307"	1	1	3	1	1	0	1	1	3	1	0	1	3	0	0	0	0	0	0	0	3	0	0	3	0	0	0	1	1	1	1	1	3	0	1	0	3	0	0	0	0	0	0	0
"cell308"	1	3	1	1	1	1	1	1	3	1	1	3	1	0	0	0	3	0	3	3	0	0	0	0	0	0	3	1	1	1	0	1	3	0	0	0	0	3	3	0	0	0	3	0
"cell309"	3	1	1	1	1	0	1	1	0	1	1	1	3	0	0	0	0	0	0	0	0	0	0	0	0	0	3	3	3	1	1	1	1	0	0	0	0	0	0	0	0	3	0	0
"cell310"	1	0	1	1	3	1	1	3	1	0	3	3	3	0	0	0	0	3	0	0	3	0	0	0	0	0	0	1	0	3	1	0	0	3	0	0	0	0	0	0	3	0	0	0
"cell311"	1	3	3	1	1	0	3	1	3	1	0	0	1	0	0	0	0	0	3	0	0	0	0	3	0	0	3	0	1	1	1	1	3	0	0	3	0	0	0	3	0	0	0	0
"cell312"	1	1	1	1	1	0	1	1	1	0	1	1	1	0	0	0	0	0	0	0	3	1	3	3	3	0	0	0	1	1	3	3	0	0	3	0	0	0	0	0	3	0	3	0
"cell313"	3	1	1	1	1	1	0	0	3	1	3	3	3	0	3	0	0	0	0	3	0	0	0	0	1	0	3	1	3	1	1	1	0	0	0	3	0	0	0	0	0	0	3	0
"cell314"	1	3	3	1	1	1	1	1	1	1	1	0	0	0	0	0	3	0	0	0	0	0	3	0	0	0	0	1	1	0	0	3	3	0	0	3	0	0	3	0	0	3	0	3
"cell315"	1	1	3	1	1	1	0	3	3	1	1	3	3	3	0	0	0	0	0	0	0	0	0	0	0	3	0	0	0	3	0	0	1	0	0	0	0	0	0	0	0	3	0	0
"cell316"	1	1	0	1	1	1	1	1	1	3	1	3	1	0	0	3	0	0	0	3	0	3	0	0	3	0	0	1	1	3	1	3	1	0	3	0	0	3	0	0	0	0	0	3
"cell317"	1	1	0	1	1	1	0	1	1	3	1	1	3	0	0	0	0	0	3	0	3	0	0	0	0	0	0	1	1	1	1	1	1	0	3	0	0	0	0	3	0	0	0	1
"cell318"	1	1	1	3	1	3	1	3	0	1	3	0	1	3	0	0	0	0	3	0	0	0	0	0	0	3	0	1	1	1	1	1	1	0	0	0	3	0	3	0	0	0	3	0
"cell319"	1	0	3	3	1	0	1	1	1	3	0	0	1	3	0	0	0	0	3	3	0	0	0	3	3	0	0	0	1	1	1	3	3	0	0	0	3	0	3	0	3	0	0	0
"cell320"	1	3	1	3	1	0	1	1	1	1	1	1	1	3	0	0	0	3	3	0	0	0	0	0	0	3	0	1	1	3	0	1	1	3	3	0	0	0	0	0	0	0	0	3
"cell321"	3	1	3	1	1	0	1	1	1	1	1	1	1	0	0	3	3	0	3	0	0	0	0	0	3	0	0	1	0	1	3	1	0	0	0	0	0	0	3	0	0	0	0	3
"cell322"	1	1	1	0	1	1	1	1	1	1	3	1	0	0	3	0	0	0	0	0	0	0	0	0	0	0	0	1	1	1	1	3	1	0	0	3	3	3	3	0	0	0	0	0
"cell323"	1	1	1	1	1	3	3	0	1	3	1	1	3	0	0	0	0	0	0	0	3	3	0	0	0	3	0	1	1	3	0	1	1	0	3	0	3	0	0	0	0	0	0	0
"cell324"	1	1	1	3	1	1	3	1	3	1	3	1	1	0	0	0	0	0	0	0	0	3	0	0	0	0	0	0	1	1	1	1	0	0	3	0	0	0	0	0	0	0	0	3
"cell325"	1	1	1	1	1	1	1	3	1	1	1	0	0	0	0	0	0	0	0	1	0	3	0	3	3	0	3	0	1	1	1	3	1	0	0	0	0	3	3	3	3	3	0	0
"cell326"	1	1	1	1	1	1	1	1	1	0	0	1	1	0	0	0	0	0	0	0	0	0	3	0	0	0	0	3	1	1	0	1	0	0	0	0	0	0	3	3	0	0	3	0
"cell327"	1	1	1	0	0	1	3	1	1	1	3	1	1	0	0	3	1	0	0	0	3	0	0	0	3	0	3	3	3	1	1	0	1	0	0	0	0	0	0	0	0	0	0	0
"cell328"	0	0	1	0	1	0	1	1	1	3	3	0	1	0	3	0	0	0	0	0	3	0	0	3	0	0	0	3	1	1	1	1	0	0	0	0	3	0	0	0	0	0	0	0
"cell329"	1	1	0	1	0	1	1	1	1	1	3	1	1	0	0	0	0	0	0	3	0	0	0	3	0	0	0	3	1	3	1	1	0	0	0	3	3	3	0	3	0	3	3	0
"cell330"	0	1	1	3	3	1	1	1	1	1	1	3	1	3	0	0	0	0	3	0	3	3	0	0	0	0	3	1	1	1	1	1	1	0	3	0	0	0	0	3	0	0	0	0
"cell331"	1	1	0	3	3	1	1	1	1	3	1	3	1	0	0	0	0	1	3	0	0	3	0	0	0	0	0	0	1	1	1	3	0	0	0	0	0	0	0	0	0	0	0	0
"cell332"	1	1	0	1	3	1	1	1	1	1	1	3	0	0	0	0	3	3	0	0	0	0	3	0	0	0	0	3	3	1	3	1	1	0	0	0	0	0	0	0	0	0	3	3
"cell333"	3	1	1	3	1	1	1	1	1	1	1	3	1	0	0	0	0	0	3	0	0	0	3	0	0	0	0	1	1	0	0	0	1	3	0	0	0	0	3	0	0	0	0	0
"cell334"	1	3	1	0	1	1	1	1	1	1	3	3	1	0	0	0	3	0	0	0	3	3	3	0	3	0	0	3	3	0	1	1	1	0	0	0	0	0	0	0	3	3	0	0
"cell335"	1	3	3	0	3	0	3	1	3	1	3	3	1	3	0	0	0	0	0	3	0	0	0	0	0	0	0	3	3	3	1	1	1	3	0	0	0	0	0	0	0	0	0	0
"cell336"	1	1	0	1	0	1	3	1	1	1	0	1	1	0	0	0	0	0	3	0	0	0	0	0	0	0	0	1	3	1	3	3	0	0	0	0	0	0	0	0	0	0	0	0
"cell337"	3	1	0	1	1	1	1	3	1	0	1	3	1	0	0	3	0	0	0	0	0	0	0	0	0	0	0	3	1	1	1	3	3	0	3	0	0	0	0	3	0	0	0	0
"cell338"	1	0	3	1	0	3	1	1	0	1	1	1	0	0	0	0	0	0	0	0	0	3	0	0	0	0	3	1	1	1	3	0	0	3	0	0	0	0	0	0	3	0	0	0
"cell339"	1	1	1	1	3	3	3	1	3	1	1	1	0	3	0	0	3	3	0	0	0	0	0	0	0	3	0	1	1	1	3	1	1	0	0	0	0	0	0	0	0	3	0	0
"cell340"	1	1	1	0	3	3	3	1	1	0	0	1	1	0	0	3	0	0	0	0	0	0	0	0	3	0	0	0	0	1	0	1	3	0	0	0	0	0	0	0	0	3	0	3
"cell341"	1	3	1	1	1	1	1	0	0	3	1	1	0	0	0	0	0	3	0	0	0	0	0	0	0	3	0	0	1	1	0	1	1	0	0	3	0	0	0	0	0	0	0	0
"cell342"	1	1	1	1	3	1	1	1	1	1	1	1	1	3	0	0	0	3	0	3	0	0	1	0	0	0	0	0	1	3	1	1	1	3	0	0	0	0	3	3	0	0	0	0
"cell343"	0	1	0	1	1	1	1	1	0	0	1	0	0	3	0	0	0	0	0	0	0	3	3	3	0	0	0	3	1	0	1	1	1	0	3	0	0	3	0	0	0	0	3	0
"cell344"	3	3	3	1	1	1	1	1	1	1	1	1	1	0	0	3	0	0	0	0	0	0	3	3	0	0	0	1	1	1	1	1	1	0	3	0	0	0	0	0	0	0	0	0
"cell345"	1	3	1	1	1	0	1	1	3	3	1	1	1	0	0	0	1	0	3	3	0	3	0	0	3	0	0	1	1	3	1	0	0	3	0	0	3	3	0	0	0	0	0	3
"cell346"	3	1	0	1	1	1	3	1	1	0	1	0	1	0	0	3	3	0	0	0	3	0	0	0	0	0	0	1	1	1	1	0	1	3	0	0	0	0	0	0	0	0	3	0
"cell347"	3	0	1	1	1	0	1	1	3	1	1	1	0	0	0	3	1	3	0	0	0	0	0	0	0	0	0	1	1	0	0	1	1	0	0	0	0	1	0	0	0	0	0	3
"cell348"	3	1	1	1	3	1	1	3	3	1	3	1	1	0	0	0	0	0	0	0	0	0	0	0	0	0	3	3	3	1	3	1	0	0	0	0	3	0	0	3	3	0	0	0
"cell349"	1	1	1	0	3	3	1	1	1	3	0	1	1	0	0	0	3	0	0	0	0	0	0	0	0	0	0	3	1	3	3	1	1	3	0	0	0	0	0	0	3	0	0	0
"cell350"	0	3	3	1	1	3	1	3	1	1	1	1	1	0	3	0	3	0	3	0	0	0	0	3	0	0	3	1	0	0	1	3	1	3	0	0	0	3	3	3	0	3	3	0
"cell351"	1	1	0	1	1	1	1	1	1	0	1	1	1	3	0	0	0	0	0	0	0	3	0	0	0	0	0	1	1	1	1	1	0	0	0	0	0	0	0	0	0	0	0	0
"cell352"	1	0	3	1	1	1	1	1	1	3	1	1	1	0	0	0	0	3	0	3	0	0	0	0	0	0	0	1	1	1	1	1	1	0	0	0	0	0	0	0	3	3	3	0
"cell353"	1	1	3	1	0	3	1	1	0	1	1	1	0	0	0	0	0	0	0	0	0	0	0	3	0	0	0	1	1	1	0	1	1	0	0	0	0	0	0	0	0	0	0	0
"cell354"	1	3	1	1	1	3	1	3	1	3	1	1	1	3	3	3	0	0	0	3	3	3	0	3	3	0	0	3	0	3	1	1	1	3	0	0	0	0	0	0	3	0	3	3
"cell355"	0	0	3	0	1	1	1	1	1	1	1	0	0	0	0	3	0	0	0	0	0	0	0	3	3	3	0	1	1	1	1	3	1	3	0	0	0	3	0	0	0	0	0	0
"cell356"	1	3	1	1	1	1	3	0	1	1	1	3	3	0	0	0	0	0	0	3	0	0	3	3	0	3	0	1	1	0	1	3	3	0	0	0	0	3	0	0	0	0	0	3
"cell357"	1	0	1	1	3	3	1	3	0	1	1	1	1	3	0	0	0	0	0	0	3	0	0	3	3	3	0	1	3	1	3	1	1	0	3	3	3	0	0	0	3	3	0	0
"cell358"	0	1	1	3	1	1	1	1	1	1	1	0	3	3	0	0	0	3	0	3	0	0	0	0	0	0	0	1	1	0	3	1	1	0	0	0	0	0	0	0	0	0	0	0
"cell359"	0	1	1	1	1	1	1	1	1	1	0	0	1	0	0	0	3	0	0	0	0	0	0	3	0	3	0	3	1	1	1	1	1	0	3	3	0	3	3	1	0	0	3	0
"cell360"	1	0	0	1	1	1	1	0	1	0	0	0	1	0	3	3	0	0	0	0	0	3	0	0	0	3	3	0	1	0	0	1	1	0	0	0	0	0	0	0	0	0	0	0
"cell361"	1	0	1	1	1	1	1	1	1	1	0	1	3	3	3	0	3	0	0	0	0	0	3	0	3	3	0	3	1	1	1	1	1	0	0	3	0	0	0	0	3	0	0	0
"cell362"	1	1	1	3	1	1	1	1	1	1	0	1	1	0	0	0	3	0	0	0	0	3	0	0	0	0	0	0	1	1	1	1	1	0	3	0	0	0	0	0	3	0	0	0
"cell363"	1	3	0	1	1	1	1	1	1	1	1	3	1	0	0	0	0	0	0	0	0	0	0	0	3	0	0	1	1	3	3	1	3	0	0	0	0	0	0	0	0	0	0	3
"cell364"	3	3	0	1	1	1	1	1	0	0	1	0	3	0	0	0	3	1	0	0	0	0	0	0	0	0	0	1	1	1	1	1	1	0	0	0	3	0	1	3	3	0	0	0
"cell365"	1	3	1	3	1	0	0	0	1	1	3	0	3	3	0	3	0	0	0	0	3	0	0	3	0	0	0	0	1	1	1	1	1	0	0	0	0	0	0	0	0	0	0	0
"cell366"	3	0	1	1	0	3	1	1	1	1	3	1	1	3	3	0	0	0	3	0	0	0	0	0	3	0	0	1	3	1	1	0	3	0	0	0	0	0	0	0	3	0	0	0
"cell367"	1	3	0	3	1	1	1	1	3	3	0	1	1	0	0	0	0	0	0	0	0	0	0	0	0	0	3	1	1	1	3	1	3	0	3	0	0	3	0	0	0	3	0	0
"cell368"	3	3	1	1	1	0	1	1	1	3	1	3	1	0	0	0	0	0	0	0	3	0	0	0	0	0	0	0	1	0	1	1	3	0	0	3	0	0	0	0	0	0	0	0
"cell369"	1	0	1	0	1	1	1	1	3	1	1	1	1	3	0	0	0	0	3	0	0	0	0	0	0	0	3	3	1	1	3	3	3	3	0	0	0	0	0	0	0	3	0	0
"cell370"	1	0	3	1	1	1	1	0	1	3	1	1	1	0	0	0	3	0	0	0	0	0	0	0	0	3	3	1	1	0	1	1	0	0	0	0	0	0	0	3	0	0	0	0
"cell371"	1	1	3	1	1	3	3	1	1	1	1	1	3	0	0	3	0	0	3	0	0	0	3	0	0	0	3	1	3	0	1	3	3	0	0	0	0	0	0	0	3	0	0	3
"cell372"	1	3	1	0	1	0	0	0	1	3	1	1	3	0	0	0	0	3	0	3	0	0	0	0	3	3	3	0	1	1	1	1	0	0	0	0	0	0	0	0	0	3	0	0
"cell373"	1	1	1	1	3	1	1	0	1	3	1	1	1	0	0	0	0	0	3	0	0	0	0	0	0	0	3	1	1	1	1	1	1	3	0	0	0	0	3	3	0	0	3	0
"cell374"	1	1	1	0	0	1	1	1	1	1	0	1	1	0	0	3	0	0	0	0	0	0	0	0	0	3	0	3	1	1	1	0	1	3	0	0	0	0	0	0	0	0	0	0
"cell375"	1	1	1	1	1	0	1	1	1	3	1	3	1	0	0	0	0	0	0	0	0	0	0	0	3	0	0	1	1	1	3	1	1	0	0	0	0	0	0	3	0	0	0	0
"cell376"	1	1	1	0	1	0	3	1	0	3	1	0	0	0	0	0	0	0	3	0	0	0	0	0	0	0	0	1	1	1	0	1	1	0	0	3	3	0	0	0	0	0	0	0
"cell377"	1	1	1	1	0	1	1	1	1	1	1	3	3	0	0	0	0	0	0	0	0	0	0	0	0	0	0	0	1	1	3	1	1	0	0	3	0	3	0	0	3	0	0	3
"cell378"	1	1	1	1	1	1	1	1	1	1	1	1	1	3	0	0	0	0	0	3	3	0	0	3	3	3	0	1	1	1	1	1	3	0	3	3	3	0	0	3	0	3	0	0
"cell379"	0	1	3	1	1	3	1	1	1	0	1	3	1	0	0	3	0	3	0	0	0	0	0	3	0	0	0	1	1	1	1	3	1	0	1	0	0	0	0	0	0	3	3	0
"cell380"	1	1	1	1	1	0	1	3	1	1	1	3	0	0	0	3	0	0	3	1	0	0	0	3	3	0	0	1	1	1	0	1	0	0	0	0	3	0	0	0	0	0	0	0
"cell381"	1	1	0	1	1	3	1	0	1	1	1	1	1	3	0	0	0	3	0	0	0	0	0	0	0	0	0	1	0	3	1	3	3	0	0	0	0	0	0	0	0	0	0	3
"cell382"	1	1	0	3	1	1	1	1	3	3	1	0	0	0	0	0	0	0	0	0	0	0	0	0	3	3	0	1	0	1	1	1	1	0	0	3	3	0	3	0	0	3	0	0
"cell383"	1	1	1	3	1	1	1	3	1	1	1	1	1	0	3	3	0	0	0	0	0	0	3	0	0	0	0	1	1	1	1	1	0	0	3	0	0	0	3	0	0	0	0	0
"cell384"	0	3	1	3	0	1	1	3	1	1	0	0	1	0	3	3	0	0	0	0	0	0	0	0	0	0	0	1	1	1	1	1	1	0	0	3	0	0	0	0	0	0	3	0
"cell385"	3	1	3	1	1	3	1	0	0	1	1	3	1	0	3	0	3	0	3	0	3	3	3	0	0	0	3	1	1	1	3	0	0	0	0	3	0	0	0	3	3	0	3	0
"cell386"	1	1	3	1	3	1	0	1	0	0	1	1	1	0	0	3	0	0	0	0	3	0	3	0	0	0	0	3	0	1	1	1	1	0	3	0	0	0	0	0	0	0	0	0
"cell387"	3	1	3	3	3	3	1	1	0	1	1	1	0	0	0	3	0	3	0	0	3	0	0	0	0	0	3	0	3	1	1	3	0	0	3	0	0	3	0	0	0	0	0	0
"cell388"	1	1	1	1	0	3	3	1	1	1	3	1	0	0	0	0	0	0	0	0	1	0	0	0	0	0	0	0	1	1	1	0	1	3	0	0	0	0	0	0	0	0	0	0
"cell389"	1	1	1	0	1	1	0	3	3	3	3	0	1	3	0	0	3	0	3	0	3	3	0	0	0	0	0	1	1	1	1	0	1	0	3	0	0	0	0	0	0	0	3	0
"cell390"	1	1	3	0	3	1	1	3	1	1	1	3	1	0	0	0	0	0	0	0	0	3	3	0	0	0	0	0	1	0	1	1	1	0	0	0	3	0	3	0	0	0	0	0
"cell391"	1	0	1	0	0	3	0	1	3	1	0	1	3	0	0	0	0	0	0	0	3	0	0	3	0	0	3	0	1	3	1	1	1	0	0	0	3	0	0	0	3	0	0	3
"cell392"	0	1	1	1	1	3	1	1	0	3	0	1	1	3	0	3	3	0	3	3	0	0	0	0	0	0	0	1	3	1	0	1	0	0	3	0	0	0	0	0	0	0	0	3
"cell393"	0	1	1	1	0	3	1	1	1	1	1	1	1	0	0	3	0	0	0	3	3	0	3	0	0	0	0	0	3	1	0	1	3	3	0	0	3	0	0	0	3	0	0	0
"cell394"	1	3	3	3	0	1	0	1	3	1	3	3	1	0	3	3	0	0	0	0	0	3	0	0	3	0	0	1	1	3	1	1	1	0	0	0	0	3	0	0	0	0	0	0
"cell395"	1	0	0	3	1	3	0	3	3	3	1	3	1	3	0	3	0	0	0	0	0	0	0	3	0	0	3	1	3	1	0	1	1	0	3	3	3	0	3	3	0	0	3	0
"cell396"	1	3	1	1	0	1	1	3	1	1	3	1	1	0	0	0	0	0	3	0	0	0	0	3	3	0	0	0	0	0	0	3	0	0	3	0	3	3	3	0	0	0	0	0
"cell397"	1	1	0	1	1	1	1	0	1	0	1	1	3	0	0	3	0	3	3	0	3	0	0	0	0	3	0	0	0	0	0	0	0	3	3	0	3	3	3	0	0	3	0	0
"cell398"	1	1	1	1	1	3	1	1	0	3	1	0	0	3	0	3	0	0	3	0	0	3	0	0	0	0	0	0	0	0	3	0	0	0	0	0	3	0	0	0	3	0	3	0
"cell399"	1	1	3	1	1	1	1	1	1	1	3	3	0	0	0	3	0	0	0	0	0	0	0	0	0	0	0	0	0	3	0	0	0	3	3	0	0	0	3	3	0	0	0	0
"cell400"	1	3	3	3	1	1	3	1	1	3	1	3	1	0	0	3	0	0	0	0	0	0	0	0	0	3	0	0	3	3	0	0	0	0	0	0	3	0	0	0	0	0	3	3
"cell401"	3	1	1	0	1	1	1	0	1	1	0	1	3	0	0	3	0	0	0	0	0	0	3	3	3	0	0	3	0	0	0	0	0	0	3	0	0	0	0	0	0	0	3	0
"cell402"	0	1	1	1	1	1	1	3	0	1	0	1	0	3	0	0	3	0	0	0	0	0	3	0	0	0	0	0	0	0	3	0	0	3	3	0	0	0	0	0	0	0	0	0
"cell403"	0	1	0	1	1	3	1	0	0	3	1	3	0	0	0	3	3	3	0	0	0	0	0	0	0	0	3	0	0	0	0	0	0	0	0	0	0	3	3	3	0	0	0	0
"cell404"	1	1	3	3	1	1	1	1	1	1	1	1	0	0	0	0	3	3	0	0	3	0	0	0	0	0	0	3	0	0	0	1	3	0	0	0	0	0	0	3	3	0	3	0
"cell405"	1	1	0	1	1	3	1	0	0	1	3	1	1	0	3	0	0	0	0	0	3	0	3	0	0	0	3	3	3	3	3	0	0	3	0	0	3	3	0	0	0	0	3	0
"cell406"	1	1	1	0	3	1	1	1	1	1	3	0	1	0	0	3	0	0	3	0	0	0	0	0	0	3	0	0	0	0	0	0	0	0	0	0	0	0	3	3	3	0	0	0
"cell407"	3	0	3	0	1	1	0	0	0	1	1	3	3	0	0	3	0	0	0	0	0	0	0	0	0	0	0	3	0	0	0	0	0	0	0	0	0	3	0	0	0	3	3	0
"cell408"	1	1	1	1	1	1	1	1	1	1	1	0	1	0	0	3	3	3	0	0	0	0	0	0	0	0	0	0	0	0	0	3	0	0	0	0	3	0	0	0	0	3	3	0
"cell409"	1	1	1	1	3	1	0	1	1	3	1	0	1	0	3	0	0	3	0	0	0	0	0	0	0	0	0	0	0	0	0	0	3	0	0	0	0	0	0	0	0	0	0	0
"cell410"	1	1	1	1	1	1	0	1	1	3	3	1	3	0	0	0	3	0	0	3	0	3	0	0	3	3	0	0	0	0	0	0	3	0	0	0	0	0	0	0	0	0	0	0
"cell411"	1	1	1	1	0	0	1	1	3	1	1	3	1	0	0	3	0	0	0	0	0	3	0	0	0	0	0	0	0	0	0	3	3	0	0	0	0	0	0	0	0	0	0	3
"cell412"	1	1	1	3	3	1	1	1	1	1	1	1	1	0	0	0	0	0	0	3	0	3	1	0	0	0	0	0	3	0	0	0	3	0	0	0	0	0	3	0	0	0	0	0
"cell413"	1	3	3	1	1	0	1	1	1	1	3	1	0	0	0	0	3	0	0	0	3	0	0	3	3	0	0	0	0	0	0	3	0	0	0	0	3	0	0	0	0	0	3	3
"cell414"	3	1	1	0	1	0	1	1	3	3	0	1	1	0	3	0	0	0	3	0	0	0	0	0	0	3	0	0	0	0	0	0	0	0	0	0	0	0	0	0	3	0	0	0
"cell415"	3	1	1	1	0	0	1	1	1	1	1	3	3	0	0	0	0	0	0	3	3	1	3	3	3	0	0	0	3	0	0	0	0	0	0	0	0	3	0	0	0	3	0	0
"cell416"	1	1	1	1	0	0	1	0	0	1	1	3	1	3	0	0	0	0	0	3	0	0	3	0	0	0	0	0	0	0	0	0	0	0	0	0	0	0	0	0	0	3	0	0
"cell417"	3	1	1	1	0	1	1	1	1	3	1	3	0	0	0	0	0	0	3	3	0	0	0	0	0	0	3	0	0	0	0	0	3	0	0	0	0	0	0	0	0	0	0	0
"cell418"	1	1	1	1	3	1	3	1	1	0	1	0	3	3	0	3	0	0	0	0	0	3	0	0	0	0	0	0	0	0	3	3	0	0	0	0	3	3	0	0	0	0	0	0
"cell419"	1	1	1	1	3	1	0	1	1	1	1	1	3	0	0	0	0	0	0	0	3	0	0	0	0	3	0	3	0	0	0	0	0	0	0	0	0	0	0	0	0	3	3	3
"cell420"	0	1	1	1	1	0	1	0	0	1	3	1	1	0	0	0	0	3	0	0	0	0	3	0	3	0	3	0	0	3	0	0	3	0	3	3	0	0	0	0	0	0	3	0
"cell421"	0	1	1	1	1	1	1	3	1	3	1	3	3	0	3	0	0	0	0	3	3	0	0	0	3	0	0	0	0	0	0	0	0	0	3	0	0	0	3	0	0	0	0	0
"cell422"	3	0	0	3	1	1	1	1	1	1	0	1	1	3	3	0	0	0	0	0	3	0	3	0	3	0	0	0	0	0	0	0	0	0	0	0	0	0	0	0	3	3	0	0
"cell423"	3	0	1	1	1	3	1	3	3	0	1	1	1	0	0	0	0	3	0	0	0	0	0	3	3	0	0	0	0	0	3	0	0	0	0	0	3	0	3	0	0	3	0	0
"cell424"	1	1	1	0	1	0	3	1	0	1	1	1	1	3	0	0	0	0	0	0	0	0	0	3	0	0	0	0	0	0	3	0	0	3	3	0	0	0	0	1	3	0	0	0
"cell425"	0	1	0	3	3	3	0	3	1	1	1	1	1	3	3	0	0	0	0	3	0	0	0	0	3	3	0	0	3	0	0	3	0	3	3	3	0	0	0	0	0	0	0	3
"cell426"	0	0	1	1	1	1	3	1	1	1	1	1	1	3	0	0	0	0	0	3	0	3	0	0	3	0	0	0	0	3	0	0	0	3	3	0	3	0	0	3	0	0	3	0
"cell427"	1	3	0	3	3	0	3	1	1	1	1	1	1	3	0	0	0	0	0	3	1	0	0	0	0	0	0	0	3	0	0	0	0	0	0	0	0	0	0	3	0	0	0	3
"cell428"	1	0	0	3	3	1	3	1	1	0	1	1	1	0	0	0	3	0	0	3	0	0	0	0	0	0	0	0	0	0	0	3	0	1	0	3	1	0	1	0	0	1	3	1
"cell429"	3	0	1	1	1	1	3	1	1	1	1	1	3	3	0	0	0	0	0	0	0	0	0	0	0	0	3	0	0	0	0	0	0	1	3	3	3	3	1	1	1	1	0	1
"cell430"	1	1	0	1	0	1	3	3	3	0	3	1	1	0	0	0	0	0	0	0	0	0	0	0	0	0	0	0	0	0	0	0	0	0	3	0	1	0	1	3	1	1	1	1
"cell431"	1	3	0	1	1	3	3	1	3	3	1	1	1	3	0	0	0	0	0	1	3	0	0	0	0	0	0	3	0	0	3	0	0	0	1	1	1	1	0	3	1	1	0	1
"cell432"	3	1	1	1	3	1	1	1	3	1	3	0	0	0	0	0	0	3	0	3	0	0	0	0	0	3	0	3	0	0	0	0	0	1	1	0	1	1	1	1	1	1	0	0
"cell433"	3	1	0	3	1	1	1	1	3	3	3	1	1	0	0	0	0	0	0	3	0	0	0	3	3	0	0	0	0	3	0	0	0	3	0	1	0	3	1	1	1	1	1	1
"cell434"	1	1	1	1	1	1	3	1	1	0	1	1	1	0	0	0	0	0	3	0	0	0	3	0	0	0	0	0	0	3	0	0	0	0	3	1	0	1	0	1	1	1	1	1
"cell435"	1	1	1	1	1	0	0	0	1	0	1	1	1	0	0	0	3	0	0	3	0	0	0	0	0	0	0	0	3	0	0	0	0	0	1	1	1	1	1	1	3	1	1	1
"cell436"	3	3	3	1	1	1	3	0	3	3	1	3	1	3	3	0	0	0	3	0	0	0	0	0	3	3	0	0	0	0	3	0	0	1	3	1	1	1	0	1	1	1	1	1
"cell437"	1	1	1	1	1	1	1	1	1	3	1	0	1	0	0	0	0	0	0	0	0	0	0	0	0	0	0	0	0	0	0	0	0	1	1	0	1	1	1	1	1	1	1	1
"cell438"	3	0	1	0	1	0	1	1	3	1	0	1	3	0	3	0	3	0	0	0	0	0	0	0	0	0	0	0	0	0	0	3	0	1	1	1	1	3	1	0	1	1	3	3
"cell439"	1	0	1	0	1	1	1	3	0	1	1	1	1	0	0	0	0	0	0	3	0	0	0	0	0	0	3	0	0	0	0	0	3	1	1	1	1	1	1	1	1	1	0	1
"cell440"	1	1	1	1	1	1	1	0	3	0	1	1	3	0	0	0	0	0	0	0	0	0	0	0	0	0	0	0	0	3	0	0	3	1	1	1	1	3	1	1	1	1	1	3
"cell441"	1	3	1	3	1	3	0	1	1	3	3	3	0	0	0	0	3	0	0	3	0	3	0	0	0	0	0	0	0	0	0	0	0	1	0	1	3	1	1	1	3	1	1	1
"cell442"	1	3	1	1	3	1	0	1	1	3	0	1	1	0	0	0	0	0	0	0	0	0	0	0	0	0	0	0	3	0	3	0	0	1	1	1	1	3	1	3	1	1	3	1
"cell443"	1	1	1	0	3	0	1	1	3	1	0	1	0	0	0	0	3	0	0	0	0	0	0	0	3	0	0	0	0	0	0	0	0	1	3	3	1	1	1	1	1	1	1	1
"cell444"	1	3	1	1	1	1	1	3	1	0	1	1	1	0	1	0	3	0	0	0	0	0	3	0	3	0	0	0	3	3	0	0	3	1	3	0	1	1	1	3	3	1	0	1
"cell445"	1	3	1	3	1	0	1	1	3	3	3	1	0	0	0	0	0	0	0	0	0	3	0	0	0	0	0	0	0	0	0	0	0	0	1	1	1	1	1	1	1	1	1	0
"cell446"	1	0	1	1	0	1	1	1	3	3	1	1	0	0	0	0	0	0	0	0	0	0	0	3	3	0	3	0	0	0	0	0	0	1	1	1	1	0	1	1	1	1	1	3
"cell447"	1	1	1	3	1	1	1	1	1	1	1	1	1	0	0	0	0	0	0	0	0	0	0	0	0	0	3	0	0	0	0	3	0	3	0	1	3	1	1	1	1	1	3	1
"cell448"	1	1	0	1	1	0	3	1	1	1	1	1	1	0	0	0	0	3	3	0	3	3	0	0	3	0	3	0	0	0	0	3	0	1	0	1	1	3	1	0	3	3	3	1
"cell449"	3	1	1	0	0	1	1	1	3	1	1	3	3	3	0	0	0	0	0	3	0	3	3	0	3	0	3	0	0	0	0	0	0	1	3	1	1	1	3	1	1	1	1	3
"cell450"	1	1	3	0	1	1	1	1	1	1	0	1	1	3	0	0	0	0	0	0	3	0	0	0	0	3	3	0	0	3	0	0	0	3	1	1	1	1	3	3	1	0	1	0
"cell451"	1	1	0	1	1	3	3	3	1	1	0	3	1	0	3	1	3	0	0	3	3	0	1	0	0	0	0	0	0	3	0	3	3	1	0	1	1	3	1	3	3	0	1	1
"cell452"	1	3	0	1	1	1	1	1	1	1	1	1	0	0	0	0	3	0	0	0	0	0	0	0	3	3	3	0	0	0	0	0	0	3	3	1	0	0	1	1	1	1	0	0
"cell453"	0	1	0	1	1	1	1	1	1	1	0	1	0	3	0	3	0	0	0	3	3	0	0	0	0	0	0	0	0	0	0	0	3	1	3	1	3	3	3	3	1	1	3	1
"cell454"	0	1	3	3	1	1	3	1	3	1	1	1	0	0	0	3	0	0	0	3	0	0	0	0	0	0	0	0	0	0	0	3	0	1	0	1	1	1	0	1	1	1	3	0
"cell455"	1	1	0	1	0	1	0	1	1	1	1	1	1	3	3	0	0	0	0	0	3	3	0	0	0	0	0	0	0	0	3	0	0	0	1	1	1	1	1	1	1	1	1	1
"cell456"	1	1	1	3	1	1	1	0	1	3	1	1	0	3	3	0	0	0	0	0	0	0	0	3	3	0	0	0	0	0	0	0	3	1	1	1	0	1	3	1	1	3	1	0
"cell457"	1	1	0	1	1	3	1	1	1	1	3	1	1	0	0	0	0	0	3	0	0	3	0	0	0	0	0	0	3	0	0	0	0	1	3	1	1	1	1	1	1	1	1	1
"cell458"	1	1	3	0	1	1	1	1	1	1	1	0	0	0	0	3	0	3	0	3	3	1	3	0	0	0	3	3	3	0	0	0	3	0	1	1	1	1	1	1	1	0	1	1
"cell459"	1	1	1	1	0	3	1	0	1	0	1	1	3	0	0	0	0	3	0	0	0	0	0	0	3	0	3	0	0	0	3	0	0	1	1	0	3	0	1	1	0	1	3	3
"cell460"	1	1	1	0	1	1	1	1	1	3	1	1	1	3	0	0	3	3	0	0	0	0	0	0	3	0	0	0	3	0	0	0	0	1	1	0	1	1	3	0	3	1	0	1
"cell461"	1	1	0	1	3	1	1	3	3	1	1	1	1	0	0	0	0	3	0	0	3	0	0	0	0	0	0	0	0	0	3	0	0	1	0	0	0	1	1	1	1	3	0	1
"cell462"	1	1	3	1	1	1	1	1	0	1	3	3	1	0	0	0	0	0	0	3	0	0	0	0	0	0	0	3	0	0	0	0	0	1	1	3	3	3	3	1	3	1	0	3
"cell463"	1	1	3	1	1	1	1	1	1	1	1	1	1	0	0	0	0	0	0	0	0	0	0	0	0	0	0	3	0	3	0	0	0	1	1	1	1	0	3	1	3	3	3	3
"cell464"	1	0	1	1	1	1	1	1	1	1	1	1	3	0	0	0	0	3	0	0	0	1	0	0	0	1	0	0	0	3	0	0	3	1	1	1	0	0	1	1	3	0	1	1
"cell465"	1	0	0	1	3	1	1	1	1	1	1	1	0	0	0	0	0	0	0	0	0	0	0	0	0	3	3	0	0	0	0	0	0	0	1	1	3	1	1	1	1	1	1	1
"cell466"	1	3	1	1	1	0	1	1	0	1	1	1	1	0	0	0	3	3	0	3	0	3	0	0	3	0	0	0	0	3	3	0	0	1	1	1	1	3	0	1	3	3	1	1
"cell467"	1	3	1	1	1	3	0	1	1	1	1	3	1	0	0	0	3	0	0	0	0	0	3	3	0	0	0	0	0	0	3	0	0	1	1	1	1	1	1	0	1	1	0	0
"cell468"	1	1	1	1	1	1	1	3	3	3	1	3	1	0	0	0	0	0	0	3	0	0	3	0	0	0	3	0	0	0	0	0	0	1	0	0	0	1	1	1	0	1	3	3
"cell469"	0	1	1	1	3	1	3	1	1	3	3	1	3	0	3	3	3	0	0	3	0	3	0	0	0	0	0	0	0	3	0	0	3	0	1	1	3	1	1	1	1	1	1	1
"cell470"	1	3	1	1	1	1	1	1	3	1	3	0	1	0	0	0	3	3	0	0	3	0	3	0	0	0	0	0	0	0	3	0	0	1	0	0	1	1	3	1	3	1	1	0
"cell471"	1	1	1	0	3	0	1	1	1	1	1	0	0	0	0	0	0	0	0	0	0	0	0	0	0	0	0	0	0	3	3	0	3	1	1	1	0	1	1	1	1	1	1	1
"cell472"	1	1	0	1	1	0	3	3	1	0	1	1	1	0	0	0	0	0	1	0	0	0	0	0	0	3	3	0	0	0	3	0	0	1	1	3	1	3	0	1	1	0	1	1
"cell473"	1	0	3	0	1	1	3	3	1	3	1	3	1	0	0	0	3	0	3	3	3	0	0	0	3	0	0	0	0	0	3	0	0	1	3	1	1	1	1	1	3	3	1	1
"cell474"	1	0	1	0	1	1	3	3	1	3	1	0	1	0	0	0	0	3	0	0	0	3	0	0	0	0	0	0	0	0	0	0	0	1	3	1	3	1	0	1	1	0	1	0
"cell475"	1	1	0	1	1	1	0	1	0	0	1	1	1	0	0	3	0	3	0	3	0	0	0	0	0	3	3	0	0	3	0	0	0	1	1	1	3	1	1	1	1	3	3	0
"cell476"	3	3	1	3	1	0	3	1	3	3	3	1	0	0	0	0	3	0	3	0	0	3	0	0	3	0	0	0	0	0	0	0	0	3	1	1	1	1	3	1	0	3	0	1
"cell477"	1	1	1	3	1	0	0	1	1	3	1	0	3	0	3	0	0	0	0	0	0	0	0	0	0	0	0	3	3	0	0	3	0	3	1	1	1	1	3	3	1	1	1	1
"cell478"	0	1	1	1	0	1	1	1	0	0	1	1	1	0	3	0	0	0	0	0	0	0	0	0	0	0	0	3	0	3	0	3	0	1	1	3	1	1	1	1	0	3	3	1
"cell479"	1	1	1	1	3	1	1	1	1	1	1	1	1	0	0	0	0	3	0	0	0	0	0	0	0	0	0	0	3	0	3	0	0	3	3	1	1	3	1	1	1	1	0	0
"cell480"	1	1	1	1	3	1	0	1	1	3	1	1	3	0	0	0	0	0	0	0	0	0	0	0	0	0	0	0	0	0	0	0	1	1	0	0	1	1	1	0	1	1	1	1
"cell481"	1	1	1	1	3	3	1	1	3	1	0	1	3	0	3	0	3	3	0	0	0	0	0	0	0	0	0	0	0	0	0	3	0	1	1	3	1	1	0	3	3	1	1	3
"cell482"	3	1	1	1	1	3	3	1	1	1	1	1	1	0	3	0	0	0	3	0	0	0	0	0	3	0	3	0	0	3	0	0	0	1	1	1	1	1	3	3	0	1	3	1
"cell483"	3	1	1	3	3	1	3	1	0	1	1	1	0	0	3	0	3	0	0	0	0	0	0	0	0	0	0	0	0	0	0	0	3	1	1	1	3	3	3	0	0	1	1	1
"cell484"	3	3	0	1	1	1	1	0	1	3	1	3	1	0	0	0	0	0	0	0	3	3	0	0	0	0	0	1	0	0	0	0	3	1	0	3	3	3	1	1	3	3	0	1
"cell485"	1	0	3	1	1	1	1	3	0	1	1	1	1	0	0	0	0	0	0	0	3	0	0	0	3	0	0	0	0	0	0	0	0	0	1	1	1	1	1	1	3	1	3	1
"cell486"	1	0	1	1	0	1	3	1	1	0	1	1	0	3	0	0	0	3	0	3	0	0	0	3	0	0	3	0	0	3	0	0	0	0	1	1	0	3	1	0	1	1	3	1
"cell487"	1	3	1	1	1	0	1	1	1	1	3	0	0	0	3	3	0	0	0	0	0	0	3	0	0	0	0	0	3	0	3	3	0	1	1	0	3	1	0	0	1	3	1	1
"cell488"	1	1	3	1	1	1	3	3	1	3	1	3	3	0	0	0	1	0	3	0	3	0	0	0	3	0	0	0	1	0	0	0	3	1	1	0	1	1	1	3	1	1	1	0
"cell489"	1	3	1	1	0	1	1	1	1	1	3	3	0	3	0	0	3	0	3	0	0	3	0	0	0	0	3	0	0	0	0	0	3	1	3	1	3	1	1	1	0	3	1	0
"cell490"	1	1	1	1	3	3	0	1	3	0	3	1	1	0	0	0	0	0	0	0	3	0	0	3	0	0	0	0	0	0	0	1	0	1	1	1	1	1	1	1	1	3	1	1
"cell491"	1	1	1	1	1	1	3	1	1	1	1	3	1	0	1	0	0	3	3	0	0	0	0	0	3	0	0	0	3	0	0	0	0	1	1	1	1	1	1	3	3	1	1	0
"cell492"	3	1	1	1	1	3	3	1	1	3	1	1	1	0	0	1	0	0	0	0	0	0	0	0	0	3	0	3	0	0	3	0	0	3	3	1	1	1	1	3	0	1	1	1
"cell493"	1	0	1	1	1	1	1	3	1	1	0	1	0	0	3	0	0	0	0	0	3	0	3	3	0	0	0	0	0	0	0	0	0	1	1	0	3	3	0	1	0	1	1	1
"cell494"	1	1	1	1	3	1	1	1	1	1	1	0	1	0	3	0	0	0	0	0	3	0	0	3	0	0	0	0	0	0	0	0	0	3	3	0	1	1	3	3	3	1	3	1
"cell495"	3	3	1	1	1	1	1	0	0	1	1	1	0	0	0	0	0	3	0	0	3	0	0	0	0	0	0	0	3	0	0	0	0	0	3	1	0	1	1	1	0	1	1	1
"cell496"	1	1	1	1	3	1	0	1	1	0	0	3	3	3	0	0	0	0	0	0	0	0	3	0	0	0	0	0	0	3	3	0	0	0	3	1	1	1	1	0	1	1	3	1
"cell497"	1	0	3	3	1	1	3	0	1	1	1	0	1	0	0	0	0	3	3	0	0	0	3	0	0	0	3	0	0	0	3	0	3	0	1	1	3	0	1	0	3	1	3	1
"cell498"	1	1	0	0	1	1	1	1	0	1	0	3	3	0	0	0	0	0	3	0	0	0	0	0	3	0	3	0	3	0	0	0	0	3	0	0	1	1	1	1	1	1	0	1
"cell499"	1	0	1	3	1	1	1	0	1	1	1	1	1	3	0	0	0	0	0	0	0	0	0	3	3	0	0	0	0	0	0	0	0	1	1	1	1	1	1	1	3	1	3	1
"cell500"	1	0	1	1	1	1	0	1	1	1	3	1	1	3	3	0	0	0	0	0	3	0	0	3	0	3	0	0	1	0	3	0	0	1	1	1	1	0	1	1	3	3	1	1
"cell501"	1	0	1	0	0	3	0	1	1	1	1	3	1	0	0	0	3	0	0	0	3	0	0	0	0	0	0	3	0	0	0	3	0	1	1	1	0	1	1	1	3	1	3	1
"cell502"	1	3	0	1	0	1	0	0	1	1	1	1	1	0	0	0	0	0	3	0	0	0	0	0	0	0	0	0	3	0	0	0	0	1	1	1	3	1	0	1	1	1	0	1
"cell503"	1	1	1	3	3	3	1	3	1	1	0	1	1	0	0	0	0	3	0	0	3	3	0	3	0	0	3	0	3	0	0	0	0	3	1	1	1	1	0	0	1	1	1	1
"cell504"	0	1	1	3	1	1	3	1	1	0	3	1	1	3	3	0	0	3	0	0	0	0	3	0	3	0	0	0	0	0	0	0	0	3	1	1	3	1	1	1	3	1	3	3
"cell505"	1	1	1	1	1	0	1	1	1	1	1	1	1	3	0	0	0	0	0	0	0	0	0	0	0	3	3	0	0	0	0	0	0	1	1	0	1	1	3	1	1	3	0	0
"cell506"	1	3	1	1	1	1	1	1	1	1	0	1	3	0	0	0	3	0	3	0	0	0	0	0	0	3	0	3	3	0	0	0	0	1	1	3	3	1	0	1	1	1	1	1
"cell507"	1	1	1	1	3	1	3	3	0	3	3	1	1	3	0	3	0	0	3	0	3	0	0	0	0	0	0	3	0	0	0	3	0	0	0	0	0	3	1	1	3	1	1	1
"cell508"	3	0	1	1	0	1	1	3	3	1	1	1	1	3	0	0	3	0	0	0	0	3	0	3	0	0	0	3	3	0	0	3	0	1	1	1	1	3	0	1	1	1	1	1
"cell509"	1	1	1	1	1	3	1	1	1	0	1	1	1	0	3	0	0	0	3	0	0	0	3	0	0	0	0	3	0	0	0	0	0	3	1	1	1	1	1	1	3	1	3	3
"cell510"	1	1	1	1	1	1	1	3	1	3	3	0	1	0	3	0	0	3	0	0	0	3	0	0	0	0	0	0	0	0	0	0	3	3	1	1	3	1	0	3	0	0	1	1
"cell511"	1	0	1	1	0	1	1	1	1	1	1	1	1	3	0	0	0	0	3	0	0	3	0	3	0	0	0	0	0	0	0	0	0	3	1	1	0	1	3	3	0	1	0	1
"cell512"	0	1	3	1	1	1	0	1	0	0	1	3	1	0	3	3	0	0	0	0	0	3	0	0	0	0	3	0	0	0	0	0	0	0	1	1	1	3	1	3	3	1	1	1
"cell513"	3	1	1	0	0	1	1	1	3	3	0	1	0	0	0	0	0	0	0	0	0	0	0	3	0	0	0	0	3	0	0	0	0	1	1	0	0	3	1	1	1	0	3	1
"cell514"	3	3	1	1	1	0	1	0	3	1	0	1	1	3	0	0	0	0	3	0	3	0	3	0	0	0	1	0	3	3	3	3	0	1	0	0	1	1	1	1	3	1	1	1
"cell515"	1	1	0	1	3	1	1	3	0	0	0	1	3	0	3	0	0	0	0	0	3	0	0	1	0	0	0	0	0	0	0	0	0	1	1	1	0	0	1	1	3	1	1	1
"cell516"	1	1	0	1	1	1	1	1	1	3	1	1	1	0	3	0	0	0	0	0	0	0	0	0	0	0	0	0	0	0	3	3	0	1	1	1	1	3	0	1	1	1	1	3
"cell517"	0	1	3	1	1	0	1	1	3	3	3	1	1	0	3	3	3	0	0	0	0	3	0	0	0	0	0	0	0	0	0	0	0	1	0	1	3	1	1	1	1	3	1	1
"cell518"	1	0	3	1	1	1	3	0	3	0	3	3	1	0	0	0	0	3	0	0	3	0	0	0	3	0	3	0	0	3	0	3	0	1	0	0	0	1	3	0	1	3	1	1
"cell519"	1	1	1	1	1	1	3	1	1	3	1	0	1	0	0	0	3	0	0	0	0	3	0	0	0	0	3	0	0	0	0	0	0	3	1	1	0	1	1	0	0	3	1	3
"cell520"	3	1	1	1	1	3	3	1	3	3	1	1	1	0	3	0	0	0	0	0	0	0	0	0	3	0	0	0	0	3	0	0	0	1	1	1	1	1	1	3	1	0	0	1
"cell521"	1	1	3	1	0	1	1	1	1	1	3	3	1	0	0	0	0	3	0	0	0	0	0	3	0	3	0	0	0	0	0	0	3	0	1	1	0	1	1	1	1	1	1	1
"cell522"	1	1	1	1	1	0	1	0	0	1	0	1	1	0	0	0	0	3	0	0	0	0	0	0	0	0	0	0	0	0	0	0	0	0	0	1	3	3	1	1	1	0	1	1
"cell523"	1	1	3	0	1	3	1	1	1	3	1	1	1	0	3	0	0	3	0	0	0	0	0	3	0	3	0	0	0	0	0	0	0	1	1	1	1	1	1	3	0	1	1	1
"cell524"	1	1	1	0	1	1	1	3	1	1	1	1	1	0	3	3	0	0	0	3	0	0	0	0	0	3	0	0	3	0	0	0	0	1	3	1	3	1	0	1	1	3	0	1
"cell525"	1	0	3	0	1	1	1	1	1	1	3	0	1	0	0	3	0	0	3	0	0	0	0	0	0	3	0	0	0	3	0	0	0	1	1	1	1	0	1	1	1	3	1	0
"cell526"	1	1	3	3	0	1	1	1	1	1	0	1	1	3	0	0	0	0	0	0	3	0	0	0	0	0	0	0	0	0	0	0	0	1	3	0	3	1	1	1	3	3	1	1
"cell527"	3	3	1	0	3	0	3	1	1	1	1	1	0	0	0	0	0	3	0	0	0	0	0	0	0	0	0	0	3	0	0	0	0	3	1	3	1	0	1	0	3	3	0	0
"cell528"	3	3	1	0	0	0	3	0	1	0	3	3	3	3	0	0	0	3	0	0	0	3	0	0	3	0	3	3	0	0	3	0	0	1	1	1	3	1	1	0	0	1	1	1
"cell529"	0	1	0	1	1	1	0	1	0	3	0	1	1	0	0	0	0	0	0	0	0	0	0	0	0	0	0	0	3	0	3	0	3	1	1	1	3	1	1	3	1	1	3	1
"cell530"	0	3	3	1	1	3	0	3	3	1	1	0	3	0	0	3	3	0	0	3	3	3	3	0	0	0	3	0	0	0	0	0	0	1	1	1	1	1	1	1	1	1	3	3
"cell531"	1	1	1	3	3	1	0	1	1	1	1	1	0	0	0	0	0	3	0	0	0	0	0	0	3	0	0	0	3	0	0	0	0	3	1	3	1	3	1	0	1	3	1	1
"cell532"	1	1	3	1	3	1	1	1	3	1	1	3	0	1	0	0	0	0	0	0	0	0	3	3	0	0	0	0	0	0	0	0	0	1	1	1	3	1	1	1	3	1	3	1
"cell533"	1	1	1	0	0	0	3	1	1	1	1	0	1	3	0	0	0	3	0	0	3	0	0	0	3	0	3	3	0	0	0	0	0	1	3	3	1	0	1	3	1	3	3	3
"cell534"	0	1	1	1	3	1	1	1	1	1	1	0	1	3	0	0	0	0	0	3	3	0	0	3	0	0	3	0	0	0	0	1	0	1	1	0	3	0	0	1	0	0	1	3
"cell535"	3	1	1	1	1	1	3	1	1	3	1	0	1	0	0	0	0	0	0	0	3	0	0	0	0	0	3	0	0	3	0	0	0	1	1	3	3	0	1	1	3	1	3	1
"cell536"	0	1	1	1	1	3	1	1	3	1	1	1	3	3	0	0	0	0	3	0	0	0	0	3	0	3	0	0	0	0	0	0	0	1	1	1	1	1	1	3	1	1	1	1
"cell537"	1	3	3	1	1	1	3	1	0	0	3	0	1	0	0	0	0	0	0	0	0	0	0	0	0	3	0	0	0	0	0	0	3	1	0	1	1	3	0	3	1	1	1	1
"cell538"	3	1	3	3	1	1	1	1	1	1	1	1	3	0	0	0	3	0	0	0	3	3	0	3	0	0	3	0	0	3	0	0	1	1	0	1	1	1	1	1	1	1	1	3
"cell539"	0	1	1	3	1	3	3	3	1	1	1	1	1	0	0	0	0	0	0	0	0	3	0	0	3	3	0	0	0	3	3	0	3	1	1	1	1	3	1	0	0	3	1	1
"cell540"	1	1	3	3	3	0	1	1	3	1	3	1	1	0	3	0	0	0	0	3	0	0	0	0	0	3	0	0	3	0	3	0	3	3	1	1	1	3	1	1	3	1	1	3
"cell541"	1	1	1	0	0	0	1	1	3	1	3	3	0	0	0	0	0	3	0	0	0	1	3	0	0	0	3	0	0	3	0	3	0	1	3	0	1	1	1	3	1	1	0	3
"cell542"	1	1	1	0	1	0	1	0	1	0	3	1	3	0	0	0	0	0	0	0	0	3	0	0	3	0	0	0	0	0	3	0	0	1	1	1	1	1	1	1	1	1	0	1
"cell543"	1	1	1	3	3	3	1	1	1	3	1	3	1	0	0	3	3	0	0	0	0	0	0	0	3	0	0	0	3	3	0	3	3	1	1	3	1	1	1	1	1	0	1	0
"cell544"	1	1	1	1	1	1	1	1	3	1	0	3	1	0	3	0	0	3	0	0	0	0	0	3	0	0	0	0	0	0	0	0	0	0	1	3	1	3	1	3	0	3	1	1
"cell545"	1	1	1	0	0	1	3	0	3	1	3	1	1	0	0	0	0	0	0	0	0	0	0	3	0	3	3	0	3	0	0	3	3	0	0	3	0	1	3	1	1	3	0	0
"cell546"	1	3	1	1	1	1	0	0	1	1	1	1	1	0	0	3	0	0	0	0	0	0	0	0	0	0	0	0	0	0	0	0	0	0	1	1	1	1	1	0	1	1	3	0
"cell547"	1	1	1	1	1	1	1	1	3	3	1	1	0	0	0	3	0	0	0	0	0	0	0	0	3	3	0	0	0	3	0	0	3	0	3	3	1	1	1	1	1	1	1	1
"cell548"	1	1	1	3	1	1	0	1	0	1	3	0	1	0	0	0	0	0	0	0	0	0	0	0	0	0	0	3	0	0	3	3	0	0	0	1	1	1	1	1	3	1	0	3
"cell549"	1	1	0	1	1	1	0	1	1	1	1	0	3	0	3	0	0	0	0	0	1	0	0	3	0	0	0	0	0	0	0	0	0	1	0	1	1	1	0	1	1	1	3	3
"cell550"	1	3	1	1	1	0	0	1	1	3	1	1	0	0	0	0	0	0	0	0	0	0	0	3	0	0	3	0	0	0	0	0	0	1	1	1	1	3	1	1	1	0	3	1
"cell551"	3	1	0	3	3	3	1	0	1	1	1	3	3	0	0	0	0	3	0	0	3	3	3	0	0	0	3	0	0	0	0	0	0	1	1	1	1	0	1	3	1	1	3	1
"cell552"	0	0	1	0	3	1	1	3	1	1	1	1	1	0	0	0	0	0	0	0	0	0	3	0	0	0	0	1	0	0	0	0	0	1	1	0	3	3	3	1	1	0	0	1
"cell553"	1	1	0	3	1	1	0	1	0	1	1	1	3	0	0	0	0	0	0	0	0	3	3	0	0	0	3	0	0	0	0	0	0	1	3	1	0	0	1	3	1	1	1	0
"cell554"	1	1	3	0	3	1	1	1	1	0	1	0	0	0	3	0	3	0	0	0	0	1	0	0	3	0	0	0	0	3	0	0	0	1	1	1	1	1	1	0	1	1	1	3
"cell555"	1	1	3	3	1	1	1	1	1	0	1	1	1	0	0	0	0	0	0	0	0	0	0	0	0	0	0	3	0	0	0	0	3	3	3	0	1	1	3	3	1	3	1	1
"cell556"	0	1	1	1	1	0	1	1	3	1	1	3	1	0	0	1	3	0	0	0	0	0	0	0	0	0	0	0	0	0	0	0	0	1	3	3	1	1	0	0	1	1	1	1
"cell557"	0	1	1	1	1	0	1	1	3	1	1	0	1	3	0	0	0	0	0	0	3	0	0	0	0	0	3	3	3	0	0	0	0	1	3	1	0	3	1	1	0	1	0	3
"cell558"	1	1	0	1	1	0	1	0	3	0	1	1	0	0	0	0	0	3	3	3	3	0	0	0	0	0	0	3	0	3	0	0	0	1	1	1	1	1	1	1	3	1	1	3
"cell559"	1	1	1	3	1	1	1	1	1	1	1	1	1	3	0	0	0	0	3	0	3	3	0	0	0	0	3	3	0	0	0	0	3	1	1	0	3	1	3	1	1	1	3	1
"cell560"	1	1	1	1	1	1	0	1	1	1	1	1	1	0	0	0	0	3	0	3	0	0	0	0	0	0	0	0	0	0	3	0	0	1	1	1	1	1	1	1	3	0	3	1
"cell561"	1	1	1	1	1	1	3	1	1	1	1	1	3	0	0	0	0	3	0	3	3	0	0	0	0	0	0	0	0	0	0	0	0	1	1	1	1	0	3	3	1	1	1	1
"cell562"	1	0	1	1	1	1	0	3	0	1	0	1	1	0	0	0	0	0	0	0	0	0	0	0	0	3	0	1	0	0	0	0	0	1	1	1	0	3	1	0	1	1	1	1
"cell563"	1	0	1	3	1	1	0	3	1	1	1	1	0	0	0	0	0	3	0	0	0	0	0	0	0	0	0	0	0	3	0	0	0	1	1	0	0	1	1	1	1	3	1	0
"cell564"	3	1	1	1	1	3	1	1	0	1	3	1	0	3	0	0	0	0	0	0	0	3	0	3	3	0	0	0	3	0	3	0	0	1	3	3	1	1	1	3	1	0	1	0
"cell565"	1	1	1	3	1	1	1	1	3	1	1	1	1	3	0	0	0	0	0	0	0	0	0	0	0	0	0	0	0	0	0	0	3	1	0	3	3	1	3	1	1	1	3	0
"cell566"	1	3	0	0	3	1	1	1	1	1	1	1	1	0	0	3	3	0	3	3	0	3	0	3	3	3	0	0	3	0	0	0	3	1	1	1	1	1	1	1	0	3	3	3
"cell567"	1	3	1	1	1	1	1	1	1	0	1	1	1	0	0	0	0	0	0	0	1	0	0	0	0	0	3	0	3	0	0	3	0	3	3	1	3	0	1	1	1	0	1	3
"cell568"	1	1	3	1	1	1	1	0	1	1	1	3	1	0	0	0	0	3	0	0	0	0	3	3	3	3	0	0	0	0	0	0	0	1	1	1	1	1	1	0	1	1	0	0
"cell569"	1	3	1	1	1	3	0	1	3	0	3	0	1	0	0	0	0	0	0	0	0	0	3	0	3	3	0	0	0	0	0	0	0	0	1	0	3	1	1	3	1	0	1	1
"cell570"	0	1	1	1	3	1	0	1	1	0	3	0	3	0	0	0	0	0	0	0	0	0	0	0	0	0	3	3	0	0	3	0	0	1	1	1	1	1	0	1	1	3	0	1
"cell571"	1	3	0	1	0	3	1	1	0	3	0	1	1	0	0	0	0	0	3	0	0	0	0	3	0	0	3	0	0	0	0	3	0	1	1	3	0	1	1	0	0	1	1	1
"cell572"	1	1	1	1	3	1	0	0	1	1	0	3	1	0	3	0	0	0	0	0	3	0	3	0	0	0	0	0	0	0	3	0	0	1	1	1	1	0	1	1	3	1	1	1
"cell573"	1	0	1	3	3	3	1	1	1	1	1	0	1	0	0	0	3	0	3	3	3	0	0	0	0	0	0	0	0	3	0	0	0	0	1	1	1	0	0	0	1	1	3	1
"cell574"	0	1	1	1	3	1	0	0	1	1	3	3	1	0	0	0	0	0	0	0	0	0	0	0	0	0	0	0	0	3	0	0	0	3	3	0	1	1	3	1	1	3	3	0
"cell575"	3	1	1	1	1	1	0	3	1	1	0	3	3	0	0	0	0	0	3	0	3	0	0	0	0	0	0	3	0	3	1	3	0	1	1	1	3	0	3	1	1	1	1	0
"cell576"	1	1	1	3	3	3	3	3	1	1	1	1	3	0	3	0	0	0	0	0	0	0	3	0	0	3	3	0	0	0	0	0	0	1	1	1	1	0	3	0	1	1	1	1
"cell577"	3	3	1	0	1	1	1	1	1	1	1	3	1	3	0	0	0	0	3	0	0	0	0	0	0	1	3	0	0	0	0	0	0	1	3	3	1	3	3	0	1	1	0	1
"cell578"	1	1	1	3	1	1	3	1	1	1	1	3	1	0	0	0	3	0	0	0	3	0	0	3	0	0	3	0	0	0	0	0	0	3	1	1	1	3	1	1	3	3	1	1
"cell579"	1	1	1	1	0	1	1	0	1	3	1	1	3	0	0	3	0	0	3	0	0	0	0	3	0	0	0	0	0	3	0	0	3	1	1	1	0	0	1	0	1	1	1	3
"cell580"	1	0	1	1	3	1	1	1	0	1	1	1	0	0	3	0	3	0	0	3	0	0	0	0	0	0	0	0	0	0	0	0	0	1	3	1	0	1	1	1	1	0	1	1
"cell581"	0	1	0	1	3	1	1	1	1	1	0	1	1	0	0	3	3	3	3	0	3	0	0	3	3	3	3	0	3	0	1	0	0	1	1	3	1	1	1	0	1	3	1	1
"cell582"	1	3	1	0	0	0	1	3	3	1	0	1	0	3	0	0	3	0	0	0	3	0	3	0	0	0	0	3	0	0	0	0	0	1	1	1	1	1	3	1	3	1	3	1
"cell583"	1	3	1	1	0	1	0	1	1	1	1	1	3	0	0	0	0	0	3	0	0	0	0	0	0	0	3	0	0	0	0	0	0	1	3	0	1	1	1	1	3	1	0	1
"cell584"	1	0	1	1	0	1	3	0	3	1	1	1	1	0	0	0	0	3	0	3	0	0	3	0	0	0	0	0	0	0	0	0	3	0	3	3	1	0	1	1	0	1	1	1
"cell585"	1	3	1	1	1	1	1	0	3	3	0	1	1	3	0	3	0	0	0	0	0	0	0	3	0	3	0	3	0	0	3	0	0	0	1	1	1	1	1	1	3	1	1	1
"cell586"	1	0	0	3	1	1	0	1	1	1	0	1	1	0	0	0	0	0	0	0	0	0	0	3	0	0	0	0	3	0	0	0	0	3	1	1	1	1	1	1	1	3	3	1
"cell587"	1	0	0	1	1	1	1	1	0	3	3	0	1	3	0	0	0	0	0	0	0	3	3	0	0	0	0	0	0	0	0	0	3	1	1	1	1	1	1	1	1	1	1	0
"cell588"	1	1	1	0	3	1	0	3	1	0	1	0	1	0	0	0	0	3	0	3	3	0	3	0	0	3	0	3	0	0	0	0	3	1	1	0	0	1	3	1	1	3	1	3
"cell589"	1	1	1	1	1	1	3	1	3	3	1	0	1	0	0	0	0	0	0	3	0	0	3	0	0	0	0	0	3	0	0	0	0	1	0	3	1	1	1	1	1	1	1	0
"cell590"	3	1	1	3	0	3	1	0	1	3	1	1	3	0	0	0	3	0	0	0	0	0	0	0	3	0	0	3	0	0	0	0	3	1	1	1	1	1	0	3	1	1	1	1
"cell591"	1	3	0	1	3	3	1	1	1	1	3	1	1	3	0	0	0	0	0	0	0	3	3	0	0	3	0	3	0	0	3	3	0	1	0	3	3	1	1	1	1	3	1	1
"cell592"	1	1	1	1	1	1	3	3	1	1	1	0	1	3	0	0	3	0	3	0	0	0	0	3	0	3	0	0	0	0	0	0	0	0	0	3	1	1	0	3	0	1	1	1
"cell593"	0	1	0	3	1	3	1	3	3	1	1	1	1	0	3	0	0	0	0	0	0	0	0	0	3	0	0	0	0	0	0	0	0	1	1	1	3	1	1	1	1	1	0	1
"cell594"	3	1	3	1	1	1	0	1	1	0	1	3	1	0	0	0	0	1	0	0	1	3	0	0	0	3	0	0	3	3	0	3	0	1	0	1	1	0	3	1	1	1	1	3
"cell595"	1	1	1	0	1	1	1	3	0	3	1	3	1	0	0	0	0	0	0	0	0	0	0	0	3	3	0	0	0	3	3	0	0	1	1	1	1	1	1	0	3	3	3	3
"cell596"	0	1	1	1	1	0	0	1	1	0	1	3	1	0	0	0	3	0	0	0	3	0	0	0	3	0	0	0	0	0	0	0	0	1	1	1	1	0	3	1	1	1	0	1
"cell597"	1	3	1	3	1	1	3	1	3	3	1	3	1	0	0	0	0	0	0	0	0	0	1	3	0	0	0	3	3	0	0	0	0	1	1	1	1	1	3	1	0	3	1	3
"cell598"	1	3	1	1	1	3	0	1	3	1	1	3	1	0	0	0	0	3	0	0	0	0	0	0	3	0	3	0	3	0	0	0	3	0	1	1	1	3	1	3	1	1	1	1
"cell599"	1	1	1	1	3	0	0	1	1	1	1	1	3	0	0	0	0	0	0	0	0	0	3	0	0	0	3	3	0	3	3	0	0	1	1	1	0	1	0	1	3	3	1	1
"cell600"	3	1	3	3	1	1	3	0	1	1	1	1	1	0	0	0	0	0	0	3	0	0	0	0	0	0	0	0	0	0	3	0	0	1	1	1	1	3	1	1	1	1	0	1
