""	"SNV0"	"SNV1"	"SNV2"	"SNV3"	"SNV4"	"SNV5"	"SNV6"	"SNV7"	"SNV8"	"SNV9"	"SNV10"	"SNV11"	"SNV12"	"SNV13"	"SNV14"	"SNV15"	"SNV16"	"SNV17"	"SNV18"	"SNV19"	"SNV20"	"SNV21"	"SNV22"	"SNV23"	"SNV24"	"SNV25"	"SNV26"	"SNV27"	"SNV28"	"SNV29"	"SNV30"	"SNV31"	"SNV32"	"SNV33"	"SNV34"	"SNV35"	"SNV36"	"SNV37"	"SNV38"	"SNV39"	"SNV40"	"SNV41"
"cell1"	1	1	1	1	1	1	1	3	1	3	1	1	0	0	0	0	0	0	0	3	3	0	3	1	0	0	3	0	3	0	0	0	3	0	0	0	0	0	0	0	0	3
"cell2"	1	1	1	0	3	1	1	1	3	0	1	3	0	0	0	0	3	0	0	3	0	3	1	0	3	3	0	3	0	0	0	0	0	3	0	0	3	0	3	0	3	0
"cell3"	1	1	1	3	3	3	3	1	1	1	1	1	3	0	0	0	0	1	0	3	0	0	1	1	0	3	3	0	0	0	3	0	0	3	0	0	0	0	0	0	0	0
"cell4"	1	1	1	3	1	1	1	1	3	1	1	1	0	0	0	3	0	0	3	3	0	0	1	1	0	0	3	0	0	0	0	0	3	0	0	3	0	0	0	0	0	0
"cell5"	1	1	3	0	3	1	1	1	1	1	1	1	0	3	0	0	3	0	0	0	0	0	1	1	0	0	0	0	0	0	0	0	0	0	0	0	3	0	3	0	0	0
"cell6"	3	1	3	1	1	1	1	1	1	1	1	1	0	0	0	0	0	0	3	0	0	0	1	3	3	0	0	0	0	3	0	0	0	0	0	0	3	0	0	0	0	0
"cell7"	1	3	3	1	3	3	1	1	1	1	1	1	0	3	0	3	0	3	3	0	0	0	1	3	0	0	0	0	0	0	0	0	0	0	0	0	3	0	0	3	3	3
"cell8"	3	3	1	1	1	1	1	3	1	3	1	1	0	0	0	0	0	0	0	0	0	0	1	3	0	0	0	0	0	3	3	3	0	0	0	0	3	3	3	0	0	0
"cell9"	1	1	1	3	3	0	1	1	1	1	1	1	0	0	3	0	0	0	0	0	0	0	3	1	0	0	0	3	0	0	0	0	0	3	3	0	0	0	0	3	0	0
"cell10"	0	1	3	1	1	1	0	1	1	1	3	1	0	0	0	0	0	0	0	3	0	0	1	1	0	0	0	0	0	0	0	0	0	3	3	0	3	0	3	0	0	3
"cell11"	1	1	1	1	1	1	3	1	3	1	1	3	0	0	0	0	3	0	0	3	0	0	1	3	0	0	0	3	3	0	0	0	0	0	0	3	0	3	0	0	0	0
"cell12"	1	1	1	1	1	1	3	1	1	3	1	0	0	0	0	0	0	0	3	0	0	0	1	1	1	0	3	0	0	0	3	3	0	3	0	3	0	0	3	0	0	3
"cell13"	1	0	1	3	3	1	1	1	1	1	1	1	3	0	0	0	0	0	3	0	3	0	1	1	0	0	3	3	0	0	3	3	3	0	0	0	3	3	0	3	0	0
"cell14"	1	1	1	3	3	0	1	1	1	1	1	0	3	3	0	0	0	0	0	0	0	0	1	1	3	3	0	0	0	0	0	0	3	0	3	0	0	0	0	0	3	3
"cell15"	1	1	1	3	1	0	3	1	1	1	1	1	0	0	0	0	0	0	0	0	0	0	3	3	1	3	3	1	0	0	0	0	0	0	0	3	0	0	0	0	0	0
"cell16"	1	1	3	1	3	1	1	0	1	1	1	1	0	0	0	0	3	3	0	0	0	0	1	1	0	0	0	0	0	0	0	0	0	0	0	0	0	3	0	0	0	0
"cell17"	3	1	1	1	1	0	1	1	1	1	1	1	0	0	0	0	0	0	0	3	3	0	1	1	3	0	0	0	0	0	0	0	3	0	3	0	0	0	0	0	3	0
"cell18"	1	0	1	3	1	3	1	1	1	1	3	3	0	3	0	0	0	3	0	0	0	0	1	1	3	0	0	0	3	0	3	3	0	3	0	0	3	0	0	0	0	0
"cell19"	1	1	1	1	3	0	3	0	1	1	1	1	0	0	0	0	3	0	0	0	0	3	1	1	0	0	0	0	0	3	3	0	0	0	0	0	0	0	0	0	0	0
"cell20"	1	1	3	1	1	1	1	1	1	1	1	1	0	0	0	3	3	0	0	0	0	3	0	1	0	3	3	3	0	0	0	0	0	0	0	0	0	0	3	0	0	0
"cell21"	1	1	1	1	1	1	1	3	1	1	1	1	0	0	1	3	0	0	0	0	3	0	1	0	0	0	0	0	0	0	0	0	0	0	0	0	0	3	0	0	3	0
"cell22"	1	3	1	1	1	1	1	1	1	1	3	0	0	0	0	0	0	0	0	0	0	0	1	3	3	0	0	0	0	3	0	3	0	0	0	0	0	0	3	0	0	0
"cell23"	1	1	1	1	1	1	1	0	3	1	1	1	0	0	0	3	0	0	0	0	0	0	3	3	0	3	0	0	0	0	0	0	0	3	0	0	0	0	0	0	0	3
"cell24"	1	1	1	1	1	3	1	0	1	1	1	1	0	3	0	3	0	3	0	0	3	3	1	1	0	0	0	0	0	3	0	3	0	0	3	3	0	0	3	0	0	0
"cell25"	3	3	1	1	1	1	1	0	1	1	1	1	3	0	0	0	3	0	0	3	0	0	3	3	0	0	3	0	3	0	0	0	0	0	0	3	0	0	0	0	3	3
"cell26"	1	1	3	1	3	0	3	0	1	1	3	1	0	0	0	0	0	0	0	0	0	0	3	1	0	0	0	3	3	0	0	0	0	3	3	0	0	3	0	3	3	0
"cell27"	3	1	1	1	1	1	3	0	1	1	3	1	0	0	0	3	0	0	3	0	3	0	3	1	3	0	0	0	0	0	0	0	3	0	0	0	0	0	0	0	0	0
"cell28"	1	1	1	3	1	1	1	1	1	1	1	1	0	0	0	3	0	3	0	0	0	3	1	0	0	0	0	0	0	0	3	0	0	0	0	0	0	0	0	0	0	3
"cell29"	1	3	1	1	1	1	1	0	1	1	1	1	3	0	0	0	0	0	0	3	3	0	3	1	0	0	0	0	3	0	3	0	0	3	0	0	0	3	3	0	0	3
"cell30"	1	1	1	1	0	1	1	1	1	1	1	0	0	0	0	0	3	0	0	0	0	0	1	1	3	0	3	1	0	0	0	0	0	0	0	0	0	0	0	0	0	0
"cell31"	1	3	1	1	1	3	1	1	1	3	0	1	0	0	3	3	0	0	0	0	0	0	0	3	1	0	1	0	3	0	3	0	0	0	3	0	3	0	0	0	0	0
"cell32"	1	1	1	1	1	1	3	1	1	1	1	1	0	0	3	3	0	3	3	0	0	3	0	0	3	1	1	3	0	0	3	0	0	0	3	3	0	3	0	0	3	3
"cell33"	3	3	3	1	1	3	3	3	0	0	1	1	0	0	0	0	0	3	0	0	0	0	0	0	1	1	3	3	0	0	3	0	0	0	0	0	0	0	0	0	0	0
"cell34"	3	0	1	1	1	1	1	1	1	1	1	1	0	3	0	0	3	0	3	0	0	0	0	0	1	3	1	0	0	0	0	3	0	0	0	0	0	0	0	3	0	0
"cell35"	0	1	1	3	3	3	0	1	1	1	1	1	0	0	0	0	0	0	3	0	0	0	3	0	1	3	1	0	0	3	0	3	3	3	0	0	0	0	3	3	0	0
"cell36"	3	1	1	3	1	1	1	0	1	1	1	3	0	0	0	0	0	0	0	0	0	0	3	0	0	3	3	3	0	0	0	0	0	0	0	3	0	0	0	0	0	0
"cell37"	1	1	3	3	1	1	1	1	1	1	1	1	0	0	0	0	1	0	0	3	0	0	0	0	1	1	1	0	0	0	3	0	0	0	3	0	0	3	0	0	0	0
"cell38"	1	1	1	1	3	1	3	3	3	1	1	3	0	0	3	0	0	0	0	0	0	0	0	0	1	1	0	3	3	0	0	0	0	0	0	0	0	0	0	0	0	0
"cell39"	3	1	0	1	1	0	1	1	3	1	3	1	3	3	0	3	0	0	0	0	0	0	0	0	1	1	1	0	3	0	0	3	0	0	0	0	0	0	0	1	0	0
"cell40"	3	1	1	1	1	1	1	1	1	3	1	1	0	0	0	0	1	3	3	0	0	0	0	0	1	1	1	3	0	0	0	0	0	3	0	3	3	0	0	0	3	0
"cell41"	3	0	1	1	1	1	1	1	1	3	1	1	0	0	0	0	0	0	0	0	0	0	3	3	1	1	0	3	0	0	0	0	0	0	0	0	0	0	3	0	0	0
"cell42"	1	1	0	1	1	3	1	1	1	1	1	1	3	0	0	3	3	0	0	0	0	0	0	0	3	1	1	0	0	0	0	0	3	0	0	0	0	0	0	0	0	0
"cell43"	0	3	0	1	1	1	1	1	1	1	1	1	0	3	0	0	0	0	0	0	0	3	0	0	1	1	1	0	0	0	0	0	0	0	3	3	0	0	0	0	0	0
"cell44"	1	1	1	1	1	1	1	1	0	3	1	1	0	0	0	0	0	0	0	0	0	0	0	3	1	3	1	0	3	0	0	0	0	0	3	0	0	0	3	0	0	3
"cell45"	3	1	1	3	1	1	1	1	1	1	1	1	0	0	0	0	3	0	3	3	3	0	0	0	3	3	1	3	0	0	0	3	0	0	0	0	0	0	0	0	0	0
"cell46"	0	1	1	1	1	1	1	1	3	0	1	0	0	0	0	0	0	0	0	0	0	0	0	3	1	1	1	0	1	0	1	3	0	3	0	0	0	0	0	3	0	0
"cell47"	1	1	1	0	3	1	0	3	1	1	1	1	3	3	0	0	3	0	3	3	0	0	0	0	1	1	0	0	3	3	0	0	0	3	0	3	3	0	0	3	0	0
"cell48"	1	1	1	3	1	1	3	3	1	1	1	1	0	0	0	0	0	0	0	0	0	3	0	0	1	1	0	0	0	0	0	0	0	0	0	3	0	0	0	0	3	0
"cell49"	1	1	3	1	1	1	3	1	1	1	1	1	0	0	0	0	0	0	3	3	0	0	3	0	1	1	3	0	1	3	0	0	3	0	0	3	3	0	0	0	0	0
"cell50"	1	1	1	1	1	3	3	1	3	3	3	1	0	0	0	0	3	0	0	0	0	3	0	3	1	1	3	0	0	0	3	0	0	0	0	3	0	0	3	0	0	0
"cell51"	1	1	3	1	3	0	1	1	1	1	1	1	0	0	0	0	0	0	0	0	0	0	0	3	0	1	3	0	0	0	3	0	3	0	0	0	0	3	0	0	0	0
"cell52"	1	3	1	1	1	1	3	1	3	1	3	1	0	0	0	0	0	3	0	0	3	0	3	0	1	1	1	0	3	0	0	0	0	0	0	0	0	0	3	0	0	0
"cell53"	0	1	3	3	1	3	1	3	1	3	1	1	0	3	0	0	3	0	0	0	0	0	3	0	1	1	1	3	0	0	0	0	0	0	0	0	0	0	0	0	3	0
"cell54"	1	1	1	1	1	1	1	3	1	1	3	3	3	0	0	0	0	0	0	0	0	3	3	0	1	1	1	3	3	0	3	0	0	0	0	0	0	0	0	3	0	0
"cell55"	1	3	1	1	1	1	1	1	1	1	1	3	0	0	0	0	0	3	0	3	0	0	0	0	1	1	1	0	1	0	0	0	0	3	0	3	0	0	0	0	0	0
"cell56"	3	1	1	1	1	1	1	1	1	0	1	1	0	0	0	0	0	0	0	0	0	0	0	0	1	0	3	0	0	0	3	0	0	0	0	0	3	0	0	0	0	0
"cell57"	1	1	1	3	3	1	1	1	1	0	1	3	0	0	0	0	0	0	0	0	3	0	0	3	1	1	3	3	0	3	0	0	0	0	0	0	0	0	3	0	0	0
"cell58"	1	1	3	1	0	1	1	1	3	1	1	1	0	3	0	0	0	0	0	0	0	0	0	3	1	3	1	0	0	0	3	0	0	0	0	0	0	3	0	3	0	0
"cell59"	1	1	1	3	3	1	1	0	3	3	1	1	3	0	0	0	0	0	3	0	0	0	0	3	0	3	3	0	0	0	3	0	3	3	0	0	0	0	0	0	0	0
"cell60"	1	1	1	3	1	3	1	1	0	1	1	3	0	0	0	0	3	0	3	3	0	3	0	3	3	1	1	3	0	0	1	0	0	0	0	3	0	0	0	3	0	0
"cell61"	0	1	0	1	1	1	1	0	1	1	3	1	0	0	0	0	0	0	0	0	3	0	0	0	1	1	1	0	0	3	0	0	0	0	3	0	0	0	0	3	3	0
"cell62"	1	1	1	3	1	1	1	3	3	3	1	3	0	0	0	0	3	3	0	0	0	0	0	0	3	1	1	0	0	0	0	3	0	0	0	0	0	0	0	3	3	0
"cell63"	0	3	1	1	1	1	3	1	1	1	3	3	0	0	0	0	3	0	0	0	3	3	0	0	1	0	3	0	0	0	3	3	3	0	3	0	0	0	0	3	0	3
"cell64"	3	1	3	1	1	1	0	1	1	1	1	3	3	0	0	0	0	0	3	3	0	0	0	0	1	1	0	0	0	0	0	0	0	0	0	0	0	0	3	0	3	3
"cell65"	0	0	1	1	1	3	1	1	1	1	1	1	0	3	0	0	0	0	0	0	0	3	0	0	1	1	1	0	3	0	0	0	0	0	0	3	0	0	0	0	0	0
"cell66"	0	1	0	1	1	1	1	1	1	1	3	1	0	3	0	0	0	0	0	3	0	0	0	0	1	3	3	0	0	0	0	0	0	0	3	0	0	3	0	0	0	3
"cell67"	1	1	3	1	1	1	1	1	1	1	0	1	0	0	3	0	0	0	0	0	3	0	0	0	1	0	1	0	0	0	3	0	0	0	0	0	0	0	3	3	0	0
"cell68"	1	1	1	3	1	1	3	1	1	1	3	1	0	0	0	0	3	0	0	0	0	3	0	0	1	1	3	0	0	0	0	0	0	0	0	3	0	3	0	0	0	0
"cell69"	0	0	0	3	3	0	0	0	0	3	0	0	1	3	1	1	1	1	1	3	1	1	0	0	0	0	0	1	3	0	1	1	1	1	3	0	3	0	0	3	0	3
"cell70"	0	0	0	0	0	0	0	3	0	0	0	0	1	1	1	1	1	0	1	1	1	3	3	0	3	3	0	1	1	3	1	0	1	1	0	0	0	3	0	0	0	0
"cell71"	0	0	0	0	0	0	0	0	0	0	0	3	3	1	1	1	1	1	1	0	1	3	0	0	0	0	0	3	1	3	1	3	1	3	0	0	0	0	0	0	0	0
"cell72"	0	0	0	0	0	3	0	3	0	0	0	3	1	1	1	1	1	3	1	3	3	1	0	3	3	3	0	0	0	0	3	0	0	0	1	1	1	3	1	3	1	1
"cell73"	3	0	0	0	0	0	0	0	0	0	0	0	1	1	1	1	1	3	1	1	3	3	3	0	3	0	0	3	0	0	0	0	0	0	1	1	3	1	0	1	3	1
"cell74"	0	0	0	0	0	0	3	0	0	0	0	0	3	3	1	1	3	1	1	0	1	1	0	3	0	0	0	0	0	0	0	0	0	0	1	1	3	1	1	3	1	1
"cell75"	3	0	0	0	0	0	0	0	0	0	0	0	1	3	1	0	0	3	1	1	1	0	0	0	0	0	0	0	0	0	0	0	0	3	1	1	3	1	1	3	3	1
"cell76"	0	0	0	0	0	0	0	0	0	3	0	0	3	3	3	1	1	3	1	1	3	1	0	3	0	0	3	0	0	0	0	0	0	3	1	0	1	3	1	1	1	1
"cell77"	0	0	0	0	0	3	3	0	0	0	0	0	1	0	1	3	1	0	1	1	1	1	3	0	0	0	0	0	0	3	0	3	0	3	3	1	1	1	1	1	1	1
"cell78"	0	3	0	0	0	0	3	0	0	0	0	0	1	3	3	1	1	1	1	3	1	1	3	0	0	0	0	3	0	0	0	0	0	0	1	3	3	3	1	1	0	3
"cell79"	3	3	0	3	3	0	0	0	3	0	0	0	0	1	1	0	1	1	3	0	1	1	0	0	0	0	0	0	0	0	3	0	3	0	1	1	3	1	1	1	1	1
"cell80"	3	0	0	0	0	0	0	0	0	0	0	0	1	1	1	1	0	1	1	3	3	1	0	0	0	0	0	0	0	0	3	3	3	0	1	1	1	1	1	1	1	1
"cell81"	1	0	0	0	3	3	0	0	3	0	0	0	1	1	3	1	1	3	1	1	1	1	0	0	0	0	0	0	0	0	0	0	3	0	1	3	1	1	1	1	1	1
"cell82"	0	0	0	1	0	0	0	3	0	0	0	0	1	1	1	3	1	0	1	1	1	1	0	0	0	3	0	0	0	0	3	0	0	0	1	3	1	1	1	1	1	3
"cell83"	0	0	0	0	0	0	0	0	3	3	3	0	1	1	1	1	1	1	3	1	1	1	0	3	0	0	0	3	0	3	0	3	3	0	1	1	1	1	3	1	1	1
"cell84"	0	3	0	0	0	0	3	0	0	0	0	0	3	3	1	1	0	1	3	0	1	1	0	0	0	0	0	0	0	0	0	0	0	0	1	3	1	1	3	1	1	1
"cell85"	0	0	0	3	0	0	0	0	3	3	0	0	1	1	1	1	1	1	1	1	1	1	0	0	0	0	3	0	0	0	0	0	0	0	3	1	1	1	3	1	1	1
"cell86"	0	0	0	0	0	0	3	0	3	0	0	0	3	3	1	1	1	1	3	1	1	3	3	3	0	0	3	0	0	3	0	0	0	0	1	1	1	1	0	3	1	1
"cell87"	0	0	3	0	0	0	0	0	0	3	0	3	1	1	1	1	1	1	1	0	3	1	3	0	3	0	0	0	0	0	3	0	0	0	1	1	1	1	1	1	1	0
"cell88"	3	0	0	0	0	0	0	3	3	0	0	0	3	1	1	0	3	1	1	3	1	1	3	3	3	3	0	3	0	0	0	0	0	3	3	1	3	1	1	1	1	1
"cell89"	3	0	0	0	3	0	3	0	0	0	0	0	1	1	3	1	1	1	1	1	0	1	0	3	0	0	0	0	0	0	0	0	0	0	1	0	0	1	0	1	3	1
"cell90"	3	0	0	3	0	0	0	0	0	0	0	0	1	1	3	0	1	1	1	1	1	1	0	0	3	0	0	0	0	0	0	0	0	0	3	0	1	1	1	1	1	1
"cell91"	0	0	0	3	0	0	0	3	0	0	0	0	1	3	1	1	1	1	1	1	1	3	3	0	0	3	0	3	3	0	0	3	3	3	1	1	1	3	1	1	1	3
"cell92"	1	0	0	0	3	3	0	0	0	0	0	0	1	1	1	1	3	1	3	1	1	1	0	0	0	0	3	3	3	1	0	0	0	0	1	1	1	1	1	3	1	1
"cell93"	0	3	3	0	0	0	0	0	0	0	3	0	1	1	1	1	1	3	1	1	1	1	0	3	0	0	0	0	0	0	0	0	0	1	0	3	1	1	1	1	1	1
"cell94"	0	3	0	0	0	0	0	0	0	0	0	0	1	1	1	1	3	3	1	1	1	1	0	3	3	0	3	0	0	0	0	0	0	0	1	3	1	1	1	1	1	1
"cell95"	0	3	3	0	3	0	0	3	0	0	0	0	1	1	1	1	1	1	1	3	1	3	0	0	3	0	0	3	3	0	0	0	0	0	3	1	1	1	1	3	1	1
"cell96"	0	3	0	0	0	0	0	3	0	0	0	0	1	1	3	3	1	1	1	3	3	1	0	0	0	0	0	3	3	3	0	0	0	0	1	1	1	0	1	3	3	1
"cell97"	0	0	0	0	0	3	0	0	3	0	0	3	1	1	3	1	1	3	3	1	3	1	0	3	0	0	3	3	3	0	0	0	1	0	1	0	1	1	1	1	1	1
"cell98"	0	0	0	0	0	0	0	0	0	0	1	3	0	3	1	1	1	1	1	3	1	1	0	0	0	0	0	0	0	0	0	0	0	3	1	1	0	1	1	3	1	1
"cell99"	3	0	3	0	0	3	3	0	0	0	0	0	1	3	1	3	1	1	1	3	1	1	0	0	0	0	0	0	0	3	0	0	3	0	1	1	3	1	3	3	0	1
"cell100"	0	0	0	0	0	0	0	0	3	0	0	0	1	1	1	3	3	1	3	1	1	3	0	0	0	0	0	0	0	0	3	0	3	0	1	1	1	1	0	3	1	1
"cell101"	0	0	0	0	0	3	0	3	0	3	0	0	1	1	1	1	1	0	0	1	3	3	0	0	0	3	0	0	0	0	0	0	0	0	1	1	1	1	1	1	3	1
"cell102"	0	0	0	0	0	0	0	0	0	0	0	0	1	1	1	0	1	1	1	3	1	3	0	3	3	0	0	0	0	0	0	0	0	3	1	1	0	1	1	1	1	1
"cell103"	3	3	0	3	0	0	0	0	0	3	0	3	1	1	1	3	1	0	1	1	1	1	0	0	3	0	0	0	3	0	3	3	0	0	3	1	1	3	1	1	1	1
"cell104"	0	0	0	0	0	0	0	0	0	0	0	0	1	1	3	1	1	1	1	1	3	1	0	0	0	0	0	0	3	3	0	0	0	0	1	1	1	1	1	1	1	1
"cell105"	0	0	0	0	0	0	0	0	0	0	0	0	1	1	3	1	1	1	1	1	1	1	0	0	3	3	3	0	3	0	0	3	0	3	1	1	1	1	1	1	1	1
"cell106"	3	0	0	0	0	0	1	3	3	0	0	0	1	1	1	1	1	0	1	1	1	1	0	0	0	0	0	0	0	0	0	0	3	0	3	1	1	1	1	3	1	3
"cell107"	0	0	3	0	0	0	0	0	0	3	0	0	3	1	1	1	1	1	1	1	1	1	3	0	3	0	0	0	0	0	0	0	0	0	3	3	1	1	3	1	0	1
"cell108"	0	0	0	0	0	0	1	3	0	0	0	0	1	0	3	3	1	1	1	1	1	1	0	3	0	1	3	0	0	0	0	0	0	0	1	3	1	3	1	1	3	3
"cell109"	0	3	0	0	0	0	0	0	0	3	0	3	1	1	1	1	0	1	3	3	1	1	0	0	0	0	3	3	0	3	0	0	0	0	1	3	0	1	1	1	1	1
"cell110"	0	0	0	0	0	0	0	0	0	0	0	3	3	1	3	0	1	1	1	1	1	1	0	0	1	3	0	0	0	0	0	3	0	0	1	1	1	1	1	3	1	3
"cell111"	0	0	0	3	0	0	0	0	0	0	0	0	1	3	1	3	1	1	1	1	1	3	0	0	0	1	3	0	0	3	0	0	3	3	1	3	3	3	1	1	1	1
"cell112"	0	0	3	3	0	3	0	0	0	0	0	0	1	1	1	1	1	1	3	1	1	1	0	3	3	0	3	0	3	3	0	0	0	0	1	3	3	1	1	1	1	1
"cell113"	0	0	3	0	0	0	3	0	0	0	3	3	1	1	1	3	1	1	1	1	1	1	3	0	3	0	0	0	0	0	0	3	3	0	1	1	1	3	1	1	3	1
"cell114"	0	3	0	3	0	0	0	0	0	3	0	0	1	1	3	1	1	1	1	1	1	1	0	0	3	0	0	0	0	0	0	0	0	0	3	1	1	0	1	1	1	1
"cell115"	0	0	0	0	0	0	0	0	0	0	0	0	1	1	3	1	1	3	3	0	1	1	3	0	3	3	3	3	0	3	0	0	0	0	1	3	1	1	1	1	3	1
"cell116"	3	0	3	0	0	0	0	3	0	0	3	0	1	1	1	1	1	1	1	1	1	1	3	0	0	0	0	0	0	0	0	3	0	0	1	1	1	1	0	1	1	1
"cell117"	0	0	0	3	0	0	0	3	0	0	0	3	1	1	3	1	1	1	3	1	1	1	0	0	0	0	3	3	3	0	0	0	0	0	1	3	1	0	1	1	1	1
"cell118"	0	3	0	0	0	3	0	0	0	0	0	0	1	1	3	1	1	1	1	3	1	1	0	0	0	3	3	0	0	0	0	0	3	3	1	3	1	1	0	3	1	1
"cell119"	0	0	3	0	3	0	0	0	3	0	0	0	1	0	1	1	1	1	1	3	1	1	0	0	0	0	3	0	0	0	0	0	0	0	1	1	1	1	0	1	1	3
"cell120"	0	0	0	0	0	0	0	0	0	0	0	0	1	1	3	1	1	1	1	1	3	1	0	0	0	0	0	0	0	0	0	0	0	3	1	0	1	1	1	1	1	1
"cell121"	0	0	0	0	0	0	0	0	0	0	0	0	1	1	1	1	0	1	1	1	3	1	0	3	0	0	0	0	0	0	0	0	0	0	1	3	1	1	0	1	3	1
"cell122"	0	0	0	0	0	0	0	0	3	0	0	0	1	3	1	1	1	1	1	1	3	1	0	0	0	0	0	0	0	0	0	0	0	3	1	1	1	3	1	1	1	3
"cell123"	0	0	0	0	0	1	0	3	0	3	0	0	1	3	1	1	3	1	1	3	1	1	0	0	0	0	0	0	3	0	0	3	3	0	1	1	1	1	3	1	3	3
"cell124"	0	0	0	0	0	0	0	0	0	0	3	0	0	1	1	1	1	1	0	1	1	1	0	0	0	0	3	3	0	0	0	0	0	0	1	1	1	1	3	1	1	1
"cell125"	3	0	0	3	0	3	0	0	0	0	3	0	1	1	1	1	1	3	1	1	1	1	0	0	0	0	0	3	0	0	3	0	0	0	0	1	1	1	1	1	1	1
"cell126"	0	0	3	0	3	0	0	0	3	0	0	3	1	1	1	3	1	1	1	3	1	1	0	0	0	0	0	0	3	0	0	0	0	0	3	1	1	1	1	0	1	1
"cell127"	0	0	3	0	0	0	0	0	3	3	0	3	1	3	1	1	1	1	0	1	1	1	0	0	0	0	0	0	0	0	0	0	0	0	1	1	1	1	1	1	3	3
"cell128"	0	0	0	0	0	0	0	3	0	3	0	0	1	1	1	1	1	3	1	0	0	1	0	0	0	0	0	3	3	0	0	0	0	0	1	1	3	0	1	3	1	3
"cell129"	0	0	3	0	0	0	0	0	0	0	0	0	1	1	1	1	1	1	1	1	1	1	3	3	0	0	0	0	0	3	0	0	3	0	1	1	1	1	1	1	1	3
"cell130"	0	0	0	0	0	0	0	0	0	0	3	3	1	1	1	1	1	1	1	3	1	1	0	0	0	3	3	0	0	0	0	0	0	0	1	1	1	0	3	0	1	1
"cell131"	3	0	0	0	0	0	0	3	3	0	0	0	1	1	1	1	1	0	1	1	3	1	0	0	0	0	3	1	0	0	3	0	0	0	1	1	0	3	1	1	1	1
"cell132"	0	0	0	0	0	0	0	3	0	0	3	0	1	1	1	3	1	1	1	1	1	1	0	1	3	0	3	3	3	0	3	3	0	0	0	1	1	1	1	1	1	1
"cell133"	0	0	0	0	3	0	0	0	0	0	0	3	1	1	3	1	1	3	1	1	1	1	3	0	0	0	0	0	0	0	0	0	0	0	0	1	3	1	1	1	1	3
"cell134"	0	0	0	0	0	3	0	0	0	0	0	0	0	1	1	0	1	1	1	3	1	1	0	0	0	0	0	0	3	0	0	0	0	0	3	1	1	1	3	1	1	1
"cell135"	0	0	0	0	3	0	0	0	0	0	0	0	3	1	3	1	1	3	1	1	1	1	0	0	3	0	0	0	0	0	3	0	0	3	1	1	1	1	1	1	3	3
"cell136"	0	0	0	3	0	0	3	0	0	0	0	0	3	0	3	1	3	1	1	1	1	1	0	0	3	3	3	3	3	0	0	0	0	3	1	3	1	1	1	3	1	1
"cell137"	3	3	0	0	0	0	3	0	0	0	0	0	1	3	1	3	3	3	1	1	1	1	0	0	0	0	0	0	0	0	0	0	0	0	1	1	1	1	1	3	1	1
"cell138"	0	0	0	1	0	3	0	0	0	0	0	3	1	1	1	3	1	1	3	3	1	1	0	0	0	0	0	0	0	0	0	0	0	3	1	1	1	0	3	1	1	1
"cell139"	3	0	0	0	0	0	0	0	0	0	0	0	1	1	1	1	1	1	1	1	1	3	3	0	0	0	3	0	0	3	0	0	0	0	1	1	3	1	1	1	3	1
"cell140"	0	0	0	0	0	0	3	0	0	0	0	0	1	3	3	3	1	1	1	1	1	1	0	3	3	0	3	0	3	0	0	0	0	0	1	1	0	3	1	3	1	1
"cell141"	3	0	0	0	0	3	0	0	0	0	0	0	3	0	1	1	1	1	1	1	1	1	3	0	0	3	0	0	0	3	0	0	0	3	3	3	1	1	1	1	1	1
"cell142"	3	3	0	0	0	0	0	0	0	3	0	0	1	1	3	1	1	1	1	0	1	1	0	0	0	0	0	0	3	0	0	0	0	0	3	1	1	1	1	1	1	1
"cell143"	0	0	0	0	0	0	0	0	3	3	0	0	1	1	1	1	1	1	1	3	1	1	0	0	0	0	3	0	0	0	0	1	3	0	0	1	1	1	1	1	1	1
"cell144"	0	0	0	0	0	0	0	0	0	0	3	0	1	1	1	1	1	1	1	0	1	1	3	0	0	0	0	3	0	0	0	0	0	3	1	3	1	1	1	0	3	1
"cell145"	3	0	0	0	0	0	3	0	0	0	0	0	1	3	3	1	1	1	1	1	1	1	0	3	3	0	0	0	0	0	0	0	3	0	3	1	1	1	1	1	1	1
"cell146"	3	0	3	0	0	0	3	0	3	0	0	0	1	1	1	0	1	1	1	1	1	1	0	0	3	0	3	3	0	3	0	0	0	3	3	1	1	1	0	1	1	1
"cell147"	3	3	0	0	0	0	3	0	3	0	0	0	1	1	1	1	0	1	1	1	3	1	0	0	0	0	3	0	0	3	0	0	0	0	1	1	3	1	1	1	3	1
"cell148"	0	0	0	0	0	0	0	0	0	3	0	0	1	1	1	1	1	1	1	1	3	1	0	0	0	0	3	0	0	0	0	0	0	0	1	1	1	1	0	3	1	1
"cell149"	0	0	0	0	0	0	3	0	0	0	0	3	0	1	1	1	3	1	0	1	1	1	0	0	0	0	3	0	0	0	3	0	0	0	3	3	1	1	1	1	1	3
"cell150"	3	0	0	0	3	0	0	0	0	0	0	0	1	1	0	1	1	1	0	3	1	1	0	3	3	0	0	0	0	0	0	0	0	0	1	3	0	1	1	1	3	0
"cell151"	0	0	0	0	3	3	3	0	0	0	0	0	3	1	1	3	1	1	1	1	1	1	3	0	0	0	3	0	0	0	0	0	0	3	3	1	1	1	1	1	3	1
"cell152"	0	0	1	0	0	0	0	0	0	0	0	0	1	1	1	1	1	1	1	1	1	1	0	0	0	0	0	0	0	0	0	0	0	0	3	1	0	1	1	1	1	1
"cell153"	0	3	3	0	0	3	0	0	0	0	0	0	3	1	3	1	3	1	1	1	1	1	0	0	0	0	0	0	0	0	3	3	0	0	1	1	3	1	3	3	1	1
"cell154"	3	0	0	0	0	0	0	3	0	3	0	0	1	1	1	1	1	3	1	1	1	1	0	0	0	0	0	0	0	0	0	0	0	3	1	1	1	1	1	1	1	1
"cell155"	0	0	0	0	0	0	3	0	0	0	0	3	1	3	1	1	1	1	1	1	1	1	0	0	0	0	0	0	0	0	0	3	0	0	1	1	1	1	1	1	1	1
"cell156"	3	0	0	0	0	0	3	3	3	0	0	3	1	3	3	1	1	1	1	1	1	1	1	3	0	0	0	0	0	0	0	0	3	0	0	1	1	1	1	1	1	1
"cell157"	1	0	0	0	0	0	0	0	0	0	0	0	1	1	1	3	1	3	1	1	1	1	0	0	0	0	0	0	3	3	0	0	0	0	1	1	1	1	1	1	3	3
"cell158"	0	0	0	0	0	0	0	0	3	0	3	3	1	0	1	1	3	1	1	1	1	1	0	0	0	3	0	3	3	0	0	0	0	0	1	1	1	1	1	3	1	1
"cell159"	3	0	0	0	3	0	3	3	0	3	0	3	1	3	1	1	1	3	1	1	3	1	3	0	0	0	3	3	0	0	0	0	3	0	1	1	1	1	3	1	1	1
"cell160"	0	0	0	0	0	0	3	0	3	0	0	0	1	1	1	1	3	1	1	3	1	1	0	3	3	0	0	3	0	0	3	0	0	0	1	1	0	1	3	3	1	1
"cell161"	3	0	0	0	0	0	3	0	0	0	3	0	3	3	1	1	1	1	1	1	3	1	3	0	0	0	0	0	0	0	0	3	0	0	1	3	1	1	1	1	1	1
"cell162"	0	3	0	0	0	0	0	3	3	0	0	0	1	3	1	3	3	3	3	1	1	1	0	0	0	3	0	0	0	3	0	0	0	0	1	3	1	3	1	1	3	1
"cell163"	0	0	0	0	0	0	0	3	0	3	0	0	1	1	1	3	3	1	1	1	1	3	0	0	3	0	0	0	0	0	0	0	0	3	1	3	0	1	1	1	3	1
"cell164"	0	0	0	0	0	0	3	0	0	3	0	0	1	1	1	1	1	1	3	1	1	1	0	0	0	0	3	0	0	3	3	3	0	3	1	3	3	3	1	3	1	1
"cell165"	0	0	0	0	0	0	0	0	0	3	0	0	1	1	0	1	1	1	3	1	1	3	3	0	0	0	0	0	0	0	0	0	3	0	0	3	1	1	1	1	1	3
"cell166"	0	3	3	3	0	0	0	0	3	0	0	3	1	1	3	0	3	3	1	1	0	3	3	0	0	0	0	0	0	0	0	0	0	3	1	1	1	1	3	3	1	1
"cell167"	0	3	0	0	0	0	0	0	3	0	0	3	1	1	3	3	3	3	1	3	1	1	0	0	0	0	0	0	3	0	0	0	3	0	1	1	0	1	1	1	1	3
"cell168"	0	0	0	0	0	0	0	0	0	0	0	0	3	3	3	1	1	1	1	3	1	1	0	0	0	0	3	0	0	0	0	0	0	0	1	1	1	1	1	1	1	1
"cell169"	3	0	0	0	0	0	0	0	0	0	3	0	1	1	1	1	1	0	3	0	3	1	0	0	3	0	0	0	0	0	3	0	3	0	1	3	3	1	1	1	1	3
"cell170"	0	0	0	3	0	0	0	0	0	0	0	0	1	1	1	1	1	1	1	1	3	1	3	0	0	0	0	0	0	1	3	0	0	0	1	1	0	3	1	3	0	1
"cell171"	0	0	3	0	0	0	0	0	3	0	0	0	3	1	1	1	1	1	1	1	1	1	0	0	0	0	0	3	3	0	0	0	0	0	1	3	1	1	1	1	3	1
"cell172"	0	0	0	0	0	0	0	0	3	0	0	0	3	3	0	1	1	3	1	1	1	1	3	3	0	0	0	3	3	0	0	3	0	0	1	1	3	3	0	3	3	1
"cell173"	0	0	0	0	3	0	0	0	0	0	0	0	1	1	1	3	0	1	0	0	1	1	0	0	0	0	0	0	3	0	0	0	0	0	1	1	1	1	1	1	0	1
"cell174"	0	0	0	0	0	0	0	3	0	3	0	0	1	3	1	1	1	1	1	1	1	1	0	0	0	0	3	0	0	0	0	0	3	0	3	1	1	1	1	1	1	3
"cell175"	0	0	3	0	0	3	0	0	0	3	0	0	1	1	1	1	0	1	1	1	1	1	0	0	0	0	0	3	3	0	0	0	0	3	1	1	1	1	1	1	0	1
"cell176"	0	0	0	0	0	3	3	3	0	0	0	0	1	1	1	1	1	1	0	3	1	1	0	0	0	0	3	0	0	0	0	0	0	3	1	1	1	3	1	1	3	3
"cell177"	3	0	0	0	0	0	0	3	0	3	0	0	0	0	1	3	1	1	1	1	0	1	0	0	0	0	0	0	0	0	0	0	0	0	1	1	1	1	0	1	1	0
"cell178"	0	3	0	0	0	0	1	3	0	0	0	0	1	1	1	1	1	1	1	1	3	1	0	0	0	0	0	0	0	3	0	0	0	3	1	3	1	1	1	1	3	1
"cell179"	0	3	0	3	0	0	3	0	0	0	0	0	3	0	3	1	3	1	0	3	1	1	0	0	0	0	0	0	0	0	0	0	3	3	1	3	1	1	1	1	3	0
"cell180"	0	0	0	3	0	0	0	0	0	0	0	0	1	1	1	1	1	1	1	1	1	1	1	0	0	0	0	3	0	0	0	0	0	0	1	1	1	3	1	1	1	1
"cell181"	0	0	0	3	0	0	0	3	0	0	0	0	3	1	1	1	1	3	1	3	3	1	0	0	0	0	3	0	3	0	3	0	0	0	1	1	0	1	1	1	1	1
"cell182"	0	0	0	3	0	0	0	0	3	3	0	0	0	1	0	1	1	0	1	1	1	1	0	0	0	0	1	0	0	0	0	0	0	0	0	1	1	1	1	1	1	1
"cell183"	0	0	0	0	0	0	0	0	0	3	0	0	1	1	1	1	3	3	1	0	3	1	0	0	0	0	0	0	0	3	0	0	3	3	1	1	1	1	3	1	3	1
"cell184"	3	0	0	3	0	0	0	3	0	0	0	1	1	1	3	1	1	1	1	1	1	1	1	0	0	0	0	3	3	0	0	0	0	0	1	1	3	1	1	1	1	1
"cell185"	0	0	0	0	3	0	3	0	3	0	0	0	1	1	3	1	1	3	1	1	1	1	0	0	3	0	3	0	3	0	0	0	0	0	1	3	1	0	0	3	3	1
"cell186"	0	0	0	0	0	0	3	0	0	0	3	0	1	1	0	3	1	1	3	1	1	3	0	0	0	3	0	0	3	0	0	0	0	0	0	1	1	1	1	1	1	0
"cell187"	0	0	3	0	0	0	0	3	0	0	0	3	3	3	1	3	1	3	3	1	1	1	0	3	0	0	0	0	0	0	0	3	0	3	1	1	3	1	1	1	1	1
"cell188"	3	0	3	3	0	0	0	3	0	0	0	3	1	1	3	1	3	1	0	3	1	1	0	0	0	3	0	0	0	0	0	0	0	0	1	1	1	1	1	1	1	3
"cell189"	3	0	0	3	0	3	0	0	0	0	0	0	1	1	3	1	0	0	1	1	0	1	0	3	0	0	0	0	0	0	3	0	1	0	1	1	1	1	1	3	1	1
"cell190"	3	3	0	0	3	3	0	0	3	3	0	0	1	1	1	1	1	1	1	1	1	1	0	0	0	0	0	0	0	0	3	3	0	0	1	1	1	3	3	1	1	1
"cell191"	0	0	0	0	0	0	0	0	0	0	0	0	1	3	1	3	1	1	1	1	1	1	0	0	3	0	0	0	0	0	3	0	0	0	0	1	0	1	1	0	1	0
"cell192"	3	0	0	0	0	0	0	3	3	0	0	0	1	1	3	3	3	1	3	1	1	3	0	3	0	3	0	3	0	3	0	0	3	0	1	1	1	1	1	3	3	1
"cell193"	0	0	0	3	0	0	0	3	0	0	3	0	3	3	1	1	1	0	1	1	1	3	0	0	0	0	0	0	0	0	0	0	0	3	1	1	0	3	1	1	3	1
"cell194"	0	0	0	0	0	0	3	0	0	0	0	0	1	3	1	1	1	1	0	3	0	3	3	0	0	0	0	0	0	3	0	0	3	0	1	1	1	1	1	1	0	0
"cell195"	0	0	0	0	3	0	0	0	0	0	0	0	3	1	0	1	0	1	1	1	1	1	0	3	0	3	0	0	0	0	0	0	0	3	0	1	1	3	0	1	0	1
"cell196"	0	0	0	0	0	0	0	0	0	0	0	3	1	3	1	1	1	1	1	1	3	1	0	0	3	0	0	0	0	0	0	0	0	0	1	3	3	1	1	1	1	1
"cell197"	0	0	0	0	0	0	0	0	0	0	0	1	1	1	1	1	1	3	3	3	1	1	0	3	0	0	0	0	0	0	0	0	0	0	0	1	1	1	3	1	3	0
"cell198"	0	0	3	3	0	0	0	0	0	3	0	0	3	1	3	3	3	0	1	1	1	1	0	0	3	0	0	0	0	0	0	0	0	3	1	0	1	1	1	1	1	3
"cell199"	0	0	0	0	3	0	0	0	3	0	3	0	3	1	0	3	1	1	1	3	1	0	0	0	0	0	0	0	0	0	0	0	0	0	1	1	1	3	3	1	1	3
"cell200"	0	0	0	0	3	0	0	0	0	0	0	0	3	1	1	1	1	1	1	1	3	1	0	0	1	0	3	0	0	0	0	0	3	0	1	1	1	1	1	3	1	1
"cell201"	0	0	0	0	0	0	0	0	0	3	3	3	3	1	1	1	1	0	1	0	3	1	3	0	0	0	0	0	3	3	0	0	0	0	3	1	1	3	0	3	1	1
"cell202"	0	0	0	3	0	0	0	0	3	0	0	3	1	3	3	1	1	1	3	0	1	1	0	0	0	0	0	0	0	3	3	0	0	0	1	1	3	1	1	1	3	1
"cell203"	0	0	0	0	0	0	0	0	3	3	0	0	3	1	1	1	0	1	1	0	1	1	3	0	3	0	0	3	0	0	0	0	0	0	3	1	1	1	3	0	1	1
"cell204"	0	3	0	0	0	0	0	0	3	3	0	0	3	1	0	1	1	1	1	3	1	1	0	3	0	3	0	0	3	0	0	0	0	0	1	1	3	1	3	1	1	1
"cell205"	0	0	3	0	0	3	3	0	0	3	0	0	0	1	1	1	1	1	1	3	1	3	0	0	1	0	0	0	3	3	3	0	0	0	1	1	3	3	1	1	1	1
"cell206"	0	0	0	0	0	0	3	0	0	0	1	0	1	3	1	1	1	1	1	1	0	1	0	1	0	3	0	0	0	3	3	0	0	0	3	1	1	1	1	1	1	1
"cell207"	0	0	0	0	0	3	3	3	0	3	0	0	3	1	3	1	1	1	1	1	1	1	0	0	0	3	0	0	0	0	0	0	0	0	1	1	1	1	1	3	1	1
"cell208"	3	3	0	3	0	0	0	3	0	0	0	0	3	1	1	1	1	1	3	1	3	3	3	0	0	0	0	3	0	0	0	0	0	0	3	1	3	3	1	1	1	1
"cell209"	0	3	0	0	0	0	0	0	0	0	0	0	1	1	1	3	1	1	1	1	1	1	0	0	0	0	0	0	0	3	3	0	0	0	1	1	1	3	1	3	0	1
"cell210"	0	0	0	0	0	0	3	0	3	3	0	0	3	1	1	1	1	1	0	3	1	1	0	0	3	0	0	0	0	0	0	0	0	3	1	1	3	1	3	1	1	3
"cell211"	0	0	0	3	0	0	0	0	0	0	3	3	1	3	1	0	1	1	1	1	1	0	0	0	0	3	0	0	0	0	0	0	0	0	1	1	1	1	1	1	1	0
"cell212"	3	0	0	0	0	3	0	3	0	0	0	0	1	1	1	3	1	1	0	1	3	1	3	0	0	0	0	0	0	0	0	0	0	0	1	1	1	1	3	1	1	3
"cell213"	0	3	0	0	0	0	0	0	1	0	0	0	1	1	1	1	3	1	1	1	1	1	3	0	0	0	3	3	0	0	0	0	0	3	0	0	1	1	1	1	3	1
"cell214"	0	3	0	0	0	0	3	3	0	0	0	0	0	1	1	0	3	1	1	3	1	1	0	0	3	3	3	0	3	0	3	0	3	0	1	1	1	1	1	1	1	1
"cell215"	0	3	0	0	3	0	0	3	3	0	0	3	0	3	1	3	1	1	1	1	3	1	0	0	0	0	3	0	0	0	0	3	0	3	1	3	0	1	1	1	1	0
"cell216"	0	3	3	0	0	0	0	0	0	3	0	0	1	3	3	1	1	1	3	1	1	1	3	0	0	0	3	0	0	0	3	0	0	0	1	1	1	1	0	3	1	3
"cell217"	3	0	0	0	1	0	3	3	0	0	0	0	3	1	1	1	0	1	1	3	1	1	0	0	0	3	0	0	0	0	0	0	3	0	3	1	1	1	3	1	1	3
"cell218"	0	0	0	0	0	3	0	0	0	0	0	0	1	3	1	3	1	0	1	1	1	1	0	0	0	0	3	0	0	0	0	0	3	0	1	1	1	1	1	1	1	1
"cell219"	0	3	0	0	3	3	0	3	3	0	0	0	1	3	0	1	1	1	1	1	1	1	0	0	0	0	0	0	0	0	0	0	0	0	1	1	3	3	0	3	1	1
"cell220"	0	0	0	3	0	0	0	0	0	3	0	0	1	1	0	1	0	1	1	0	1	1	0	0	0	3	0	3	0	0	0	0	0	0	1	1	1	1	1	1	1	3
"cell221"	0	0	0	0	0	0	3	0	0	0	0	3	1	3	1	1	3	1	1	1	1	1	0	0	3	0	3	0	0	3	3	0	0	0	1	3	1	1	1	1	1	1
"cell222"	0	3	0	0	0	0	0	0	0	0	0	0	1	1	1	1	1	3	0	1	1	1	0	3	0	0	0	0	0	3	0	0	3	0	1	1	1	3	1	1	1	1
"cell223"	0	3	0	0	0	0	0	0	0	0	0	3	3	1	1	3	3	0	1	1	1	1	0	3	0	0	0	0	0	0	0	0	0	0	1	1	0	1	1	0	1	1
"cell224"	0	0	0	0	3	0	0	0	0	0	0	0	3	1	1	1	1	1	1	0	1	1	0	0	0	0	0	0	0	0	0	0	0	0	1	1	1	1	3	3	1	1
"cell225"	0	0	0	0	3	0	0	0	3	0	0	0	3	0	1	1	1	1	3	1	3	3	0	0	0	3	3	0	0	3	0	0	0	0	1	1	1	1	1	1	1	0
"cell226"	0	0	0	0	0	0	3	0	0	3	0	0	1	1	1	1	1	1	1	3	1	1	0	0	1	0	0	0	0	0	0	0	0	0	1	1	1	1	1	3	1	1
"cell227"	3	0	0	3	0	0	0	0	3	0	0	0	1	3	1	1	1	0	1	3	1	3	0	0	3	0	0	0	0	0	3	3	3	0	1	1	3	1	3	1	1	1
"cell228"	0	0	0	0	0	0	3	0	0	0	3	0	1	1	3	1	1	1	3	1	1	1	0	0	0	0	0	3	0	0	3	0	0	0	3	1	3	1	1	3	3	1
"cell229"	0	3	0	0	0	0	0	3	0	0	0	0	1	1	1	1	1	1	1	1	1	3	0	0	0	0	0	0	0	0	0	3	0	0	3	3	3	1	0	1	3	1
"cell230"	0	3	0	0	0	0	0	0	0	3	0	0	1	1	1	1	1	1	3	3	1	1	0	0	0	0	0	0	0	0	0	0	0	0	1	1	0	1	1	1	3	1
"cell231"	0	0	0	0	3	0	0	0	0	0	0	0	1	1	1	1	0	1	1	1	1	3	0	0	0	0	0	0	0	0	0	0	0	3	1	1	1	0	1	1	3	3
"cell232"	3	0	0	0	0	0	0	0	0	0	0	0	1	1	1	1	1	1	1	3	1	1	0	0	0	0	0	0	0	0	0	0	0	0	3	1	0	3	1	3	0	1
"cell233"	0	0	3	0	0	0	3	3	3	0	0	0	1	1	1	1	1	1	3	1	0	1	0	0	0	0	0	3	3	0	0	0	0	0	3	3	1	1	1	3	1	0
"cell234"	0	0	0	0	0	0	0	3	0	0	3	0	0	1	1	0	1	1	1	3	3	3	0	0	0	0	0	0	0	0	0	0	0	0	1	1	0	1	1	1	1	1
"cell235"	0	0	3	0	0	0	0	3	0	0	0	0	1	3	1	0	1	1	1	1	1	1	0	0	0	0	0	0	0	0	0	3	0	0	0	1	1	0	3	3	1	1
"cell236"	0	3	0	0	3	0	0	0	0	0	0	0	1	1	3	1	1	1	1	1	3	1	0	0	3	0	0	0	0	1	3	0	0	0	1	1	1	1	1	1	1	1
"cell237"	0	0	0	3	0	0	0	3	3	0	0	0	1	1	1	3	1	1	0	1	1	1	0	0	3	0	3	0	0	0	0	0	0	0	3	1	1	1	1	1	3	1
"cell238"	0	3	0	0	0	0	0	0	3	0	0	3	1	1	1	1	1	1	1	3	1	3	0	0	0	0	0	0	0	0	0	0	0	0	3	3	3	1	3	3	1	1
"cell239"	0	0	3	0	0	0	0	0	0	0	0	0	1	0	1	1	1	1	1	1	1	1	0	3	3	3	3	0	3	0	0	0	0	0	1	0	1	1	1	3	1	1
"cell240"	0	0	0	0	3	3	0	0	0	0	0	0	1	3	1	1	1	3	1	1	0	1	0	0	3	0	0	0	0	3	0	0	0	0	3	1	1	1	3	3	1	1
"cell241"	0	0	0	0	0	0	0	0	0	3	0	0	3	1	1	1	3	0	1	1	1	1	0	0	3	0	0	0	0	0	0	3	3	0	3	1	1	3	1	1	0	3
"cell242"	0	0	0	0	0	3	0	0	0	0	0	3	1	3	1	1	1	3	1	1	1	1	0	0	0	0	0	0	0	3	0	0	0	0	1	3	3	1	1	0	1	3
"cell243"	0	0	0	0	0	0	3	0	0	0	0	0	1	1	1	1	1	3	1	3	1	1	0	0	0	0	0	3	0	3	3	3	0	0	3	1	1	1	1	1	1	3
"cell244"	0	3	0	0	3	1	3	0	0	3	0	0	1	3	1	1	1	3	1	1	1	1	0	3	0	0	0	0	0	3	0	3	0	0	1	1	1	0	3	1	1	3
"cell245"	0	0	0	0	0	0	1	0	0	0	0	0	3	1	1	1	1	3	1	3	1	3	0	0	0	0	0	0	0	0	0	3	0	0	1	1	1	1	3	0	1	3
"cell246"	0	0	3	0	3	0	0	3	0	3	0	0	1	1	1	1	1	1	1	1	1	1	3	0	3	0	0	3	0	0	3	0	3	0	3	3	3	1	0	3	1	1
"cell247"	3	0	0	0	0	0	1	0	0	0	0	0	1	0	1	1	1	1	1	1	1	1	0	0	3	0	3	0	0	0	0	0	0	0	0	1	3	0	0	0	0	1
"cell248"	0	0	3	0	0	0	0	0	0	3	3	0	3	3	1	3	0	1	0	1	1	1	0	0	3	0	3	3	0	0	3	0	0	0	1	1	0	0	3	1	1	1
"cell249"	0	0	3	0	0	0	3	3	0	0	3	0	0	1	1	3	1	1	3	1	3	1	3	0	3	0	0	3	0	0	0	0	0	0	1	1	0	1	1	1	1	3
"cell250"	3	0	0	0	0	0	0	3	0	0	0	0	1	1	1	0	1	1	1	1	3	1	0	0	0	3	0	0	0	0	0	0	0	0	1	3	1	3	0	3	1	1
"cell251"	3	3	0	3	0	0	3	0	0	0	0	0	1	1	1	1	1	1	1	1	1	1	0	0	0	0	0	0	3	0	1	3	0	0	1	1	1	3	1	3	3	3
"cell252"	3	0	3	0	3	0	0	0	0	0	0	0	3	1	1	3	1	1	1	3	1	1	0	0	3	3	0	0	3	0	0	0	3	0	3	3	1	1	3	3	1	0
"cell253"	0	0	0	0	0	0	0	0	0	0	0	3	1	1	1	1	1	1	1	1	1	3	3	0	0	3	0	3	0	3	0	0	0	0	1	1	3	1	0	1	1	0
"cell254"	0	0	0	1	0	0	0	0	0	0	0	0	1	1	1	1	1	3	1	1	1	1	0	0	0	0	0	0	0	3	3	0	0	0	0	0	1	1	1	1	1	1
"cell255"	0	0	0	0	3	0	3	0	3	0	0	0	0	1	3	1	1	1	1	3	1	1	0	0	0	0	1	0	0	0	0	0	0	3	1	3	1	1	3	1	1	1
"cell256"	0	0	3	3	0	0	0	3	0	0	3	0	1	1	1	1	1	1	3	3	1	1	0	3	0	3	0	0	0	3	0	0	3	3	1	1	0	1	3	0	3	0
"cell257"	0	0	3	0	0	0	0	0	0	0	3	3	1	1	3	1	1	1	1	1	3	1	0	0	0	0	0	0	0	0	1	0	0	0	1	1	1	3	1	3	1	1
"cell258"	0	0	0	0	1	0	0	0	0	0	0	3	1	1	1	1	1	1	1	1	1	1	0	0	0	0	3	0	3	0	0	0	0	0	3	1	1	1	0	1	1	1
"cell259"	0	0	0	0	0	0	0	0	0	0	0	0	1	1	1	1	1	0	1	1	1	3	0	3	0	0	0	0	0	0	3	0	0	0	1	3	3	1	1	1	1	1
"cell260"	0	0	0	3	0	0	0	0	0	0	3	0	0	1	1	1	1	1	1	3	1	1	0	0	0	0	0	0	0	3	0	0	0	0	1	1	3	1	1	0	3	1
"cell261"	0	0	3	3	0	0	3	0	0	3	1	0	1	1	1	0	1	1	3	3	1	1	0	3	3	0	3	0	0	0	3	0	0	1	1	1	3	3	1	1	3	1
"cell262"	0	0	0	3	0	0	0	0	3	0	3	0	1	3	1	1	1	1	1	0	1	1	0	0	0	0	0	0	0	0	0	0	0	0	3	1	3	1	3	1	0	1
"cell263"	3	0	0	0	3	0	3	3	0	0	0	0	1	1	3	0	1	1	1	1	1	0	0	0	0	1	3	0	0	0	0	0	0	0	1	1	1	1	1	1	1	1
"cell264"	0	3	0	0	0	0	3	0	0	3	0	3	1	3	1	1	1	1	3	1	1	1	0	0	0	3	0	0	0	0	3	0	0	0	1	1	1	1	1	1	1	3
"cell265"	3	0	0	0	0	0	3	0	3	0	0	0	1	0	1	1	1	1	3	1	1	3	0	0	0	0	0	3	0	0	3	0	0	3	1	1	1	1	1	3	1	1
"cell266"	0	3	0	0	0	0	3	3	0	0	0	0	1	1	1	1	1	1	1	1	1	1	0	3	3	0	0	0	0	3	0	0	0	0	0	1	3	1	3	3	1	1
"cell267"	3	3	3	3	0	0	0	0	3	3	3	3	3	1	3	1	1	1	1	1	1	1	0	3	0	0	0	0	0	0	0	3	0	0	0	1	1	3	0	1	1	1
"cell268"	3	0	0	0	0	0	0	3	0	0	0	0	1	1	1	1	1	1	1	1	1	1	0	0	0	0	0	3	3	0	0	0	0	3	1	3	3	1	1	1	1	3
"cell269"	0	0	0	0	0	0	3	0	3	0	0	0	3	1	1	1	1	1	3	1	1	1	0	0	0	0	0	0	1	0	0	0	3	0	3	0	1	3	0	1	1	1
"cell270"	3	3	0	0	0	3	0	0	0	0	0	3	1	0	1	1	1	3	0	1	1	1	0	3	0	0	0	0	0	0	0	3	0	3	1	1	3	0	1	0	1	1
"cell271"	0	0	3	0	0	3	3	0	0	0	0	0	1	3	1	1	1	1	1	1	3	1	0	0	0	0	0	3	0	0	0	0	3	0	3	1	1	1	1	1	1	1
"cell272"	0	0	0	0	0	0	0	0	0	0	0	0	1	1	3	3	1	1	1	3	1	1	3	0	0	3	3	3	3	3	0	3	0	1	0	1	1	0	1	1	1	0
"cell273"	0	0	0	0	3	0	0	0	0	0	0	3	1	3	1	1	1	1	1	1	3	1	0	0	0	3	0	0	0	0	3	0	0	3	1	1	1	1	1	1	1	1
"cell274"	0	0	3	3	0	0	0	0	0	0	0	3	1	1	1	1	1	1	1	1	1	3	0	0	0	0	0	0	0	3	0	0	0	0	1	1	3	1	1	1	3	1
"cell275"	0	0	0	0	0	3	0	0	0	0	3	0	3	3	1	1	1	0	3	1	0	1	0	0	3	0	3	3	0	0	0	0	0	3	3	0	1	1	1	1	3	1
"cell276"	0	0	3	0	0	0	0	0	0	0	0	0	3	0	0	1	3	1	3	1	1	1	0	0	0	3	0	0	0	0	3	0	0	3	1	3	1	1	3	3	1	1
"cell277"	0	0	0	0	0	3	0	0	0	3	0	0	1	3	1	3	1	1	3	1	1	3	0	0	0	0	0	0	0	3	0	0	3	0	1	0	1	1	1	1	3	3
"cell278"	3	0	0	0	0	0	0	0	0	3	0	0	1	3	1	1	1	1	3	3	1	1	0	3	3	3	0	0	0	0	0	0	3	0	1	1	1	3	1	1	1	1
"cell279"	0	0	0	0	3	0	3	0	0	0	3	0	0	1	3	1	1	0	0	1	0	1	0	0	0	0	0	0	3	0	0	0	0	0	1	3	1	0	1	0	1	3
"cell280"	3	0	0	3	3	0	3	3	0	3	3	3	1	3	1	3	1	3	1	1	0	0	0	0	3	0	3	3	0	0	0	3	0	3	1	1	0	1	3	3	3	3
"cell281"	0	0	0	3	0	0	0	0	0	0	0	0	1	1	1	1	1	3	3	0	0	3	0	0	3	0	0	0	0	0	0	0	0	0	1	1	1	1	1	1	1	1
"cell282"	0	0	0	0	0	0	0	0	0	3	0	0	1	1	1	1	1	0	0	3	1	3	1	0	0	0	3	0	0	0	3	0	0	0	3	1	1	3	1	1	1	3
"cell283"	0	0	0	0	0	3	0	0	0	3	0	0	1	1	1	1	0	3	1	1	1	3	3	0	0	0	0	3	0	0	0	0	0	0	1	0	1	0	1	1	1	3
"cell284"	0	0	3	3	0	0	0	0	0	0	3	0	1	0	0	0	1	1	1	1	3	1	0	0	3	0	0	3	0	0	0	3	3	0	1	0	0	1	3	1	3	1
"cell285"	0	0	0	0	0	0	0	0	0	0	3	3	1	1	1	1	1	1	1	1	1	1	3	0	0	0	0	0	0	0	3	0	0	0	1	0	1	1	1	1	1	1
"cell286"	0	0	3	0	0	0	0	3	0	0	1	0	1	1	3	3	3	1	3	1	1	1	0	0	3	0	0	0	3	3	0	3	0	0	1	1	3	3	1	1	1	1
"cell287"	0	0	0	0	0	0	0	0	0	3	0	3	1	0	1	1	3	3	1	1	1	1	0	3	3	3	3	0	0	0	0	3	0	0	3	1	1	3	1	1	1	1
"cell288"	3	0	0	0	0	0	3	0	0	0	0	0	0	1	3	3	1	1	0	1	3	3	0	0	0	3	0	0	0	0	0	0	0	0	1	1	1	1	1	0	1	1
"cell289"	0	3	3	0	0	0	0	0	0	3	3	0	1	1	1	1	1	1	1	3	1	3	0	0	0	0	3	3	0	0	0	0	0	0	1	1	1	0	3	1	1	1
"cell290"	0	3	3	0	0	3	0	0	0	0	0	0	1	1	1	3	3	3	1	1	1	3	0	0	0	0	3	0	0	0	3	0	0	0	1	1	1	3	1	1	1	3
"cell291"	0	0	0	0	3	0	0	0	0	3	0	0	3	1	1	1	1	3	1	1	1	1	3	0	0	0	3	0	0	0	3	0	0	0	3	1	1	0	3	3	1	1
"cell292"	0	0	0	0	0	0	3	0	0	0	0	0	1	1	1	1	1	0	1	1	1	1	0	0	0	0	3	0	0	0	0	3	0	0	3	1	1	1	1	3	0	0
"cell293"	3	0	3	0	0	0	0	0	0	0	1	0	3	3	1	1	3	1	0	1	1	1	3	3	0	3	0	0	0	0	3	0	0	0	3	3	1	1	1	1	3	1
"cell294"	0	0	0	0	0	0	0	0	0	0	0	0	3	1	3	3	1	3	1	1	1	1	0	0	0	0	0	3	0	0	0	3	0	0	1	1	3	1	1	1	1	1
"cell295"	0	3	0	0	0	3	0	0	0	3	3	0	1	3	1	1	0	3	1	1	1	1	0	0	0	0	3	3	0	0	0	3	0	0	1	3	1	1	3	1	3	3
"cell296"	0	0	3	0	0	0	0	0	0	0	3	0	1	1	1	1	1	1	1	1	1	1	0	0	0	0	0	0	0	3	0	0	0	0	1	1	1	3	1	3	1	1
"cell297"	3	0	0	0	3	0	0	0	0	0	3	0	1	1	1	1	1	1	3	1	1	1	0	0	3	3	0	0	0	0	0	0	0	0	1	0	1	1	0	1	1	0
"cell298"	0	0	3	0	0	0	0	0	0	0	0	0	1	1	3	1	1	0	1	3	1	1	3	0	0	0	0	3	0	3	0	0	0	0	1	1	1	1	1	1	1	1
"cell299"	3	0	0	0	0	0	3	3	0	0	0	0	1	0	0	1	1	1	1	3	1	1	0	0	0	0	3	0	0	0	3	0	3	0	1	1	1	1	1	1	1	0
"cell300"	3	0	0	3	0	3	0	0	0	0	0	0	1	1	1	3	3	1	3	1	1	3	0	0	0	3	0	0	3	3	0	0	0	0	1	3	1	0	1	1	1	1
"cell301"	0	0	0	0	0	0	0	0	0	0	0	0	1	3	3	1	1	1	1	1	1	1	0	0	3	0	0	3	0	0	0	0	0	3	1	1	1	1	3	1	3	1
"cell302"	0	0	0	0	0	0	0	3	3	0	0	0	1	3	1	3	1	1	1	1	1	3	0	0	0	0	3	3	0	0	3	3	0	0	0	3	3	1	1	1	1	1
"cell303"	1	3	0	0	0	0	3	3	0	0	3	0	1	1	1	3	1	1	1	1	3	1	0	0	0	0	0	0	3	0	0	0	0	0	3	1	1	3	1	1	1	1
"cell304"	0	3	0	0	0	0	0	0	0	0	0	0	1	3	1	1	1	3	1	1	1	1	0	0	3	3	0	0	0	0	0	0	3	0	1	0	3	1	1	3	1	1
"cell305"	0	0	0	0	0	0	0	0	0	0	0	0	0	1	0	1	1	1	1	3	1	1	0	0	0	0	0	0	0	0	0	0	0	0	1	1	0	3	0	1	1	1
"cell306"	0	3	0	0	3	0	0	0	0	0	0	0	1	3	1	1	1	1	1	3	1	1	0	0	0	0	0	0	0	0	0	0	0	0	1	1	1	1	1	3	1	1
"cell307"	0	3	0	3	0	0	0	0	0	0	0	0	1	1	1	1	0	3	0	1	1	3	0	0	0	3	3	0	0	3	0	0	0	3	1	0	1	1	1	1	1	1
"cell308"	0	0	3	0	0	3	0	3	0	0	0	0	3	1	1	1	1	1	1	1	1	1	0	3	0	0	0	0	0	3	0	0	0	0	1	3	1	0	1	1	3	1
"cell309"	0	0	0	3	0	0	0	0	0	0	0	0	1	1	1	1	1	1	1	1	1	1	3	0	0	0	0	0	0	0	3	0	0	0	3	1	1	1	1	1	1	1
"cell310"	0	0	3	0	0	0	0	0	0	3	0	0	0	1	1	1	1	1	3	1	0	1	3	3	0	0	0	0	3	0	0	3	0	0	1	1	0	1	0	3	0	3
"cell311"	0	0	0	0	0	3	0	0	0	0	0	0	0	1	1	3	1	1	0	1	1	1	0	0	0	0	0	3	0	0	0	0	0	0	1	3	1	0	1	1	1	0
"cell312"	3	3	0	0	0	0	0	0	0	0	0	0	1	1	1	3	0	1	0	1	1	1	0	0	0	0	0	0	0	0	0	0	0	3	0	1	1	1	1	3	1	1
"cell313"	3	0	0	0	3	0	0	0	0	0	0	0	1	1	3	1	1	0	1	3	1	1	0	3	3	3	0	0	0	0	0	0	0	1	3	1	1	0	3	0	1	1
"cell314"	0	0	0	0	0	0	3	0	0	0	0	0	3	1	1	1	1	1	1	1	1	1	3	0	0	3	0	3	3	0	0	0	0	0	1	1	1	1	0	1	1	1
"cell315"	3	0	0	3	0	0	0	3	3	0	3	0	1	3	1	1	1	1	3	0	3	1	0	0	0	3	0	0	0	0	0	0	3	0	1	3	1	0	1	1	1	3
"cell316"	0	3	0	3	0	0	0	0	0	3	0	0	1	1	1	1	1	1	3	1	1	1	0	0	0	0	0	0	0	3	0	0	0	3	1	0	0	1	1	1	3	3
"cell317"	0	0	3	0	0	3	0	3	0	0	0	0	1	1	0	1	3	1	1	1	1	1	0	0	0	3	3	0	0	0	0	0	0	0	1	1	0	0	1	3	1	1
"cell318"	0	0	3	0	3	0	0	0	0	0	0	0	1	3	3	1	1	3	3	1	0	1	0	0	0	0	0	0	0	3	0	0	0	0	3	1	1	3	1	1	1	1
"cell319"	0	0	0	0	0	0	0	3	0	0	0	3	3	1	1	1	1	3	1	1	0	1	3	3	0	0	0	0	0	0	0	0	3	0	1	0	1	1	1	1	1	3
"cell320"	0	0	3	0	0	0	0	0	0	3	0	1	3	1	0	1	1	1	0	0	3	0	0	3	3	0	3	0	3	3	0	0	0	0	3	3	0	1	1	1	1	1
"cell321"	3	0	0	0	3	1	0	3	0	0	0	0	1	3	1	1	1	1	0	3	1	3	0	0	3	3	0	3	0	0	0	0	3	0	1	1	1	3	0	3	1	3
"cell322"	0	0	3	0	0	0	0	0	0	0	0	0	1	1	1	1	1	3	1	3	1	1	0	0	1	0	0	3	0	0	0	0	3	3	1	0	3	3	0	1	1	1
"cell323"	0	0	3	1	0	0	0	0	0	0	0	0	1	3	1	3	1	1	1	1	1	1	0	0	3	0	0	3	3	0	0	0	0	0	1	1	1	1	1	1	1	1
"cell324"	0	0	0	0	0	0	3	0	0	0	0	0	1	3	1	1	3	1	1	0	1	1	3	0	3	0	0	0	0	3	0	0	3	3	0	1	0	1	3	1	1	3
"cell325"	0	0	0	0	0	3	3	3	0	0	0	3	1	1	3	3	1	1	1	1	1	1	3	0	0	0	0	3	0	0	3	0	0	3	1	1	3	3	1	1	0	1
"cell326"	0	3	3	0	0	0	0	0	0	0	3	0	1	1	0	1	1	1	1	1	1	1	0	3	0	3	0	0	0	0	0	3	0	0	0	3	3	1	1	1	1	1
"cell327"	0	0	0	0	0	0	0	3	0	0	0	0	1	1	1	1	3	3	1	1	1	1	3	0	0	0	0	3	3	3	0	0	0	0	1	1	1	1	1	0	1	1
"cell328"	0	0	3	0	0	0	0	0	0	0	3	0	1	1	1	1	1	3	1	1	3	1	0	0	0	0	0	3	0	0	3	3	0	0	1	0	3	1	1	1	1	1
"cell329"	0	0	0	0	0	3	0	0	0	0	0	0	3	1	3	1	1	1	1	3	3	1	0	0	0	0	3	0	0	0	3	1	0	3	1	3	3	1	3	3	1	1
"cell330"	0	0	0	0	0	0	0	0	0	0	3	0	3	0	0	1	1	3	3	1	1	1	0	0	3	0	0	0	0	0	0	0	3	3	1	1	3	1	1	1	1	3
"cell331"	3	0	0	0	0	0	0	0	1	0	0	0	1	1	1	3	1	1	1	1	3	3	0	0	0	0	0	0	0	0	0	0	0	0	3	1	1	1	1	1	3	0
"cell332"	0	3	0	0	3	0	0	0	0	0	0	0	1	3	1	3	1	3	3	1	1	3	3	0	0	0	0	3	0	0	0	0	3	0	1	3	1	1	3	1	1	1
"cell333"	0	0	3	3	0	0	0	0	0	3	0	0	0	1	1	0	1	1	3	3	3	1	0	1	0	0	0	0	0	3	0	0	0	0	1	1	3	3	1	0	1	1
"cell334"	0	0	0	0	0	3	0	0	0	0	0	0	1	0	1	3	1	1	3	1	1	1	0	0	0	0	0	0	0	0	0	0	0	3	0	1	1	3	1	3	3	1
"cell335"	0	3	0	0	0	0	0	0	0	3	0	0	3	1	1	3	1	3	1	1	1	1	3	3	3	0	0	0	0	0	0	0	0	0	1	1	1	1	1	1	1	1
"cell336"	3	0	3	3	0	0	0	0	0	3	0	0	1	1	1	3	1	1	3	1	1	1	0	0	0	0	3	0	3	0	0	0	0	0	1	1	1	1	1	1	1	3
"cell337"	0	0	0	0	1	3	0	0	0	0	0	0	1	0	1	0	3	1	1	1	1	1	0	0	0	0	0	0	0	0	0	0	0	0	0	1	1	1	0	1	1	1
"cell338"	0	0	3	0	3	0	0	3	0	3	0	0	1	1	3	1	3	1	1	3	1	1	0	0	3	0	0	0	0	0	0	1	3	3	1	0	1	0	1	3	1	1
"cell339"	0	0	0	3	0	0	3	0	0	0	3	0	1	1	1	1	0	1	1	3	1	1	3	0	0	0	0	0	0	0	0	0	0	3	3	3	3	0	1	3	1	1
"cell340"	0	0	0	0	0	0	3	0	0	3	0	0	3	0	1	1	3	1	1	1	1	1	0	0	0	0	0	0	0	3	0	0	0	3	3	1	1	1	3	3	1	1
"cell341"	3	3	0	3	0	0	0	3	0	0	0	0	3	1	1	1	1	1	3	1	1	3	3	0	3	0	0	0	0	0	3	0	0	0	1	1	1	3	3	3	1	1
"cell342"	0	0	0	0	0	0	0	0	0	0	3	0	1	0	1	1	1	3	1	0	3	1	0	0	0	0	0	3	0	0	0	0	0	0	3	1	3	1	1	0	0	3
"cell343"	0	0	3	0	0	0	0	0	0	0	3	0	0	1	1	3	1	1	1	1	1	3	3	3	0	0	0	0	3	0	0	0	0	0	1	1	3	1	1	0	3	1
"cell344"	0	0	0	0	0	0	0	0	0	3	0	3	1	1	0	1	3	1	1	1	1	1	0	0	3	0	0	0	0	0	0	0	0	0	1	1	0	1	1	1	1	1
"cell345"	0	3	0	0	3	3	0	0	0	0	0	0	3	3	1	1	1	1	3	1	1	1	3	0	3	3	3	0	0	0	0	0	0	0	1	1	1	1	1	1	0	3
"cell346"	0	0	0	0	0	3	0	0	0	3	0	0	3	1	1	1	3	1	1	1	1	1	0	0	0	0	0	0	0	0	0	0	0	3	1	1	1	1	1	1	1	1
"cell347"	0	0	0	0	0	0	0	0	0	0	0	0	1	1	0	1	3	1	1	0	1	3	0	0	0	0	1	0	0	3	0	0	3	0	3	1	1	3	1	1	3	1
"cell348"	3	0	0	0	0	0	0	0	3	0	3	0	1	1	0	1	1	1	1	3	1	1	0	3	0	0	3	3	0	3	0	0	0	3	1	1	1	1	1	0	1	0
"cell349"	0	0	0	0	0	0	0	0	0	0	3	0	3	0	0	1	1	1	1	1	1	1	0	0	0	0	0	0	0	3	0	0	0	3	1	1	1	1	1	1	1	1
"cell350"	0	0	0	0	0	0	3	0	0	0	0	0	3	1	1	1	3	1	1	1	1	3	0	0	3	0	3	0	0	0	0	0	0	0	1	1	1	1	0	1	1	1
"cell351"	3	3	0	0	3	0	0	0	0	0	0	0	1	1	1	3	3	1	1	1	3	3	0	0	3	0	3	0	0	0	0	3	0	0	0	1	1	3	1	1	1	1
"cell352"	0	0	0	0	0	0	0	0	0	3	3	0	1	3	3	1	1	1	3	3	3	1	3	0	0	3	0	0	0	0	0	0	3	0	3	1	1	1	1	1	1	1
"cell353"	0	0	3	0	0	0	0	0	3	0	0	0	3	1	1	1	1	1	1	1	3	1	0	3	0	0	0	0	0	0	0	0	3	0	3	1	1	1	1	1	1	3
"cell354"	0	3	0	0	0	0	0	3	0	0	3	0	1	1	3	0	3	1	1	1	1	1	0	0	0	3	0	0	0	0	0	0	0	0	1	1	3	1	3	0	0	1
"cell355"	0	0	0	0	0	0	0	0	3	0	0	0	1	1	3	1	1	1	3	3	0	1	0	0	0	0	0	0	0	0	0	0	0	0	1	1	1	1	1	1	3	1
"cell356"	3	0	0	0	3	0	3	0	0	0	0	0	1	1	0	1	1	1	1	1	1	1	0	0	0	0	0	0	0	3	0	0	0	0	0	1	3	3	1	1	1	1
"cell357"	0	0	3	0	0	0	0	0	0	0	0	0	1	3	1	1	1	1	1	3	0	3	0	0	0	3	0	0	0	0	0	0	0	0	1	3	1	0	1	3	1	1
"cell358"	0	0	0	3	0	0	0	0	0	3	3	0	1	1	1	1	0	1	1	1	3	1	0	0	0	0	0	0	0	0	0	0	0	0	1	1	1	1	1	0	3	1
"cell359"	0	0	0	0	0	0	0	0	0	0	0	3	1	1	1	1	1	1	1	1	1	3	0	0	3	0	0	3	0	3	0	0	0	0	1	1	1	1	1	3	1	1
"cell360"	3	0	0	0	0	0	3	0	0	0	0	0	1	1	3	1	1	1	1	1	3	1	0	0	0	0	3	3	0	0	0	0	3	0	1	3	1	1	1	1	1	1
"cell361"	0	0	0	3	0	0	3	0	0	0	0	0	0	3	1	1	1	3	1	1	1	1	0	0	0	0	0	0	0	0	0	0	0	0	1	1	1	0	1	3	1	3
"cell362"	0	0	0	0	3	3	0	0	3	0	3	0	1	1	3	0	3	0	1	1	1	1	0	0	0	0	0	0	0	0	1	3	3	3	3	1	1	3	3	1	1	1
"cell363"	0	0	0	0	0	3	3	0	3	0	0	0	1	1	1	1	3	1	1	3	1	1	0	0	3	0	0	0	0	0	0	0	0	0	1	1	1	1	1	1	1	1
"cell364"	3	0	0	0	0	0	0	0	0	0	0	0	3	1	1	1	3	1	1	3	3	0	0	3	0	0	0	3	3	0	0	0	0	0	3	1	3	3	1	3	3	1
"cell365"	0	0	3	0	0	0	0	0	0	0	0	0	0	1	1	3	1	3	1	1	1	0	0	0	0	0	3	0	0	0	0	0	3	3	3	3	1	1	0	3	0	3
"cell366"	0	0	0	0	0	3	0	3	0	0	0	0	1	1	3	3	1	1	1	3	3	1	0	3	0	0	3	0	0	0	0	3	0	0	1	1	1	1	1	1	1	1
"cell367"	0	0	0	0	0	0	0	0	0	0	0	0	0	1	3	1	3	1	1	3	1	3	0	0	0	0	0	0	0	0	0	0	0	3	1	1	3	3	0	3	3	1
"cell368"	0	3	0	0	0	0	0	0	3	0	3	0	1	1	1	1	1	1	3	1	1	1	0	0	3	0	0	0	0	0	0	0	3	0	1	3	1	1	0	1	3	0
"cell369"	0	0	0	0	0	0	0	0	0	0	3	0	1	1	1	1	1	3	3	1	1	1	0	0	0	0	0	0	3	0	0	0	0	0	1	3	3	1	1	1	3	1
"cell370"	0	0	0	0	0	0	0	0	0	0	0	0	1	1	1	1	0	3	3	1	1	0	0	0	0	0	3	0	0	0	0	0	0	0	1	3	3	1	1	3	3	3
"cell371"	0	0	3	0	0	0	0	0	0	0	0	0	1	1	1	1	1	1	1	0	1	1	3	0	0	0	3	0	0	0	0	0	0	0	1	1	1	1	1	1	1	1
"cell372"	0	0	0	0	0	0	0	0	3	0	0	0	3	1	3	1	1	1	1	1	3	1	0	0	0	0	1	3	0	0	3	0	3	0	1	1	3	1	0	1	1	1
"cell373"	0	0	0	0	0	0	0	0	3	0	0	3	1	3	1	1	1	3	1	1	1	3	0	0	0	0	3	0	0	3	0	0	3	0	1	1	1	3	1	3	1	1
"cell374"	0	0	0	0	0	0	3	0	0	0	3	0	1	1	1	1	1	1	1	3	1	3	3	0	0	0	0	3	0	0	0	3	0	0	3	3	1	0	1	3	1	3
"cell375"	0	3	0	0	0	0	0	0	0	0	0	0	3	1	1	3	3	3	0	1	1	3	0	0	3	0	3	3	0	0	0	3	0	0	3	1	1	1	3	1	1	1
"cell376"	0	0	0	0	0	0	3	0	0	0	0	0	3	1	1	0	1	3	1	1	1	1	0	0	0	0	0	3	3	0	0	0	0	3	3	1	1	1	1	1	3	3
"cell377"	0	3	0	0	0	0	0	0	0	0	0	3	1	1	1	1	1	1	1	1	1	1	0	0	0	0	0	0	3	0	0	3	0	0	1	1	1	1	3	1	1	3
"cell378"	0	0	0	0	0	0	0	3	0	0	0	0	1	0	1	3	1	1	1	1	1	1	0	0	0	3	0	0	0	0	0	0	0	3	3	1	1	3	1	0	1	1
"cell379"	3	0	3	0	0	0	3	0	0	0	0	3	0	1	3	1	0	1	1	3	1	3	0	0	0	0	3	3	0	0	0	0	0	0	1	1	3	1	1	1	1	3
"cell380"	3	0	3	0	0	3	0	0	3	0	0	3	3	3	1	1	1	1	1	1	1	1	0	0	0	0	0	0	0	0	0	3	3	0	1	1	1	1	1	1	0	1
"cell381"	0	3	0	3	0	0	0	0	0	0	0	0	1	1	1	1	1	1	3	3	3	1	0	0	0	0	0	0	0	0	3	0	0	0	1	3	3	1	1	3	1	1
"cell382"	3	0	0	0	0	0	0	0	3	0	3	0	1	1	1	1	1	1	1	1	1	1	0	3	0	0	0	0	0	3	0	0	0	0	1	1	1	1	1	1	1	1
"cell383"	0	0	0	0	0	0	0	3	0	0	3	0	1	1	1	1	1	1	3	1	3	1	0	0	0	0	0	0	0	3	0	0	0	0	1	1	1	1	1	1	1	3
"cell384"	3	0	0	0	3	0	3	0	0	0	0	3	1	1	1	3	3	3	1	3	1	1	0	0	0	0	0	0	0	0	0	3	3	0	1	0	1	3	1	3	1	1
"cell385"	0	0	3	0	0	0	0	0	3	0	0	0	1	3	1	1	3	1	1	1	1	1	0	3	0	0	3	0	0	0	0	0	0	0	1	1	0	1	3	1	1	1
"cell386"	3	3	0	0	0	0	0	3	3	0	0	0	1	1	3	1	1	1	0	1	1	1	0	0	3	0	0	0	3	0	0	0	0	0	1	1	3	1	1	1	1	1
"cell387"	0	0	0	0	3	0	0	3	0	0	0	0	1	3	1	1	1	3	1	1	3	3	0	3	0	0	0	0	0	0	0	0	0	0	1	0	0	3	1	1	3	1
"cell388"	0	0	0	0	0	3	3	3	0	3	0	3	1	1	1	1	1	1	1	1	1	1	0	0	0	3	0	0	0	0	0	3	0	0	1	1	1	1	1	1	0	3
"cell389"	0	0	3	0	0	0	0	0	0	3	0	0	1	1	0	1	1	0	1	1	1	1	3	0	0	3	0	0	0	0	0	0	0	0	1	1	1	3	1	3	1	1
"cell390"	0	0	0	0	3	0	0	0	0	0	3	0	1	1	0	3	3	1	1	1	1	1	0	0	0	3	0	0	0	0	0	0	0	0	1	1	1	1	1	1	1	1
"cell391"	0	0	0	0	0	0	3	0	0	3	0	3	1	1	3	1	3	1	1	1	3	3	0	3	0	3	3	0	0	0	3	0	3	0	1	1	3	1	0	1	1	1
"cell392"	3	3	3	0	3	0	0	3	0	3	0	0	1	1	1	0	0	1	1	0	1	1	0	0	0	0	3	3	0	3	0	0	0	0	1	1	3	1	3	1	1	1
"cell393"	0	0	0	0	0	3	0	0	0	0	0	0	1	3	1	1	1	1	0	1	1	1	3	0	3	0	3	3	0	0	0	0	0	0	1	3	1	1	1	1	1	0
"cell394"	0	0	0	0	0	3	3	0	0	0	0	0	1	1	1	0	3	3	3	1	1	1	0	0	0	0	0	0	0	0	0	0	0	3	3	1	3	1	1	3	1	3
"cell395"	0	0	3	3	3	0	0	0	0	0	0	0	3	3	1	1	1	0	1	1	3	1	0	1	0	3	0	0	0	0	3	0	0	0	1	0	1	1	1	3	1	1
"cell396"	0	0	3	0	0	0	0	0	0	3	0	0	1	1	3	1	1	1	3	1	1	1	0	0	0	0	0	0	0	0	3	0	0	0	3	1	1	1	0	1	1	1
"cell397"	0	0	0	3	0	0	0	0	0	0	0	0	1	1	0	1	1	1	1	1	1	3	0	0	0	0	0	0	0	0	3	0	0	3	1	3	1	1	1	3	1	1
"cell398"	0	3	3	0	0	3	0	0	0	3	0	3	3	1	1	1	1	1	0	1	1	1	3	0	3	3	0	0	0	0	3	0	3	3	1	3	1	1	1	1	1	1
"cell399"	0	0	0	0	1	0	3	0	0	0	0	0	0	1	1	0	1	1	1	0	1	1	3	0	0	0	0	0	0	0	0	3	0	0	1	1	1	1	1	1	0	1
"cell400"	0	0	3	3	0	0	0	0	0	0	0	0	1	1	0	1	0	1	1	1	1	1	0	3	3	0	3	0	0	0	0	0	0	3	1	1	3	1	1	1	1	0
"cell401"	0	0	3	3	0	0	0	3	0	0	3	3	3	1	3	1	0	3	0	3	1	1	0	0	0	0	0	0	0	0	0	0	3	0	1	1	0	3	0	1	3	1
"cell402"	0	0	3	0	0	3	0	0	0	0	0	0	1	1	1	1	1	1	1	1	1	1	0	0	0	0	0	0	3	0	3	0	0	0	1	1	1	1	1	3	1	3
"cell403"	3	0	0	0	0	0	0	1	0	3	0	0	1	1	1	1	1	1	1	1	1	3	0	0	1	0	0	0	3	3	0	0	3	0	0	1	1	1	3	1	3	1
"cell404"	3	0	0	0	0	0	0	0	0	0	0	3	1	1	1	1	1	3	3	1	1	3	0	0	0	0	0	0	0	0	0	0	0	0	1	3	3	1	3	1	1	1
"cell405"	0	3	0	0	0	0	0	0	0	0	0	3	3	1	1	3	1	3	1	1	1	1	3	0	0	0	0	0	3	0	0	0	0	0	1	3	1	1	1	1	1	3
"cell406"	0	3	0	0	3	0	3	0	0	3	0	0	1	1	1	0	1	1	3	1	3	1	0	0	3	0	0	0	3	3	0	3	0	0	1	1	1	1	1	1	1	1
"cell407"	0	3	0	0	0	0	0	0	0	3	0	0	1	3	1	1	1	3	3	3	3	3	0	0	3	0	3	3	0	3	0	0	3	3	3	1	1	3	3	1	1	3
"cell408"	0	0	0	0	3	0	0	0	0	0	0	0	1	1	1	1	3	1	3	1	1	1	0	3	3	3	0	0	3	0	3	0	0	0	1	1	3	1	0	1	3	1
"cell409"	3	3	0	0	0	0	3	0	0	3	0	3	1	1	1	0	1	1	3	0	1	1	0	0	0	0	3	0	3	3	0	0	3	0	3	1	3	1	1	1	3	3
"cell410"	0	0	0	3	0	0	0	0	0	0	0	0	1	1	1	3	3	1	0	3	1	1	0	0	3	0	0	3	0	0	3	0	0	0	1	0	3	3	1	1	1	1
"cell411"	0	0	0	0	0	3	3	0	0	3	0	0	1	1	1	1	1	3	1	1	1	1	0	0	0	0	3	0	0	0	0	3	0	3	3	1	1	1	3	3	1	1
"cell412"	0	3	0	0	0	0	0	0	1	0	3	0	1	1	3	1	1	1	1	1	1	3	0	0	0	3	0	0	0	0	0	0	3	0	0	1	3	1	3	1	1	1
"cell413"	0	0	0	3	0	0	0	0	0	0	0	0	1	1	1	3	1	1	1	1	0	1	0	0	0	3	3	0	0	0	0	0	0	0	1	1	1	1	1	1	1	1
"cell414"	0	0	0	3	3	3	0	0	0	0	0	3	1	1	3	1	1	3	3	3	1	3	3	3	1	0	0	0	3	0	0	0	0	3	3	1	1	1	1	0	1	3
"cell415"	0	0	0	0	3	0	0	0	3	0	0	0	1	1	3	0	1	1	0	1	1	1	0	3	0	0	3	3	0	0	0	0	0	0	1	3	1	1	0	1	1	1
"cell416"	0	0	3	0	3	0	1	0	3	0	3	0	1	0	1	1	1	1	3	1	3	3	0	0	0	0	0	0	0	0	0	0	0	0	1	3	1	1	1	3	0	1
"cell417"	3	0	0	0	0	0	0	0	0	0	0	0	3	1	1	3	1	0	0	1	1	1	0	0	0	0	3	0	3	0	3	0	3	0	1	1	1	1	1	1	3	1
"cell418"	0	0	0	0	0	0	0	0	0	0	0	0	1	1	0	3	0	1	1	0	1	1	0	0	3	0	0	0	0	0	0	0	0	0	1	1	1	1	3	1	3	1
"cell419"	0	3	0	0	0	0	0	3	0	0	0	0	1	1	1	1	1	1	1	1	1	1	3	0	1	0	0	0	3	0	0	0	0	3	3	1	1	3	1	1	1	1
"cell420"	3	1	0	0	0	0	0	0	0	0	0	0	1	1	1	0	0	1	1	1	3	0	3	0	0	0	3	0	0	0	0	3	0	0	0	1	1	1	1	1	1	1
"cell421"	0	0	0	0	0	0	0	0	0	0	0	0	1	1	1	1	1	3	1	1	1	0	0	3	0	0	0	0	3	0	0	0	0	3	1	1	3	3	1	1	1	1
"cell422"	0	0	0	0	0	0	0	3	0	0	3	3	1	1	1	1	1	3	0	1	0	1	3	0	0	0	0	0	0	0	0	3	3	0	1	3	3	1	1	3	3	1
"cell423"	0	0	0	0	3	0	3	3	0	0	0	3	1	1	0	0	3	1	0	1	1	1	0	0	0	0	0	0	0	3	3	3	3	0	1	3	1	1	3	1	1	1
"cell424"	3	0	0	0	0	0	0	0	0	0	0	0	1	0	1	0	3	1	1	3	1	1	0	0	3	0	3	3	0	0	0	0	0	0	1	1	1	1	1	1	1	1
"cell425"	0	3	0	0	0	0	0	3	3	0	0	0	1	1	3	1	1	1	3	1	0	1	0	3	0	0	0	0	3	3	0	0	0	0	3	0	1	1	1	3	1	1
"cell426"	0	0	0	0	3	0	0	0	0	0	3	3	1	1	1	1	1	1	1	1	3	1	3	0	0	0	3	3	0	0	0	0	0	0	1	1	3	1	3	1	1	0
"cell427"	0	0	3	0	0	3	0	0	0	3	3	0	0	1	1	1	1	3	1	1	1	1	0	0	3	0	0	0	3	3	0	0	0	0	1	1	1	1	1	3	1	1
"cell428"	0	0	3	0	0	0	0	0	3	0	0	0	1	1	1	1	1	3	3	1	1	1	0	0	0	0	0	0	3	3	0	0	0	0	3	1	1	1	1	3	3	0
"cell429"	0	3	0	0	0	0	0	3	0	3	0	0	1	1	1	1	0	1	1	3	1	0	0	0	0	0	3	0	3	0	0	3	0	3	1	3	1	1	0	0	1	1
"cell430"	0	0	3	0	3	3	0	0	0	0	0	0	1	1	1	1	1	1	0	1	1	0	0	0	3	3	0	0	0	0	0	3	0	0	1	3	1	1	1	3	1	1
"cell431"	0	0	0	3	3	0	0	0	0	0	0	0	1	1	0	0	1	1	3	3	3	1	3	0	3	0	0	0	0	0	0	3	0	0	1	1	1	3	1	1	1	1
"cell432"	0	3	3	0	0	0	0	0	0	3	0	0	0	1	3	0	1	1	1	1	1	1	0	0	0	0	3	0	3	0	0	0	0	0	1	1	1	0	1	1	3	1
"cell433"	0	3	0	0	3	0	0	0	0	0	3	0	0	1	1	1	3	1	1	1	3	1	3	3	0	0	0	0	3	3	3	1	0	0	1	1	1	1	1	3	1	0
"cell434"	0	0	0	0	0	0	3	0	3	0	3	3	1	1	0	0	0	1	0	1	1	1	3	0	0	3	0	0	0	0	0	0	0	0	1	1	1	3	3	3	1	1
"cell435"	0	3	0	0	3	0	0	0	0	0	0	0	1	1	1	1	1	1	0	3	3	1	0	0	0	0	0	0	0	3	0	0	3	0	1	1	3	1	1	1	1	1
"cell436"	0	0	0	0	0	0	0	3	0	0	0	0	3	1	1	1	1	1	1	3	1	0	0	0	0	0	0	0	3	3	3	0	3	0	1	1	1	1	3	3	0	0
"cell437"	3	3	0	3	0	3	0	1	0	3	0	0	3	1	1	1	1	1	1	0	1	1	0	0	3	0	3	0	0	0	0	0	0	3	3	3	3	3	1	1	1	3
"cell438"	0	0	3	0	0	0	0	0	0	0	0	0	1	3	1	1	1	3	1	1	1	1	0	0	0	0	3	3	0	0	0	0	0	3	0	1	1	1	1	1	3	1
"cell439"	3	0	0	0	0	0	0	0	0	0	0	0	1	1	3	1	1	1	1	0	1	1	3	0	0	0	0	0	0	0	3	3	0	0	1	1	1	1	1	1	0	1
"cell440"	3	0	0	0	3	0	0	0	0	0	3	3	3	1	1	1	1	3	3	3	3	1	0	0	0	0	0	0	0	3	0	0	0	0	3	1	1	1	3	1	1	1
"cell441"	0	0	0	0	0	0	0	0	0	0	0	0	1	1	1	1	3	1	1	3	3	1	0	0	0	0	0	0	3	0	0	0	0	3	0	1	1	1	1	1	3	1
"cell442"	0	0	0	3	0	0	0	0	0	3	0	0	1	1	1	1	3	1	1	3	3	0	0	3	0	0	0	0	0	3	0	0	3	0	1	1	3	1	1	1	0	1
"cell443"	0	0	0	0	0	0	0	0	0	0	0	0	3	0	1	1	1	1	3	3	1	1	0	3	0	0	0	0	0	0	0	0	1	3	3	0	1	3	1	1	1	1
"cell444"	0	0	3	0	0	0	0	0	0	0	0	0	1	1	1	1	1	3	1	1	3	1	0	0	0	0	0	0	0	3	3	0	0	3	3	1	1	1	1	1	3	1
"cell445"	0	0	0	0	3	0	3	0	0	3	0	0	1	1	1	1	1	1	1	1	3	1	0	0	0	0	0	0	0	3	0	3	0	0	1	3	1	3	1	1	1	1
"cell446"	3	0	0	0	0	0	3	0	0	0	0	0	1	1	3	1	1	1	1	1	1	3	0	0	0	3	0	3	0	0	3	0	0	0	3	1	1	1	1	1	1	0
"cell447"	0	0	3	0	0	3	0	0	0	0	0	0	3	1	1	3	1	0	1	1	3	0	0	0	3	0	0	1	0	0	0	3	0	0	1	1	0	1	1	1	1	1
"cell448"	1	0	0	0	3	3	0	3	3	0	0	0	3	1	3	1	1	0	1	1	1	3	0	0	3	0	0	0	0	0	3	0	0	0	1	1	1	3	1	3	3	3
"cell449"	0	0	0	0	3	0	0	0	0	0	0	0	1	1	3	1	1	1	1	1	1	3	3	0	0	0	3	0	3	0	3	0	0	0	1	1	1	3	1	1	1	1
"cell450"	0	3	0	0	0	0	0	0	0	0	0	3	1	1	1	0	1	3	0	1	1	3	0	0	0	0	3	0	0	0	0	0	0	0	0	1	1	1	1	1	1	1
"cell451"	0	0	0	0	0	0	0	3	3	0	3	0	1	1	1	1	3	1	1	1	1	1	0	0	3	0	0	0	0	0	0	0	0	0	1	1	1	1	3	1	3	1
"cell452"	0	0	0	0	0	0	0	0	0	0	0	0	3	3	1	0	3	0	1	1	3	3	3	0	0	0	0	0	0	0	0	0	1	0	3	1	0	1	3	1	3	1
"cell453"	0	0	3	0	0	0	0	0	3	0	0	0	3	1	1	1	1	1	0	1	1	1	0	0	0	0	0	0	0	0	0	0	0	0	1	3	1	1	1	0	1	1
"cell454"	0	0	0	0	0	0	3	0	0	0	0	0	0	1	1	1	3	1	1	0	1	1	0	0	0	3	3	1	0	0	0	0	0	0	3	1	1	3	1	1	1	1
"cell455"	0	0	3	0	3	0	3	0	0	0	0	0	0	1	1	0	3	1	1	1	1	3	0	3	0	0	0	0	1	3	3	3	0	0	1	0	1	3	3	1	3	1
"cell456"	0	0	0	0	0	0	0	0	0	0	3	0	3	1	1	3	1	0	3	1	3	1	0	0	0	3	0	0	0	3	0	3	0	0	1	3	1	1	1	1	1	1
"cell457"	0	0	3	0	0	0	3	3	0	0	0	3	3	3	3	3	1	1	1	1	1	1	3	3	0	0	0	0	0	0	3	0	0	0	1	1	1	0	3	0	1	1
"cell458"	0	0	0	0	0	0	0	0	3	0	0	0	3	3	0	0	1	1	1	0	1	3	3	0	3	0	0	0	3	0	3	3	0	0	1	0	1	1	0	3	3	1
"cell459"	0	3	0	0	0	0	0	0	3	0	0	0	1	1	1	1	1	1	1	3	1	1	0	0	0	0	0	0	3	3	0	0	0	0	1	1	1	1	0	1	1	3
"cell460"	3	3	0	3	0	0	3	0	0	0	0	0	0	0	1	1	1	1	3	0	1	3	0	0	0	0	0	0	0	0	3	3	0	0	3	1	1	1	3	0	1	1
"cell461"	3	3	0	0	3	0	0	0	0	0	0	0	1	3	1	1	1	1	1	1	1	1	0	0	0	0	0	0	3	3	0	0	3	0	1	1	1	3	1	1	3	1
"cell462"	0	3	0	0	0	0	0	3	0	0	0	3	3	1	1	1	1	1	1	1	1	0	0	0	0	0	0	0	0	0	0	3	0	0	1	0	1	3	3	1	1	1
"cell463"	3	0	0	0	0	0	0	0	3	0	0	0	1	1	1	1	1	1	3	3	1	1	3	0	0	0	3	0	0	0	0	3	0	3	1	3	3	0	3	3	1	1
"cell464"	0	0	3	0	0	0	0	0	0	0	3	0	1	1	1	1	1	1	3	1	3	3	0	0	0	0	0	0	3	0	3	0	0	0	1	1	1	1	1	0	1	1
"cell465"	0	0	0	0	3	0	0	0	0	0	0	0	1	1	0	1	1	1	3	1	3	1	0	3	0	0	0	0	0	3	0	0	0	3	1	1	1	3	3	3	1	1
"cell466"	0	0	0	0	0	0	0	0	0	0	0	0	1	1	3	1	1	3	1	1	1	1	3	3	0	0	1	0	0	0	0	0	3	0	1	1	3	3	1	3	1	3
"cell467"	0	0	0	3	0	0	0	0	3	0	0	0	1	1	1	1	0	1	1	1	1	1	3	0	0	0	0	0	0	3	0	0	3	0	1	1	3	1	1	1	1	1
"cell468"	0	3	3	0	0	0	0	0	3	3	0	3	1	1	1	1	1	1	1	1	3	1	0	3	0	3	0	0	0	0	1	0	0	0	3	3	3	1	1	1	1	1
"cell469"	3	0	0	3	0	0	0	0	0	0	0	0	1	1	1	1	1	1	1	1	1	3	0	0	3	0	3	0	0	0	0	0	0	0	3	1	1	1	1	1	1	1
"cell470"	0	0	0	0	0	3	0	0	0	0	0	0	1	1	1	1	1	3	1	3	3	1	0	0	0	0	3	0	3	0	0	3	0	0	3	1	3	1	1	1	1	0
"cell471"	0	0	0	3	0	0	0	3	0	0	0	0	1	1	1	1	3	1	1	1	0	1	0	0	3	3	0	0	0	0	0	0	0	0	1	1	1	1	0	1	1	1
"cell472"	0	0	0	3	0	0	0	0	0	0	3	0	1	0	1	1	1	3	0	1	1	1	1	0	0	0	0	0	0	3	0	0	0	0	1	1	1	1	0	1	3	1
"cell473"	0	0	0	0	0	0	0	0	3	0	0	0	1	1	1	1	1	1	1	1	0	1	0	0	0	0	0	0	0	0	0	0	0	0	1	1	3	1	0	1	1	1
"cell474"	3	0	0	0	0	0	0	3	3	0	0	0	0	1	1	1	1	1	1	3	1	3	0	3	0	0	0	3	0	0	0	3	0	3	1	1	1	1	3	3	1	1
"cell475"	0	3	0	0	0	0	0	0	0	0	3	3	1	1	1	0	1	1	3	1	0	1	0	3	0	3	0	0	0	0	3	0	0	3	1	0	1	3	1	3	1	1
"cell476"	3	0	0	0	3	0	0	3	0	3	0	0	3	1	3	0	1	1	1	3	1	1	0	0	0	3	3	0	0	3	0	0	0	0	1	1	3	1	1	1	1	1
"cell477"	0	0	0	0	0	0	0	0	0	3	0	0	3	0	1	1	0	3	1	3	1	1	3	3	0	0	0	3	0	3	0	3	3	0	1	1	1	1	1	3	1	0
"cell478"	0	0	0	3	3	0	3	0	0	0	0	0	1	1	1	1	3	1	1	1	1	3	0	3	0	0	0	0	3	0	0	0	0	0	3	1	1	1	1	1	3	1
"cell479"	0	0	0	3	0	3	0	0	0	3	0	0	1	1	1	3	3	1	1	1	1	1	0	3	0	0	0	0	0	3	0	0	0	3	1	3	0	1	1	1	3	1
"cell480"	0	0	0	3	0	0	3	0	0	0	0	0	1	1	0	1	1	1	3	1	3	3	0	0	0	3	3	0	3	0	0	0	0	3	1	3	1	1	3	1	1	3
"cell481"	0	0	0	3	0	0	0	0	0	0	0	0	1	1	1	1	1	1	3	1	1	1	3	0	3	0	0	3	0	0	0	0	0	0	3	1	1	1	1	0	1	1
"cell482"	0	0	0	3	0	3	3	0	0	0	0	3	3	1	3	1	1	1	1	3	1	1	0	0	0	3	3	3	1	0	0	0	0	0	1	3	3	1	1	1	3	1
"cell483"	0	3	0	0	0	0	3	0	0	3	0	3	1	1	1	3	1	3	1	1	1	3	0	0	0	0	0	0	3	3	3	0	0	3	1	1	1	0	3	1	1	1
"cell484"	0	0	0	0	0	0	0	0	0	0	0	0	3	1	1	1	1	1	1	0	1	0	3	0	3	0	0	0	0	0	3	3	0	0	3	3	1	1	1	1	3	0
"cell485"	0	0	0	0	3	0	0	3	0	0	0	0	1	3	1	3	1	3	1	1	1	1	3	0	3	3	0	0	0	3	0	3	0	0	1	1	3	1	0	1	1	1
"cell486"	0	0	0	0	0	0	0	0	0	0	3	0	1	1	1	3	1	1	1	3	1	1	0	0	0	0	0	0	3	0	0	0	3	0	3	1	1	1	3	1	1	1
"cell487"	3	0	3	0	3	3	0	0	0	0	0	3	0	1	3	1	3	1	1	1	1	0	0	0	0	3	0	0	0	0	0	0	0	3	1	1	1	3	1	1	1	3
"cell488"	3	1	0	0	0	0	0	0	3	0	0	0	1	1	3	1	1	1	3	1	1	1	0	0	3	0	0	3	0	0	0	0	3	0	0	3	1	3	1	1	1	1
"cell489"	0	0	0	0	0	0	0	0	3	0	0	0	3	0	3	1	3	0	1	1	1	1	0	0	3	0	0	0	0	0	0	3	0	3	0	1	1	1	1	3	1	1
"cell490"	3	0	0	0	0	0	0	3	0	3	3	3	1	0	1	1	1	3	0	1	3	1	0	0	0	3	0	0	3	0	0	0	0	0	1	3	1	3	1	1	3	1
"cell491"	0	0	0	3	0	3	0	3	0	0	0	0	1	1	3	1	1	1	1	1	3	1	0	0	0	0	0	0	0	0	0	0	0	3	3	1	1	1	0	1	3	1
"cell492"	0	0	0	0	0	0	3	0	3	0	0	0	1	1	1	0	1	1	1	3	1	1	3	0	0	0	0	0	0	0	0	0	0	0	1	1	1	1	1	3	0	0
"cell493"	0	0	0	0	3	0	3	0	0	0	3	0	0	1	1	1	1	1	1	1	3	1	0	0	0	1	0	0	0	0	0	3	3	0	1	1	1	1	0	0	1	1
"cell494"	0	0	0	3	3	3	0	3	0	0	0	0	1	1	1	1	1	3	3	1	1	1	0	0	3	0	0	3	0	0	0	0	0	0	1	1	1	1	1	3	1	3
"cell495"	0	0	0	3	3	0	0	0	0	0	0	0	1	3	1	1	1	1	3	1	3	1	0	0	0	0	0	0	0	0	0	0	0	0	3	3	1	1	3	3	1	1
"cell496"	3	0	0	0	0	0	0	0	0	0	0	0	1	1	3	1	1	1	1	1	1	3	0	0	0	0	0	3	3	0	0	0	0	0	1	0	1	1	1	1	1	0
"cell497"	0	3	0	0	0	0	3	0	0	0	3	3	1	1	1	1	1	3	1	0	1	1	0	0	3	0	0	0	0	3	3	0	0	0	1	1	0	1	3	0	1	1
"cell498"	0	3	0	3	0	0	3	0	0	0	0	0	1	1	1	1	1	1	1	1	3	1	0	0	1	0	3	0	0	0	0	3	0	3	1	1	0	0	1	3	1	1
"cell499"	0	0	0	0	3	0	3	0	0	3	0	3	1	1	1	1	3	1	1	1	1	1	0	3	0	0	0	0	0	0	0	0	0	0	1	1	3	3	1	1	3	1
"cell500"	0	0	0	0	0	3	3	0	0	0	3	0	1	1	0	1	1	1	1	1	0	1	0	0	0	0	3	3	0	0	0	0	0	0	1	0	1	1	1	0	1	1
"cell501"	3	0	0	0	0	3	0	0	0	0	0	0	1	0	1	1	1	1	1	1	3	1	3	0	3	0	0	0	3	3	0	0	0	3	0	3	1	1	1	1	1	1
"cell502"	0	3	3	0	0	0	3	0	3	0	0	0	3	3	1	1	3	1	1	1	1	1	0	0	0	0	0	0	0	3	3	3	0	0	1	1	1	1	1	1	1	1
"cell503"	0	0	0	3	0	0	3	0	0	0	3	0	1	0	1	3	1	1	3	3	1	3	0	3	3	0	0	0	3	0	0	0	0	0	1	1	0	3	1	1	1	1
"cell504"	3	0	3	0	0	3	0	3	3	0	3	0	1	1	1	1	1	1	1	1	3	1	0	3	0	0	0	0	0	0	0	3	0	3	0	1	1	0	3	3	1	1
"cell505"	0	0	0	0	0	0	0	0	3	0	0	0	1	1	1	1	3	0	1	1	1	3	0	0	0	0	0	0	0	0	0	0	0	0	1	1	1	1	3	1	1	1
"cell506"	0	0	0	0	0	0	0	0	0	0	0	0	1	3	1	1	1	3	3	1	1	1	0	0	0	0	3	0	3	0	3	0	0	0	1	1	1	1	1	3	1	1
"cell507"	0	0	3	0	0	0	0	0	0	0	0	0	1	1	1	1	1	1	1	1	1	3	0	0	0	0	3	0	0	0	0	0	3	0	1	0	3	1	1	1	3	1
"cell508"	3	3	0	0	0	3	3	0	0	0	0	3	1	1	1	3	1	3	1	3	1	1	0	1	0	0	0	3	3	0	3	3	3	0	1	1	1	1	1	3	1	1
"cell509"	0	0	0	3	0	0	0	3	0	3	0	0	1	1	3	0	1	3	3	3	1	3	0	3	0	3	0	0	0	0	0	0	0	0	3	1	1	1	0	1	1	1
"cell510"	3	3	3	3	0	3	0	0	0	0	0	0	1	3	1	1	3	1	1	3	3	0	0	3	0	0	0	0	0	0	0	3	3	0	3	0	1	3	0	1	1	1
"cell511"	0	0	0	0	0	0	3	0	0	3	0	0	1	1	1	1	1	3	1	1	3	0	0	3	0	3	0	0	3	0	3	3	3	0	1	1	1	0	0	1	1	1
"cell512"	0	0	0	0	0	0	0	0	0	3	0	3	3	1	1	3	1	1	1	1	3	1	3	0	0	0	0	0	0	0	0	0	0	0	3	1	1	1	3	3	0	1
"cell513"	0	3	0	0	0	0	0	0	0	0	0	3	3	1	3	1	3	1	1	0	1	1	0	0	0	0	0	0	0	0	3	0	0	0	1	1	1	1	1	3	1	3
"cell514"	0	0	0	3	0	3	0	0	3	0	0	0	1	1	1	0	1	1	1	1	1	1	0	0	0	0	0	0	0	3	0	3	0	0	3	1	1	1	1	1	3	1
"cell515"	3	3	0	0	0	0	0	0	0	0	0	0	1	1	1	1	1	1	1	1	3	1	0	0	3	0	0	3	0	3	0	0	3	0	0	1	1	1	3	1	3	1
"cell516"	0	0	0	0	0	3	0	0	0	0	0	0	1	1	3	1	3	3	1	1	3	3	3	0	0	3	0	0	0	0	0	0	0	0	3	1	1	3	3	1	1	1
"cell517"	0	3	0	0	3	0	1	0	0	0	3	0	1	1	1	1	1	0	3	3	1	1	0	0	0	0	3	0	0	0	3	0	0	3	1	0	0	1	1	1	1	1
"cell518"	0	3	0	3	3	0	0	3	0	0	0	1	0	3	1	3	1	1	1	1	1	3	3	0	0	0	0	3	0	0	0	0	0	3	3	1	1	0	1	3	1	1
"cell519"	0	0	3	3	0	0	0	0	0	0	0	3	3	1	1	1	0	1	1	1	0	3	3	0	0	0	0	0	3	0	0	0	0	3	0	3	1	1	1	1	1	1
"cell520"	0	0	0	0	0	0	0	0	0	0	3	3	1	1	1	1	1	0	3	1	1	3	0	0	3	0	0	0	3	3	0	0	0	3	1	3	1	1	1	1	1	1
"cell521"	0	3	0	0	0	0	0	0	0	0	3	0	1	1	3	1	1	1	3	1	3	1	0	0	0	3	0	3	0	3	0	0	0	0	1	1	3	1	1	3	3	1
"cell522"	0	3	0	3	0	3	0	0	0	0	0	0	1	3	3	1	1	0	1	1	1	3	0	0	3	0	3	0	0	3	0	0	0	0	1	1	1	1	1	1	1	3
"cell523"	0	0	0	0	0	0	0	0	0	0	0	3	3	1	1	1	1	1	1	1	0	1	3	0	0	0	0	0	0	0	0	0	0	3	0	1	1	1	1	3	3	1
"cell524"	0	0	0	0	0	0	0	0	3	0	0	3	3	1	1	1	1	1	3	1	1	1	3	3	0	3	0	0	0	0	0	0	0	1	1	1	3	1	1	1	3	0
"cell525"	0	0	0	0	0	0	0	0	0	0	0	0	3	0	1	1	1	0	3	1	0	1	0	0	0	3	3	0	0	0	3	3	0	0	1	3	0	3	3	1	1	1
"cell526"	0	0	3	0	0	0	0	3	0	0	0	0	0	0	1	1	1	1	1	1	3	1	0	0	0	3	0	0	0	0	0	0	0	0	3	1	3	3	1	1	3	1
"cell527"	1	0	0	0	0	3	0	3	3	0	0	0	1	1	1	1	1	1	1	1	1	1	0	0	0	3	0	0	0	3	0	0	3	0	1	3	3	1	1	1	1	1
"cell528"	0	0	0	0	3	0	0	0	0	0	0	0	3	3	1	1	3	1	0	1	1	1	0	0	3	3	0	3	0	0	0	3	0	3	0	0	1	1	3	1	3	0
"cell529"	0	0	0	0	3	0	3	0	0	3	0	0	1	1	3	1	1	1	1	1	1	1	0	0	3	0	3	0	3	0	0	0	3	0	1	3	3	1	1	1	0	1
"cell530"	0	0	3	0	0	0	0	0	0	0	0	0	1	1	1	1	1	1	1	1	0	1	0	3	3	0	0	0	3	3	0	0	0	0	1	3	3	1	3	1	1	3
"cell531"	0	0	0	0	0	0	0	0	0	0	0	0	1	0	1	0	3	1	1	1	3	1	0	3	0	0	0	0	0	0	1	0	0	0	1	1	3	1	1	3	1	1
"cell532"	0	0	0	3	0	0	0	0	0	0	0	0	1	1	1	1	1	1	1	1	3	1	0	0	0	0	0	0	0	0	0	0	0	0	1	1	1	1	1	1	1	3
"cell533"	3	0	0	0	0	0	0	3	0	0	0	0	1	1	1	3	3	1	1	1	1	1	0	0	0	0	0	0	0	0	0	0	0	0	1	1	1	1	1	1	1	1
"cell534"	0	0	0	0	0	0	0	0	3	3	0	0	1	1	0	3	1	3	1	1	1	1	3	0	0	3	0	0	0	3	0	0	0	0	1	1	1	3	3	3	3	0
"cell535"	0	0	0	0	0	0	3	0	0	3	0	3	1	1	1	1	1	1	1	0	1	3	0	3	0	0	0	0	0	0	0	0	0	0	3	1	1	1	1	3	3	1
"cell536"	0	0	0	3	0	0	0	0	0	0	3	0	1	1	1	1	1	1	3	1	1	3	0	0	0	0	0	0	0	3	0	0	3	3	0	3	3	1	1	1	1	0
"cell537"	0	0	3	0	3	0	0	0	0	0	1	0	1	3	1	1	1	1	3	0	0	1	3	0	0	0	0	0	0	0	0	0	0	0	1	1	1	1	1	1	1	1
"cell538"	0	0	0	0	0	0	3	0	0	0	0	0	1	1	1	1	3	1	0	3	1	1	3	0	0	0	0	3	0	0	0	0	3	0	1	1	1	1	1	3	3	1
"cell539"	0	0	0	0	0	0	3	0	0	0	0	3	1	1	1	0	1	1	3	3	3	1	0	3	0	0	0	0	3	0	0	3	0	0	1	1	1	3	1	1	1	1
"cell540"	0	0	0	0	0	3	0	3	0	3	0	0	1	1	0	1	1	1	1	1	1	3	3	0	0	0	0	0	0	0	0	0	0	0	3	1	1	3	3	3	1	3
"cell541"	0	0	0	0	0	0	0	3	3	0	3	3	1	1	1	1	1	3	1	1	1	1	3	0	0	3	0	0	0	0	0	0	0	3	1	1	1	1	3	1	1	3
"cell542"	0	3	0	0	3	0	0	0	0	0	0	0	1	1	1	1	3	1	1	1	1	1	0	0	1	0	3	0	0	0	0	0	3	0	3	0	1	3	3	3	1	1
"cell543"	0	0	0	0	0	0	0	0	0	0	3	0	1	3	3	3	1	1	3	1	1	0	0	0	0	0	0	0	0	0	0	0	0	0	0	1	1	1	3	1	1	1
"cell544"	0	0	0	0	0	0	3	3	0	0	0	3	3	1	1	1	1	1	3	3	1	1	3	0	0	0	0	0	3	3	0	0	0	0	1	1	1	1	1	1	1	1
"cell545"	0	0	0	3	0	0	0	0	0	0	0	0	3	1	1	1	1	1	0	0	1	3	3	0	0	3	3	0	0	0	0	0	3	0	1	3	1	3	1	0	1	1
"cell546"	0	0	0	3	0	3	3	0	0	0	3	0	1	1	3	1	1	1	1	1	1	1	0	0	3	0	0	0	3	3	3	0	0	3	1	1	1	1	1	1	3	1
"cell547"	0	0	0	0	0	3	3	0	0	0	0	0	1	3	1	1	1	1	1	1	1	1	0	3	0	0	0	0	0	3	3	0	0	0	3	1	1	1	0	1	1	1
"cell548"	0	0	3	0	0	0	0	0	0	3	0	0	0	1	1	1	1	0	1	1	3	3	0	3	0	0	0	3	0	0	3	3	0	0	1	1	1	1	0	1	1	1
"cell549"	3	3	3	0	0	0	3	0	3	0	0	0	0	1	3	1	3	1	1	1	1	1	0	0	3	0	0	0	0	3	0	0	0	3	1	0	0	3	1	1	1	3
"cell550"	0	0	0	3	0	3	0	0	0	3	0	0	1	1	1	1	1	1	3	1	3	1	0	0	3	0	0	0	0	3	3	0	3	0	1	1	1	1	1	1	1	1
"cell551"	0	0	3	3	0	0	0	0	3	0	0	0	1	3	1	3	1	1	1	1	1	1	0	0	0	0	0	0	3	3	0	3	3	0	1	1	1	3	1	1	1	1
"cell552"	0	3	0	0	3	0	0	0	0	0	0	0	3	1	1	1	0	1	3	1	1	1	0	3	3	0	0	0	0	0	0	0	0	0	3	1	1	1	1	3	1	1
"cell553"	0	0	0	0	0	0	3	0	0	0	1	0	1	3	1	1	1	3	1	3	3	1	0	0	0	3	0	0	0	0	0	0	0	0	1	1	3	1	3	0	1	1
"cell554"	0	3	0	0	3	0	0	0	3	0	0	0	1	1	1	0	1	0	3	1	3	1	3	0	0	0	0	3	0	0	0	0	0	3	1	1	1	1	1	3	1	3
"cell555"	0	0	3	0	0	0	1	0	0	3	0	0	3	1	1	1	1	1	1	0	1	1	3	0	0	0	0	3	0	0	0	3	0	3	0	0	1	1	1	0	1	1
"cell556"	0	0	3	0	0	0	0	0	0	0	0	0	1	3	1	3	1	3	1	1	3	1	3	0	0	0	0	3	0	0	0	3	1	0	1	1	1	3	1	1	1	1
"cell557"	0	0	3	0	0	0	0	0	3	0	0	0	1	1	0	1	3	1	1	1	3	3	3	3	0	0	3	0	0	0	0	0	0	0	1	1	1	3	3	1	1	1
"cell558"	3	0	3	0	0	0	0	0	0	0	0	0	3	1	3	3	1	1	3	1	1	1	0	0	0	0	3	0	0	3	0	0	0	0	3	1	1	0	0	1	1	1
"cell559"	0	0	0	0	0	0	0	0	0	0	0	0	1	1	1	1	1	0	3	3	1	1	3	0	0	0	0	3	3	3	0	0	0	0	1	1	1	1	1	1	1	0
"cell560"	0	0	0	0	0	0	3	0	0	3	0	3	1	1	3	3	1	0	3	1	1	1	0	3	0	0	0	0	0	0	0	3	3	0	1	3	1	3	1	1	1	1
"cell561"	0	0	0	0	1	0	0	0	3	0	0	0	3	3	1	1	1	3	3	1	1	0	0	3	0	0	0	0	0	0	3	3	0	0	1	1	3	1	3	1	1	3
"cell562"	3	0	0	3	0	0	0	0	0	0	0	0	0	1	1	1	3	3	3	1	1	1	3	0	0	0	0	0	0	3	3	0	0	0	3	0	3	1	1	3	1	0
"cell563"	0	3	0	0	0	0	3	0	0	0	0	0	1	1	0	1	1	0	1	1	1	1	0	0	0	0	0	0	0	0	3	0	0	0	1	0	1	3	1	3	1	1
"cell564"	0	0	3	0	3	0	3	0	0	0	0	0	1	1	1	3	1	1	1	1	1	1	0	0	0	3	0	0	0	0	0	3	0	0	1	1	0	3	1	3	1	3
"cell565"	0	0	3	3	0	0	0	0	0	0	0	0	1	1	0	3	1	3	1	1	3	1	0	0	3	0	0	0	0	0	0	0	0	0	0	3	1	1	0	1	1	0
"cell566"	3	0	3	0	3	0	0	0	0	0	3	3	1	1	1	1	1	1	1	1	1	1	0	3	3	0	0	3	0	0	0	0	0	3	3	1	1	1	3	1	1	1
"cell567"	0	0	0	0	0	0	0	0	0	0	0	0	0	3	0	3	1	1	1	1	0	3	0	3	3	0	0	0	0	0	3	3	0	3	0	3	3	3	1	1	3	1
"cell568"	0	0	0	0	0	0	0	0	0	0	0	0	1	1	1	3	1	3	1	3	3	1	0	0	0	0	0	3	3	3	3	3	3	0	1	1	1	3	1	1	3	3
"cell569"	3	0	0	0	0	0	0	0	0	0	0	0	0	1	1	1	1	1	1	1	1	1	0	3	0	0	3	0	0	0	3	0	0	0	3	1	1	1	1	0	1	1
"cell570"	0	0	0	0	0	0	0	0	3	3	0	0	1	0	1	1	1	1	1	1	3	1	0	0	0	3	3	0	0	0	0	0	0	3	1	3	3	1	1	1	1	1
"cell571"	0	3	3	0	0	3	3	3	0	0	0	0	1	1	1	1	1	3	1	0	1	1	0	0	0	0	3	3	0	0	3	0	0	0	3	1	1	1	1	1	1	1
"cell572"	3	3	0	0	0	0	0	0	0	0	0	0	1	3	3	1	3	3	0	1	1	0	0	0	3	0	0	0	0	0	3	3	0	0	1	1	1	1	1	1	1	1
"cell573"	0	0	0	0	0	0	0	0	0	0	0	0	1	1	0	1	1	1	1	1	1	1	3	3	3	0	0	0	0	0	0	0	0	0	1	1	1	1	1	1	1	1
"cell574"	0	3	0	0	3	0	0	0	0	3	0	0	1	1	1	1	3	1	3	1	1	1	3	0	3	0	0	0	0	3	3	0	0	3	1	3	1	3	1	1	3	1
"cell575"	0	0	0	0	0	0	0	0	0	0	0	0	1	1	1	1	1	3	1	1	1	3	3	0	3	3	0	3	0	0	0	0	0	0	3	0	1	1	3	1	1	1
"cell576"	0	0	0	0	0	0	0	3	0	0	3	0	1	1	3	1	1	1	1	3	1	1	3	3	0	0	0	0	3	3	0	0	0	3	1	1	1	1	1	3	1	1
"cell577"	0	0	0	0	0	3	3	0	3	0	0	0	1	1	1	1	1	1	1	1	3	1	0	0	0	0	0	0	0	0	0	0	0	0	1	1	1	1	1	3	3	1
"cell578"	3	3	0	0	3	0	0	0	0	0	0	0	1	1	1	1	1	3	1	3	0	0	0	0	0	0	3	0	0	0	3	0	0	0	1	3	1	0	3	3	1	1
"cell579"	0	3	3	0	0	0	0	0	0	0	3	0	1	3	1	1	1	1	1	1	1	1	3	3	0	0	0	0	0	0	0	0	0	3	3	3	1	1	1	1	1	1
"cell580"	0	0	3	0	3	0	0	0	0	0	3	3	1	1	0	1	1	1	1	1	1	0	0	0	0	0	0	0	0	0	0	0	0	0	3	1	3	1	3	1	1	1
"cell581"	0	0	0	0	0	0	0	0	0	3	0	0	0	1	1	1	1	3	1	1	3	1	0	3	0	0	0	3	0	0	3	0	0	0	3	1	1	1	1	1	1	1
"cell582"	0	3	0	0	0	0	0	0	0	0	0	0	1	1	1	3	1	3	1	0	1	1	0	0	0	3	0	0	0	0	0	0	0	0	1	1	1	1	3	1	1	1
"cell583"	0	3	0	0	3	0	0	3	0	0	0	0	1	1	1	1	1	0	1	1	3	1	0	3	0	0	0	3	0	0	0	3	3	0	1	0	1	1	1	3	1	1
"cell584"	0	0	0	0	0	0	0	3	3	0	0	0	3	1	3	1	1	1	1	0	1	3	0	3	0	0	0	3	0	0	0	0	3	1	1	1	1	3	1	1	1	3
"cell585"	0	0	0	0	0	0	0	0	0	3	0	3	1	3	1	1	1	0	1	3	1	1	0	0	0	0	0	0	0	0	0	0	0	3	1	1	1	1	1	1	1	1
"cell586"	0	0	0	0	3	3	3	0	0	3	0	3	1	0	1	1	1	1	1	1	0	3	3	3	0	0	0	0	3	0	0	0	0	0	1	1	1	1	1	1	1	3
"cell587"	0	0	3	0	3	0	0	3	0	3	0	0	1	1	1	1	1	1	1	3	3	1	0	0	0	0	0	0	3	0	0	0	0	0	1	1	3	1	3	3	1	1
"cell588"	0	0	0	0	0	0	0	0	0	0	0	3	3	3	1	1	1	1	1	1	3	1	0	0	0	3	0	0	3	0	3	0	0	0	1	0	1	1	1	1	1	1
"cell589"	0	0	0	0	0	0	0	0	0	0	0	0	1	1	1	1	3	3	3	0	1	0	0	0	0	0	3	0	0	0	0	3	0	0	0	1	1	1	0	1	3	1
"cell590"	0	3	0	3	0	0	0	3	0	0	3	0	1	3	1	1	1	1	1	1	1	1	3	3	0	0	0	0	0	0	3	0	0	0	3	3	1	3	1	3	1	1
"cell591"	0	0	3	0	3	0	3	3	0	0	0	0	1	3	3	1	1	3	1	1	0	1	0	0	0	0	0	0	0	0	0	0	0	0	3	3	1	3	1	1	1	3
"cell592"	0	0	0	0	0	0	3	0	3	0	0	0	1	1	1	1	1	1	0	1	1	3	0	0	3	0	3	0	0	0	0	3	0	0	1	3	1	1	1	1	1	0
"cell593"	0	0	3	0	0	0	0	0	3	0	0	0	1	1	1	1	1	3	1	1	1	1	0	3	0	0	0	3	0	0	3	3	0	0	3	1	1	0	1	1	1	3
"cell594"	0	3	0	3	0	0	0	0	0	0	0	0	1	3	0	1	0	1	1	1	1	0	0	0	0	0	0	3	0	0	3	0	0	3	1	1	3	3	1	1	1	1
"cell595"	0	0	0	3	0	0	0	0	0	0	0	3	1	0	1	1	1	1	1	0	1	1	0	0	0	0	3	0	3	0	0	0	0	3	1	1	1	1	1	1	1	3
"cell596"	0	3	3	3	0	0	0	0	0	0	0	3	1	1	1	1	1	1	3	0	0	1	3	0	3	0	0	0	0	0	0	0	0	0	1	3	1	1	1	1	1	1
"cell597"	3	3	0	0	0	0	3	0	0	3	0	3	1	3	3	0	1	1	1	3	0	1	3	0	0	0	0	0	3	0	0	0	0	0	1	0	3	1	1	1	1	1
"cell598"	0	3	0	0	0	0	0	0	0	0	0	0	1	1	1	3	1	1	1	3	3	1	3	0	0	3	0	0	0	0	3	0	3	0	1	1	1	3	3	1	1	1
"cell599"	0	0	0	0	0	3	0	0	0	0	3	0	1	1	1	1	1	1	1	1	1	1	0	0	0	0	0	0	0	0	0	3	0	0	1	1	1	3	1	1	3	1
"cell600"	3	0	0	0	0	0	0	3	0	3	0	0	1	0	1	1	3	1	0	1	1	1	3	0	0	0	0	0	0	3	0	0	0	0	1	3	0	3	1	1	1	1
