""	"SNV0"	"SNV1"	"SNV2"	"SNV3"	"SNV4"	"SNV5"	"SNV6"	"SNV7"	"SNV8"	"SNV9"	"SNV10"	"SNV11"	"SNV12"	"SNV13"	"SNV14"	"SNV15"	"SNV16"	"SNV17"	"SNV18"	"SNV19"	"SNV20"	"SNV21"	"SNV22"	"SNV23"	"SNV24"	"SNV25"	"SNV26"	"SNV27"	"SNV28"	"SNV29"	"SNV30"	"SNV31"	"SNV32"	"SNV33"	"SNV34"	"SNV35"	"SNV36"	"SNV37"	"SNV38"	"SNV39"
"cell1"	1	3	1	1	0	0	0	0	0	0	0	3	3	0	0	0	0	0	0	0	0	0	0	0	3	3	0	3	0	0	0	0	0	0	0	0	3	0	3	0
"cell2"	0	3	0	1	3	3	0	0	0	0	0	0	0	0	1	0	0	0	0	0	0	0	0	0	0	0	0	0	0	0	3	0	0	0	0	1	0	0	0	1
"cell3"	1	1	1	1	3	0	0	0	0	3	0	3	0	3	0	3	0	0	0	0	0	3	0	0	0	0	0	0	0	0	0	0	1	0	0	3	0	3	0	0
"cell4"	3	0	1	1	0	0	0	0	0	0	0	3	0	0	3	0	0	0	3	0	0	0	0	3	3	0	0	0	0	0	0	0	0	0	0	0	1	1	0	0
"cell5"	1	1	1	1	0	0	3	1	1	0	0	0	0	0	0	0	0	0	0	3	0	0	0	0	0	0	0	0	0	0	0	0	0	3	3	0	0	0	3	0
"cell6"	1	1	1	1	0	3	0	0	0	0	1	0	3	3	1	0	0	0	0	1	0	0	0	0	3	0	3	0	3	3	3	3	0	0	3	0	0	3	0	1
"cell7"	0	0	0	1	0	0	0	3	3	3	0	0	0	0	0	0	0	0	0	0	0	0	0	0	0	0	0	0	3	0	0	0	3	0	3	3	3	0	0	0
"cell8"	1	1	1	1	0	0	0	0	0	3	3	0	0	0	3	0	0	0	0	3	0	3	0	0	0	0	0	0	3	3	0	0	0	3	3	0	0	0	0	0
"cell9"	3	1	1	1	1	3	0	0	3	3	3	0	0	0	3	0	0	0	0	0	0	0	0	0	0	0	0	0	3	0	0	3	0	0	3	0	3	1	3	1
"cell10"	1	1	1	1	1	3	0	0	0	0	3	0	3	0	0	0	0	0	0	3	1	0	3	3	0	0	0	3	3	0	3	0	0	3	0	0	0	0	0	0
"cell11"	1	1	1	1	0	0	0	0	0	1	3	0	0	1	0	0	0	0	0	0	0	0	3	0	0	0	3	0	0	0	0	0	0	0	0	0	3	0	0	3
"cell12"	3	0	1	1	0	1	0	0	3	0	0	3	0	3	0	0	3	0	0	0	0	0	0	0	3	0	0	0	0	0	0	0	3	0	0	3	0	0	0	3
"cell13"	1	1	1	3	0	0	3	0	1	0	3	0	0	0	0	3	3	0	0	0	0	0	0	0	0	0	3	0	3	0	0	0	0	0	0	0	0	0	0	0
"cell14"	1	1	3	1	0	3	0	0	0	3	0	0	0	0	0	0	0	0	0	0	0	0	0	0	0	0	0	0	3	3	3	0	1	0	0	1	0	0	0	0
"cell15"	3	1	1	1	0	0	0	0	0	0	0	0	0	0	0	3	3	1	1	1	0	1	1	1	1	3	0	1	1	0	3	0	3	0	3	0	3	0	0	0
"cell16"	1	1	1	0	0	3	0	0	0	3	0	0	3	0	3	0	3	1	1	3	1	0	1	1	1	3	1	1	1	0	0	0	0	3	0	0	0	0	0	3
"cell17"	3	1	1	3	0	0	0	0	0	0	0	0	0	3	3	0	3	1	1	1	1	1	1	3	1	1	0	1	1	0	0	0	0	0	0	0	0	0	0	3
"cell18"	1	0	1	0	0	0	0	3	1	3	0	0	0	0	3	0	1	1	1	1	3	1	1	1	1	1	1	1	3	0	0	0	0	3	0	3	0	0	0	3
"cell19"	1	1	1	3	0	0	0	0	0	1	0	0	0	0	3	0	1	3	1	1	3	1	1	0	1	1	3	1	1	0	0	0	0	0	3	0	0	0	0	0
"cell20"	1	1	1	0	3	0	3	0	0	0	0	0	3	0	0	0	3	3	1	3	1	1	1	0	1	1	3	1	1	1	0	0	3	0	0	0	1	0	0	0
"cell21"	1	0	0	1	0	0	3	0	3	0	3	0	0	3	0	0	3	3	3	3	1	0	1	3	1	1	3	1	3	0	3	0	3	0	0	3	0	0	3	3
"cell22"	3	0	1	0	1	0	0	0	0	0	3	0	0	0	3	0	1	1	1	1	1	0	3	3	1	0	0	1	1	1	0	0	0	0	0	0	0	0	0	0
"cell23"	1	3	1	1	0	3	0	0	0	0	0	0	0	0	3	0	3	1	3	1	1	3	1	0	1	1	0	3	3	0	3	0	3	0	0	1	3	0	0	3
"cell24"	0	1	1	1	0	0	0	0	0	0	3	0	0	0	3	0	3	1	1	0	1	1	0	1	1	0	0	1	3	3	0	0	3	0	3	0	0	0	3	0
"cell25"	3	0	0	0	0	1	0	0	1	3	1	1	1	3	1	1	0	3	0	0	0	0	0	0	0	0	0	0	3	1	1	3	1	1	1	0	3	1	0	0
"cell26"	0	0	0	0	1	1	1	0	1	1	3	3	1	0	1	1	0	0	1	3	1	3	0	0	0	0	0	1	0	1	1	3	3	1	1	0	0	0	1	3
"cell27"	3	3	1	0	1	1	1	1	1	1	3	1	0	1	3	3	0	0	0	0	3	0	3	3	3	1	0	3	1	3	0	1	3	1	1	0	0	3	0	0
"cell28"	3	0	0	0	0	3	1	3	1	1	0	1	1	0	0	3	3	0	0	0	0	0	0	3	0	3	0	0	0	1	1	1	0	3	1	0	3	3	0	0
"cell29"	0	0	0	0	1	1	0	1	0	1	1	3	1	0	1	1	3	0	3	3	1	0	3	0	0	0	0	0	0	1	0	0	1	1	1	0	0	0	0	1
"cell30"	3	0	3	0	1	0	3	1	0	1	1	1	3	0	0	1	0	0	0	0	0	0	0	0	0	0	0	0	0	0	1	1	3	3	0	3	0	0	0	0
"cell31"	3	0	0	0	1	1	1	1	1	1	3	1	1	1	1	1	0	0	0	0	0	0	0	0	3	0	0	0	0	0	3	1	3	0	1	0	0	1	3	0
"cell32"	0	1	3	0	1	1	1	3	0	1	1	1	0	3	0	1	1	0	0	0	0	0	0	3	3	0	0	3	0	1	3	0	0	1	1	0	0	0	3	0
"cell33"	3	0	3	0	3	3	1	3	3	3	3	1	3	3	1	0	0	0	0	3	0	0	0	3	0	0	0	0	0	1	1	3	3	1	0	3	3	0	0	0
"cell34"	0	0	0	0	1	3	0	1	1	0	3	1	0	1	3	1	0	0	1	0	0	0	1	0	0	3	0	3	3	0	0	1	1	0	1	0	0	0	0	0
"cell35"	0	0	0	0	1	1	1	0	1	3	3	1	1	0	0	1	0	0	0	3	3	0	0	0	0	0	1	1	0	3	0	1	1	1	1	3	0	0	0	3
"cell36"	3	3	0	3	1	1	1	3	0	1	1	1	1	3	1	0	0	0	0	3	0	0	0	0	0	0	3	0	3	3	1	1	1	1	1	0	0	3	0	3
"cell37"	0	3	0	0	1	1	0	3	3	1	1	1	1	0	1	1	0	3	1	0	0	1	3	0	0	0	0	0	3	3	3	1	3	1	0	0	0	3	0	0
"cell38"	0	0	0	0	1	1	0	1	1	1	3	1	1	1	0	0	0	0	0	3	0	0	0	3	0	0	0	0	0	1	3	1	3	0	0	0	1	0	3	0
"cell39"	0	3	3	0	1	1	0	0	1	1	0	1	3	1	0	1	3	3	0	0	0	0	0	0	0	0	0	0	3	1	1	1	1	1	1	3	3	0	0	3
"cell40"	0	0	3	0	1	1	1	1	0	3	1	3	1	1	1	1	3	0	0	1	3	0	0	0	1	3	0	3	0	0	1	1	1	1	1	0	0	3	3	3
"cell41"	0	0	0	0	1	0	1	3	0	1	1	3	0	1	1	1	0	1	0	0	0	0	0	0	0	3	3	0	0	1	1	1	1	1	0	0	0	0	0	0
"cell42"	3	0	0	0	1	1	1	3	0	1	1	1	0	1	1	0	0	0	0	0	0	0	0	0	0	0	0	3	0	0	1	1	1	0	0	0	0	0	3	3
"cell43"	0	3	3	0	1	1	0	0	1	1	1	1	3	1	1	3	0	3	3	3	3	1	0	0	0	0	0	0	0	1	1	1	3	1	1	0	0	0	0	3
"cell44"	0	0	0	3	1	1	0	0	1	1	0	1	1	1	3	1	3	1	0	0	0	0	0	3	0	1	3	0	0	1	3	1	1	1	1	0	0	0	0	3
"cell45"	3	3	0	0	1	3	3	1	0	1	1	0	1	3	0	3	0	0	0	0	3	3	3	0	0	0	0	3	0	3	1	1	3	1	0	0	0	0	0	0
"cell46"	0	0	0	0	0	3	1	1	0	1	1	3	0	1	1	3	0	0	0	3	3	0	0	0	0	0	0	0	0	3	1	1	0	1	1	3	0	0	3	0
"cell47"	0	0	0	0	1	1	1	1	1	1	1	1	3	1	1	3	0	0	0	0	3	3	1	0	0	3	0	0	0	3	1	1	1	0	1	1	0	0	0	0
"cell48"	0	0	3	0	1	1	1	3	1	1	1	1	1	3	0	0	0	0	0	0	0	0	0	0	0	0	0	0	0	1	1	3	1	0	1	0	0	3	0	3
"cell49"	0	3	0	0	1	1	3	1	1	1	1	1	1	3	1	1	3	0	0	0	0	0	0	0	0	0	0	0	0	0	3	1	1	1	1	0	3	0	0	0
"cell50"	0	0	0	0	3	1	0	3	1	1	1	1	1	0	1	1	3	0	0	3	0	3	0	0	0	0	0	0	0	3	0	1	1	1	3	1	3	0	0	3
"cell51"	3	0	0	3	1	1	1	3	0	1	3	1	1	3	1	1	0	0	0	0	0	0	0	0	0	0	3	0	0	1	1	0	1	0	1	0	3	0	0	3
"cell52"	0	0	3	3	1	1	1	3	1	3	1	1	0	1	0	1	3	0	1	0	0	0	0	0	0	0	0	0	0	1	1	1	0	0	3	0	3	0	0	0
"cell53"	3	0	0	0	3	1	0	0	1	1	1	1	1	3	1	1	0	3	3	3	0	0	0	0	0	0	0	0	0	1	1	1	1	1	3	0	0	0	0	0
"cell54"	0	3	1	3	1	3	0	0	0	3	1	1	3	3	1	3	0	0	0	0	0	3	0	0	0	0	0	0	0	1	3	1	1	1	3	0	3	0	0	0
"cell55"	3	0	0	0	1	3	1	1	0	1	3	0	1	1	3	1	0	0	0	0	0	0	0	0	0	0	0	0	0	3	3	1	3	0	1	3	0	1	0	0
"cell56"	0	3	0	0	1	1	3	0	1	3	1	3	1	1	3	3	0	3	0	0	0	3	0	0	0	3	0	3	0	1	0	1	1	1	1	0	1	0	0	3
"cell57"	0	3	0	0	1	1	0	1	0	0	3	1	0	1	1	1	3	1	0	3	0	0	3	0	0	0	0	0	3	0	1	1	1	1	0	0	0	0	0	0
"cell58"	3	0	0	0	1	1	1	3	3	1	1	1	1	1	1	1	0	0	0	0	1	3	3	3	0	3	0	0	0	3	1	0	3	1	1	0	1	3	0	0
"cell59"	0	0	0	0	1	1	3	1	1	1	1	1	1	1	3	1	0	0	0	0	3	3	0	0	3	0	0	0	3	0	3	1	1	3	1	1	0	0	0	0
"cell60"	0	0	0	0	1	1	1	3	0	1	1	3	1	1	0	1	3	0	1	0	0	3	0	0	0	0	0	0	3	1	1	3	3	1	1	0	0	0	3	0
"cell61"	3	0	0	0	1	1	1	1	0	3	1	1	1	1	1	1	0	0	0	0	3	0	3	3	0	0	3	0	0	0	3	3	1	1	1	0	3	0	0	0
"cell62"	0	0	0	0	1	1	1	3	0	1	0	1	1	1	1	1	3	0	0	3	0	0	0	0	0	0	0	0	0	3	1	1	1	1	0	0	0	0	0	0
"cell63"	3	0	0	0	3	1	1	0	0	3	0	3	1	1	1	0	0	3	0	0	3	0	0	0	3	3	0	0	0	1	3	1	3	1	1	0	0	0	0	0
"cell64"	1	3	3	0	1	0	3	3	1	1	1	1	3	1	1	3	0	0	0	3	0	0	0	3	0	0	0	3	0	0	1	1	1	1	1	0	0	0	0	0
"cell65"	0	0	0	0	1	1	1	1	3	0	0	1	1	3	1	3	0	0	0	0	0	0	0	3	3	0	0	3	0	3	0	1	0	1	3	3	0	1	0	0
"cell66"	0	0	3	0	1	3	1	1	1	3	1	1	0	3	3	1	0	0	0	0	0	3	0	0	0	0	0	0	0	1	1	0	3	3	1	3	3	0	3	0
"cell67"	0	3	3	0	1	1	1	1	1	0	3	1	1	3	3	1	0	1	0	0	0	0	3	0	3	0	0	0	3	1	0	1	1	1	1	0	3	0	3	0
"cell68"	0	0	0	0	1	1	0	0	1	1	1	0	1	1	1	3	3	0	0	0	3	1	0	0	0	3	3	0	0	1	1	3	1	3	1	0	0	3	0	1
"cell69"	3	0	0	0	1	0	0	3	3	0	0	1	1	1	3	3	0	0	3	0	0	1	0	0	0	1	3	3	0	0	3	1	0	0	0	0	0	0	0	0
"cell70"	3	0	0	0	3	1	0	1	1	1	0	3	0	3	0	1	0	3	0	0	3	0	0	0	1	0	0	0	0	1	1	1	0	1	1	0	0	0	0	0
"cell71"	0	1	0	3	1	1	0	3	3	1	1	1	3	3	1	1	0	0	0	0	0	3	0	0	3	0	3	3	0	3	0	3	3	1	1	0	0	0	0	0
"cell72"	0	0	0	1	1	1	0	0	1	3	1	1	1	1	0	1	0	0	0	0	3	3	0	3	0	0	0	3	0	3	1	3	1	3	0	0	0	0	0	3
"cell73"	0	0	3	0	3	1	3	0	3	0	1	1	1	3	1	3	3	0	0	0	3	0	0	3	0	3	0	1	0	1	0	1	1	1	1	0	0	0	0	0
"cell74"	0	0	0	0	1	1	1	0	1	3	1	3	1	1	1	1	0	0	0	3	0	0	0	0	0	0	0	0	0	1	3	1	1	1	1	0	1	3	0	0
"cell75"	0	0	0	3	0	1	1	3	1	3	1	1	0	1	3	1	0	0	0	0	0	0	0	1	3	3	0	0	0	0	0	3	3	0	3	0	3	0	0	0
"cell76"	0	0	3	0	1	1	1	0	1	3	0	1	1	3	1	1	0	3	1	0	3	0	0	0	3	0	0	0	0	1	1	3	1	0	1	0	0	3	0	0
"cell77"	3	0	0	0	0	0	1	1	1	1	1	3	1	3	1	1	0	0	0	0	0	0	1	1	3	0	3	0	0	3	3	1	1	1	3	0	0	3	3	3
"cell78"	0	3	0	0	3	1	1	1	1	3	1	1	0	1	1	3	0	0	0	3	3	0	0	0	0	3	0	0	0	1	0	1	1	1	1	0	0	0	0	0
"cell79"	3	3	0	0	1	1	1	1	3	1	3	3	0	0	1	1	0	3	3	0	0	3	0	0	1	0	0	1	0	1	1	1	1	1	1	0	1	0	3	0
"cell80"	0	1	0	0	1	1	1	1	1	1	1	1	1	3	1	1	0	0	0	0	0	0	0	0	3	0	0	3	3	3	1	3	1	1	1	0	0	0	0	3
"cell81"	0	0	0	3	1	3	1	1	1	1	1	0	1	1	1	3	0	0	0	0	0	3	0	0	3	0	0	0	0	3	1	1	3	1	3	0	0	1	3	3
"cell82"	0	0	0	3	1	1	3	0	1	1	0	1	1	0	1	3	0	1	0	3	3	0	0	0	0	0	3	3	0	1	1	1	3	1	1	0	3	3	0	3
"cell83"	3	0	0	0	1	1	3	1	1	3	0	1	0	1	3	3	0	0	0	0	0	0	3	0	0	0	0	0	0	1	1	1	0	1	1	0	0	3	0	0
"cell84"	3	0	0	0	1	1	1	1	1	1	1	0	1	3	1	3	0	3	0	0	0	0	0	0	0	3	0	0	0	1	1	1	1	1	1	0	0	0	0	0
"cell85"	0	0	0	0	1	0	3	1	3	1	3	0	3	1	0	1	0	0	0	0	0	0	0	3	0	0	3	0	0	1	1	0	1	1	0	3	0	0	0	0
"cell86"	0	0	3	0	1	1	0	1	1	0	1	1	0	1	1	3	3	0	0	0	0	0	0	1	0	3	0	0	0	0	3	1	3	3	1	0	3	3	0	0
"cell87"	0	0	3	0	1	1	0	0	1	3	1	1	1	1	1	0	3	0	0	0	0	3	0	3	3	0	0	0	3	1	1	1	1	1	1	0	3	0	0	0
"cell88"	3	3	0	0	1	1	1	3	1	1	1	1	3	0	1	3	0	0	0	0	0	0	0	0	0	0	0	0	0	1	1	1	0	1	0	0	0	0	0	0
"cell89"	1	0	0	0	0	0	0	1	1	1	1	3	3	1	1	1	0	0	0	0	0	0	0	3	0	0	0	0	0	0	1	1	1	1	1	0	0	0	0	0
"cell90"	0	0	0	0	3	1	1	1	1	1	1	1	1	3	1	1	0	0	3	0	3	0	0	0	0	0	0	0	1	1	1	3	1	0	3	0	0	0	0	0
"cell91"	3	0	3	0	1	0	3	0	1	1	1	1	1	1	3	1	1	3	0	0	0	0	0	3	0	0	0	0	0	0	0	0	0	0	0	1	0	0	1	1
"cell92"	3	0	0	0	1	1	3	1	1	3	1	1	1	3	1	1	3	0	0	0	0	3	0	0	0	0	0	0	0	0	0	0	0	0	0	1	0	1	3	1
"cell93"	0	3	0	0	1	1	1	0	1	1	1	0	3	1	1	1	3	0	0	0	0	0	0	0	3	0	0	0	0	1	3	3	0	0	0	1	1	0	1	1
"cell94"	0	0	0	0	1	1	3	1	1	1	1	3	1	1	0	1	0	0	0	3	0	0	0	0	0	0	0	1	0	0	0	3	0	0	0	3	1	1	1	1
"cell95"	0	0	0	0	1	1	0	0	1	1	1	3	1	1	1	0	0	3	0	0	0	0	3	0	0	3	0	0	0	0	0	3	0	0	0	3	1	0	1	1
"cell96"	0	0	0	0	1	1	3	1	1	3	1	0	1	1	0	1	0	3	0	0	3	0	0	0	0	0	3	0	1	3	3	0	3	0	1	1	3	1	1	1
"cell97"	0	0	0	3	1	3	3	1	3	0	1	1	1	1	1	3	0	0	3	0	3	0	0	0	0	0	3	0	3	3	0	0	0	0	3	1	1	1	1	1
"cell98"	0	0	0	0	0	1	3	1	3	1	1	3	1	1	1	0	0	0	3	0	0	0	0	0	1	3	0	0	0	0	0	0	0	3	0	1	1	1	1	3
"cell99"	3	0	0	0	1	0	0	1	0	3	1	0	1	3	3	1	0	0	0	0	3	0	0	0	0	0	0	0	0	0	3	3	0	0	0	1	1	1	1	1
"cell100"	0	0	0	0	1	0	1	1	1	0	1	1	1	0	3	0	0	0	0	3	0	3	0	0	0	3	0	0	0	0	0	0	0	1	0	1	1	1	3	1
"cell101"	1	1	1	0	1	0	0	0	0	0	0	3	0	1	1	0	0	0	0	3	3	0	0	0	3	3	0	0	0	0	0	0	0	0	0	0	0	0	3	3
"cell102"	3	1	1	1	0	0	0	0	0	0	3	3	0	0	1	1	0	0	0	3	3	0	1	0	0	0	0	0	0	0	3	3	0	0	0	3	0	0	0	0
"cell103"	1	1	1	3	0	0	0	0	0	0	3	0	0	0	0	0	0	0	0	3	0	0	0	0	0	0	1	0	1	0	0	3	0	0	0	0	3	0	0	0
"cell104"	1	3	1	1	3	0	0	0	3	3	0	3	3	0	0	0	3	0	0	0	0	0	0	0	0	0	0	0	0	0	0	0	1	0	0	0	0	3	0	0
"cell105"	1	1	1	0	0	0	0	0	0	0	0	0	0	3	0	3	0	3	0	1	0	0	0	0	0	0	3	3	0	1	1	0	0	0	0	0	0	0	0	0
"cell106"	1	3	0	1	3	0	0	0	0	0	0	0	1	0	0	3	0	3	0	0	0	1	0	0	0	0	0	0	0	0	3	0	0	0	3	3	0	0	0	0
"cell107"	3	1	1	1	0	0	3	3	3	0	0	0	0	1	0	3	0	0	0	3	0	0	0	0	3	0	0	3	0	0	0	3	3	0	0	0	0	0	0	0
"cell108"	1	1	1	0	3	0	0	0	3	0	3	0	0	0	0	0	3	0	0	3	0	3	0	0	0	0	0	0	0	0	0	0	0	0	0	1	0	0	3	0
"cell109"	3	1	1	1	0	3	0	0	3	0	0	0	0	0	0	0	0	3	3	0	0	3	3	0	0	0	1	0	0	0	0	0	3	0	0	0	0	3	1	0
"cell110"	3	1	1	1	0	3	3	1	0	3	0	0	0	3	0	0	3	0	0	0	0	0	3	3	3	0	0	0	0	0	0	0	3	3	0	0	0	3	0	1
"cell111"	1	1	3	1	0	3	0	0	0	0	1	0	0	0	0	3	0	0	3	3	0	0	0	3	3	0	0	0	1	0	0	3	0	0	0	0	1	1	0	0
"cell112"	3	1	1	1	0	0	3	3	0	0	0	0	0	0	0	0	0	0	0	3	0	0	0	0	3	0	3	3	0	0	0	0	0	0	0	0	0	0	0	0
"cell113"	1	1	1	3	0	0	0	0	0	0	0	3	3	0	0	3	0	3	0	1	3	0	0	0	3	3	0	0	0	0	3	0	3	0	0	3	0	0	0	0
"cell114"	1	3	1	1	0	0	0	3	0	3	0	0	0	0	0	0	0	0	0	3	3	0	3	0	0	0	3	0	0	0	0	0	0	0	0	3	0	0	0	0
"cell115"	1	0	1	1	1	0	0	0	0	1	0	0	0	0	3	0	0	0	0	0	0	0	3	0	0	0	0	0	3	0	0	0	0	3	0	3	0	3	0	3
"cell116"	1	0	1	0	0	0	0	0	0	1	0	0	0	0	0	3	0	0	0	0	0	3	3	0	0	0	0	0	0	3	3	0	3	3	3	3	0	0	0	0
"cell117"	0	1	3	3	0	3	0	0	0	3	3	0	0	0	3	0	0	0	0	0	0	0	0	0	0	0	0	0	0	1	0	3	0	0	0	0	0	0	0	0
"cell118"	3	1	1	1	3	0	0	1	0	0	3	0	0	0	3	0	3	0	0	0	0	0	0	0	0	0	0	0	0	0	0	0	0	0	0	0	0	0	0	0
"cell119"	3	1	3	1	0	3	0	0	0	0	0	0	0	0	0	0	0	0	3	3	0	3	3	0	0	3	1	0	0	0	3	3	3	3	3	0	3	0	0	3
"cell120"	3	1	3	1	0	0	0	0	0	3	0	0	0	0	3	0	0	0	0	0	0	3	0	3	1	0	0	0	0	0	0	0	0	0	3	0	0	0	0	0
"cell121"	0	3	1	0	0	0	0	0	0	0	0	1	0	0	0	3	0	0	0	0	0	0	0	0	0	1	0	0	0	0	1	0	0	3	0	0	0	0	3	0
"cell122"	1	1	0	1	0	0	1	0	0	0	0	3	0	0	0	0	0	0	3	0	0	0	3	3	0	3	0	0	0	0	0	0	0	0	0	0	0	0	0	3
"cell123"	1	0	3	1	0	0	0	0	3	0	0	0	0	0	0	0	0	0	0	0	3	0	0	0	0	0	0	0	0	0	0	0	3	0	3	3	0	0	0	0
"cell124"	0	3	1	0	0	3	3	0	0	0	3	0	3	3	0	0	0	0	0	0	0	3	0	1	0	0	0	3	0	0	0	0	0	0	0	0	0	0	3	0
"cell125"	3	1	1	0	0	0	0	0	0	0	0	3	0	0	0	0	0	0	3	0	0	0	0	0	0	0	0	0	3	0	0	0	0	0	0	0	0	0	0	0
"cell126"	3	1	1	0	0	0	0	0	0	0	0	3	3	0	0	0	0	0	0	0	3	0	0	0	0	0	0	3	3	0	3	0	0	0	0	0	0	0	3	3
"cell127"	3	1	0	0	0	0	0	0	3	0	0	0	0	0	0	0	0	3	0	0	0	0	0	0	0	0	3	0	0	0	3	0	3	0	0	0	0	0	0	3
"cell128"	1	3	1	1	3	0	3	0	3	0	0	0	3	0	0	3	0	3	1	0	3	0	1	0	3	0	0	0	0	3	0	0	0	0	0	1	0	0	3	3
"cell129"	1	3	1	3	0	0	0	0	3	3	0	0	0	1	0	0	1	0	3	3	0	0	0	0	0	3	1	0	0	0	3	0	0	0	0	3	0	0	0	0
"cell130"	1	3	0	1	0	0	0	0	3	3	0	0	0	0	0	0	0	0	0	0	3	3	0	3	3	0	0	0	0	0	0	0	3	0	0	0	0	0	0	3
"cell131"	1	3	1	1	0	0	0	0	0	0	0	3	3	0	0	0	0	3	3	0	0	0	0	3	0	0	0	3	0	3	0	0	0	0	0	0	0	0	3	0
"cell132"	1	3	1	1	0	0	0	0	0	3	0	3	0	0	3	3	0	0	0	0	0	0	0	0	0	0	0	0	0	3	3	3	0	0	0	0	1	0	0	0
"cell133"	3	0	1	0	0	0	0	0	0	1	0	0	3	3	3	0	0	0	1	3	0	0	0	0	0	3	0	0	3	0	0	0	0	0	0	0	0	0	0	0
"cell134"	1	0	1	1	0	0	0	0	0	3	0	0	1	0	0	0	3	0	0	0	0	0	3	3	0	0	0	3	0	3	0	1	0	3	3	0	0	0	3	0
"cell135"	0	1	3	0	0	0	0	0	0	0	0	0	0	3	0	0	3	0	3	0	0	3	3	3	0	0	0	0	0	0	0	0	0	0	0	0	0	0	3	0
"cell136"	0	1	1	3	3	0	0	0	0	0	0	0	0	0	0	0	3	0	1	3	3	0	0	0	0	3	3	3	3	0	0	0	0	3	0	3	0	0	0	0
"cell137"	1	0	1	0	0	0	0	0	0	0	3	0	0	0	0	3	1	0	0	0	0	0	0	0	0	0	0	0	0	3	0	0	0	0	0	3	0	0	3	0
"cell138"	1	0	3	1	0	0	0	0	0	0	0	3	0	1	0	0	0	0	3	0	0	0	3	0	0	0	0	0	0	1	0	0	3	0	0	0	0	0	0	3
"cell139"	3	3	1	1	0	3	0	0	0	1	0	3	0	0	0	0	0	0	0	3	0	3	0	1	3	0	0	0	3	0	0	0	1	3	0	0	0	0	3	3
"cell140"	1	1	1	1	0	0	0	0	0	0	0	3	3	0	0	3	0	0	0	0	0	0	0	0	3	0	0	3	3	0	0	0	0	3	0	0	0	0	0	0
"cell141"	1	1	1	1	0	3	0	0	0	0	0	0	0	0	0	1	0	0	0	0	0	0	3	0	0	0	0	0	0	0	1	0	3	0	0	0	0	0	3	0
"cell142"	1	1	1	1	0	0	0	0	0	0	0	0	0	0	1	0	3	3	3	0	0	0	0	0	3	0	0	0	0	0	0	0	0	0	0	0	0	0	0	0
"cell143"	3	1	1	3	0	0	0	0	0	0	0	0	0	0	0	3	0	0	3	0	0	0	0	0	0	0	0	0	0	3	0	0	3	3	3	0	3	0	1	0
"cell144"	1	1	3	1	3	3	3	0	0	0	0	0	0	0	0	0	0	0	0	0	0	0	3	0	1	0	0	0	0	0	3	0	0	0	0	0	0	0	0	0
"cell145"	1	1	1	0	0	3	0	0	0	0	0	3	0	0	0	0	0	0	0	3	0	3	0	0	0	0	0	0	3	0	0	0	0	0	3	0	0	0	0	0
"cell146"	1	1	3	0	0	0	0	0	0	0	0	3	0	0	0	3	0	3	0	0	0	0	0	0	0	0	0	0	0	0	3	0	0	0	3	0	0	0	1	0
"cell147"	1	1	3	1	0	1	0	0	3	0	0	0	3	0	0	1	0	0	0	0	3	3	0	3	0	0	1	0	0	0	0	3	0	0	0	0	0	0	3	3
"cell148"	1	1	1	1	0	0	0	0	0	0	0	1	0	1	0	0	3	0	0	0	0	0	0	0	0	0	0	0	0	0	3	0	0	0	3	0	0	0	0	0
"cell149"	1	1	1	1	0	0	3	0	3	0	0	0	0	0	0	0	0	0	0	0	0	3	0	0	0	0	3	0	0	0	0	0	0	3	3	0	0	0	0	0
"cell150"	1	1	1	1	0	0	0	0	0	0	0	0	1	0	0	0	0	3	0	0	0	0	0	0	0	3	0	0	0	3	0	0	0	3	0	0	0	0	0	0
"cell151"	1	1	1	1	0	1	1	0	3	0	0	0	0	0	3	0	0	3	3	0	0	0	3	0	0	0	3	0	1	0	3	3	3	0	0	3	0	0	0	0
"cell152"	1	1	1	1	3	0	3	0	3	0	0	0	0	3	0	3	0	0	3	0	0	0	0	0	3	0	3	0	0	0	3	0	3	0	0	0	0	0	0	0
"cell153"	1	1	1	1	0	0	0	3	3	3	0	0	0	0	3	0	0	0	0	0	0	3	1	0	3	0	1	3	0	0	0	0	0	0	0	0	0	0	3	0
"cell154"	1	3	3	3	3	3	0	0	0	3	3	0	0	0	0	0	0	0	0	0	0	0	0	3	1	0	0	0	3	0	0	0	0	0	3	0	3	0	0	0
"cell155"	0	3	1	3	3	0	0	1	3	1	0	0	0	0	0	3	0	1	0	3	3	0	0	0	0	0	0	0	0	1	0	3	0	0	0	1	0	0	0	0
"cell156"	1	1	1	1	0	0	3	0	0	0	0	3	0	1	3	0	0	1	0	0	0	0	0	0	3	0	3	0	3	0	0	0	0	0	0	0	3	3	3	0
"cell157"	1	1	0	1	0	0	0	3	0	0	0	0	0	0	0	3	0	3	3	0	3	0	3	3	0	0	3	0	0	0	3	3	0	0	0	0	3	3	3	3
"cell158"	1	1	1	3	0	0	0	0	0	0	0	0	3	0	0	0	0	0	0	0	0	0	0	0	0	0	0	0	3	0	3	0	0	0	3	0	0	0	0	0
"cell159"	3	3	1	1	0	0	0	0	0	0	0	0	0	0	0	0	0	0	3	3	1	0	3	0	0	0	0	0	3	0	0	1	0	0	0	0	0	0	0	0
"cell160"	1	3	3	0	0	3	3	3	0	3	0	0	0	0	0	0	0	3	3	0	0	0	0	0	0	0	0	0	0	0	3	0	3	0	0	0	0	1	0	0
"cell161"	3	3	1	1	0	0	3	3	0	3	0	0	0	0	0	0	3	0	0	1	0	0	0	0	0	3	0	3	3	0	3	0	0	3	3	3	0	0	0	0
"cell162"	1	1	3	1	3	0	0	0	0	0	0	0	3	0	0	0	0	0	0	3	0	3	0	0	3	0	0	0	0	0	3	0	0	0	1	0	0	0	0	0
"cell163"	1	3	0	1	3	3	0	3	0	0	0	0	3	0	3	0	3	0	3	0	0	3	0	0	0	0	0	0	3	0	0	3	0	0	0	0	0	0	3	0
"cell164"	0	3	1	3	0	0	3	0	0	0	0	0	0	3	0	0	0	3	3	0	3	3	0	0	0	0	0	0	3	0	0	0	0	0	3	0	0	0	1	0
"cell165"	1	1	0	3	0	3	0	0	3	3	0	0	0	3	0	0	0	3	3	0	0	0	0	0	3	0	3	3	3	0	3	0	0	0	0	0	0	0	0	0
"cell166"	1	1	3	1	0	3	0	0	0	0	3	0	0	0	0	0	0	0	0	0	0	0	3	0	0	0	0	0	0	3	0	0	0	0	0	3	0	0	3	0
"cell167"	1	3	1	1	0	3	0	0	0	0	0	0	0	3	3	3	3	0	0	0	0	0	0	0	3	0	3	0	0	0	3	0	0	0	0	0	0	3	0	0
"cell168"	1	1	1	3	3	0	0	0	3	3	0	0	0	1	0	0	3	0	0	3	0	0	0	0	0	0	3	3	3	0	3	0	3	0	0	3	0	1	0	0
"cell169"	1	1	1	3	0	0	0	0	3	0	0	0	0	0	3	0	0	0	0	0	0	0	0	0	0	3	3	0	0	0	0	0	3	0	0	0	0	3	0	3
"cell170"	0	1	1	1	0	0	0	0	3	0	0	0	3	0	0	3	0	0	0	0	3	1	0	0	0	0	0	0	0	3	0	0	0	3	3	0	0	0	0	0
"cell171"	1	0	1	1	0	3	0	3	0	0	0	0	0	3	0	0	3	1	0	0	0	0	0	0	0	0	0	0	3	0	1	3	1	0	0	0	0	0	0	0
"cell172"	1	1	1	1	0	0	0	3	1	3	0	0	1	3	0	3	0	0	0	1	0	3	3	3	0	0	0	3	0	0	0	3	1	0	0	0	3	0	0	0
"cell173"	3	3	1	3	0	1	0	3	0	3	0	0	0	0	0	0	0	0	3	0	0	0	0	0	0	3	0	0	0	0	3	0	0	0	3	0	0	0	0	3
"cell174"	1	1	1	0	3	0	1	1	0	0	0	0	0	0	0	0	0	3	3	0	0	0	0	0	3	0	0	0	0	0	3	0	0	0	0	0	0	0	3	3
"cell175"	1	1	3	1	0	3	3	3	0	0	0	0	3	0	0	0	3	0	0	3	0	0	0	0	3	0	0	0	3	0	0	0	0	0	0	0	0	0	3	3
"cell176"	3	0	1	1	0	3	0	0	0	0	0	0	0	0	0	0	0	0	0	0	0	3	0	0	0	0	3	0	0	0	3	0	0	0	0	3	0	0	0	0
"cell177"	1	1	1	3	1	0	0	0	0	0	3	0	0	0	0	0	0	0	3	0	0	0	0	3	0	0	0	0	0	3	0	0	0	0	3	3	0	0	0	0
"cell178"	3	1	1	1	0	3	3	0	0	0	0	0	0	0	0	3	0	0	0	1	3	3	0	0	3	0	3	0	3	0	0	1	0	0	3	0	1	0	3	0
"cell179"	0	3	1	1	3	0	0	0	0	0	0	0	0	1	3	0	0	0	0	0	0	0	0	0	0	0	0	0	0	0	0	0	0	0	0	0	0	0	0	3
"cell180"	3	1	1	3	3	0	0	3	0	3	3	0	0	0	0	0	3	0	0	0	0	0	0	0	0	0	0	0	3	0	3	0	0	3	0	3	0	0	0	3
"cell181"	3	1	3	1	0	3	0	0	0	3	3	3	3	1	0	3	0	0	0	3	0	0	0	0	3	3	0	3	0	0	0	0	0	3	0	0	0	3	0	0
"cell182"	1	1	3	1	0	0	0	0	0	0	0	3	3	0	0	0	0	0	0	0	0	0	0	3	0	0	0	3	0	1	0	0	0	0	0	0	0	0	0	0
"cell183"	1	1	1	1	0	3	0	3	0	1	3	0	0	3	3	0	0	0	3	0	0	3	0	0	0	0	3	0	3	0	0	0	0	0	3	0	3	0	0	0
"cell184"	3	3	1	0	0	1	3	3	3	0	3	0	0	0	0	0	3	0	0	3	0	0	3	0	3	0	3	0	0	3	3	0	0	1	0	0	0	3	0	3
"cell185"	0	3	0	3	0	0	0	3	0	3	0	0	3	0	0	1	0	0	0	3	0	0	3	0	0	0	3	0	0	0	0	0	3	0	3	3	0	1	0	0
"cell186"	0	1	3	3	0	3	0	0	0	0	0	0	0	3	0	0	0	3	1	1	0	0	0	0	0	0	0	0	0	1	0	1	0	0	1	0	0	0	0	0
"cell187"	0	1	1	3	0	0	3	0	0	0	3	3	3	0	0	0	0	0	0	0	0	3	0	3	0	1	0	3	0	0	0	0	0	0	0	0	3	0	0	0
"cell188"	0	0	0	0	1	1	0	1	0	1	1	3	1	1	3	0	3	3	1	0	0	0	0	1	0	3	0	3	0	0	0	0	0	0	0	1	1	3	0	3
"cell189"	0	0	3	0	3	1	1	1	0	1	3	1	1	3	1	3	0	0	0	0	0	3	0	0	0	0	3	3	0	0	0	0	0	0	0	1	0	0	0	1
"cell190"	0	0	3	0	1	1	1	0	0	1	0	3	1	1	1	1	0	0	0	0	0	3	3	0	0	0	0	0	3	0	0	0	0	0	0	3	3	0	0	1
"cell191"	0	0	0	0	1	1	1	1	1	1	0	1	3	0	1	1	3	0	0	0	0	0	3	3	3	0	0	0	3	0	0	0	3	0	3	1	1	1	3	3
"cell192"	3	0	3	0	0	3	1	1	3	1	1	1	3	1	1	1	3	0	3	0	0	3	0	0	3	3	3	0	0	3	1	1	0	0	3	3	0	3	3	3
"cell193"	0	0	0	0	1	3	0	1	3	1	3	3	1	1	1	0	0	0	0	0	0	3	0	0	0	3	0	0	3	0	0	3	0	0	3	1	3	1	1	3
"cell194"	0	0	0	3	1	3	1	1	1	0	1	1	1	3	1	1	0	0	0	0	0	0	0	0	3	0	3	0	0	0	0	0	0	0	0	1	0	0	3	1
"cell195"	3	0	0	3	1	1	0	1	3	3	1	1	1	1	1	1	0	0	1	0	0	0	0	3	3	0	3	0	3	0	0	0	0	0	0	0	1	1	1	1
"cell196"	0	0	0	3	3	3	1	3	1	1	1	0	1	1	1	1	3	0	0	0	0	0	0	0	0	0	0	0	0	3	0	0	0	0	0	3	1	1	0	0
"cell197"	1	0	0	0	1	1	1	1	1	1	1	1	1	1	1	1	0	0	0	0	3	0	0	0	0	0	3	0	0	0	0	0	0	0	0	0	1	3	1	3
"cell198"	3	0	0	0	1	0	1	1	1	1	1	0	1	1	1	1	0	0	0	0	0	0	3	0	0	0	0	0	0	0	0	0	3	0	3	0	1	1	1	1
"cell199"	0	0	0	0	1	0	1	1	3	1	0	1	1	1	1	1	0	3	0	0	0	3	0	0	3	3	0	3	3	0	3	0	3	0	0	1	3	1	1	0
"cell200"	3	0	0	0	3	0	3	1	0	3	1	1	1	3	1	1	0	0	0	0	0	0	0	3	0	0	0	0	0	1	0	0	0	0	0	1	1	1	1	3
"cell201"	3	0	0	3	3	1	3	1	3	3	0	0	1	1	1	1	0	0	0	0	1	0	0	0	0	0	3	0	0	0	0	0	0	3	0	1	1	1	3	1
"cell202"	0	0	0	0	1	0	1	0	1	1	1	0	1	1	3	3	0	0	3	0	0	0	0	0	0	0	3	0	0	3	0	3	0	0	0	1	3	1	0	1
"cell203"	0	0	0	0	0	0	0	1	1	3	1	1	3	1	0	0	0	0	0	0	3	0	0	0	3	0	0	0	0	0	0	3	3	0	0	1	1	3	3	0
"cell204"	3	0	0	0	1	1	0	3	0	1	3	1	1	1	3	1	3	0	0	0	0	0	0	0	3	3	0	0	0	0	1	3	0	0	0	3	0	1	1	3
"cell205"	0	3	0	0	1	1	3	1	1	1	1	1	1	1	1	1	0	0	0	0	0	3	0	0	3	0	0	0	3	0	0	3	0	3	0	1	1	0	1	1
"cell206"	0	0	3	0	3	1	1	1	0	1	1	1	1	1	1	0	0	0	0	3	0	0	0	0	0	0	0	3	0	0	0	1	3	0	0	1	3	3	1	3
"cell207"	0	0	0	3	1	1	1	1	0	1	3	0	1	1	1	3	0	0	0	0	0	0	0	3	3	0	0	0	0	0	0	0	3	0	3	1	1	3	1	1
"cell208"	3	0	0	0	1	1	0	1	3	3	3	0	1	3	1	1	0	0	0	3	0	0	0	0	0	0	3	3	0	1	3	3	0	0	3	1	0	1	0	1
"cell209"	0	0	0	3	1	3	1	1	1	1	1	3	1	1	1	0	0	0	0	0	0	0	3	0	3	3	3	0	0	3	0	3	0	0	0	1	3	0	1	1
"cell210"	0	3	0	0	1	1	1	1	0	3	1	0	3	1	3	1	0	0	0	1	0	0	0	3	3	0	1	0	0	0	3	0	0	0	3	0	1	1	1	1
"cell211"	0	0	0	3	1	1	0	3	1	1	0	1	1	1	0	1	0	0	0	0	0	0	3	0	0	0	1	0	0	0	0	0	0	0	3	1	0	1	3	1
"cell212"	0	0	0	0	1	3	1	1	1	1	3	1	1	1	1	3	0	0	0	0	0	0	1	0	0	0	0	0	0	0	0	0	0	0	0	0	1	1	1	0
"cell213"	0	3	0	0	1	1	1	0	0	1	3	1	1	1	1	1	0	0	0	0	0	3	0	0	0	0	0	0	3	0	0	3	0	0	0	1	3	3	1	0
"cell214"	0	3	0	0	1	1	3	1	1	0	0	3	1	3	1	1	0	0	0	0	0	0	3	0	3	0	0	0	0	0	0	0	0	3	0	3	1	1	1	0
"cell215"	0	0	0	0	1	0	1	1	1	1	3	0	0	3	1	0	1	3	0	0	0	0	0	0	3	0	0	1	0	0	0	0	0	0	0	3	3	1	3	1
"cell216"	0	3	0	0	1	1	3	1	1	1	1	1	1	3	1	1	0	0	0	0	0	0	0	0	0	0	0	0	0	1	3	0	0	3	0	1	1	3	1	1
"cell217"	0	0	0	0	1	3	1	1	3	1	1	1	1	3	1	1	3	3	0	0	3	1	0	0	1	0	3	0	0	3	0	3	0	0	0	1	1	1	0	1
"cell218"	0	0	0	0	3	3	0	1	1	1	3	1	1	0	1	1	0	0	0	3	0	0	3	0	0	0	3	0	3	3	3	0	0	0	3	1	1	3	1	1
"cell219"	0	0	0	0	1	3	1	0	3	3	0	1	1	3	1	1	0	0	0	0	0	0	0	0	0	0	1	0	0	0	0	3	0	3	0	1	0	1	0	3
"cell220"	0	0	0	3	1	1	0	0	0	0	1	1	1	1	1	1	3	0	0	3	0	3	3	3	0	0	0	0	0	3	0	0	0	3	0	1	1	1	1	1
"cell221"	0	3	0	0	0	1	1	1	1	1	1	1	1	3	1	1	0	0	0	0	0	0	0	0	0	3	0	0	0	0	0	0	0	0	0	0	3	1	1	1
"cell222"	0	0	0	0	1	1	1	1	0	1	3	1	1	1	1	1	0	3	0	0	3	0	0	0	0	0	3	0	1	0	0	0	0	0	0	3	0	1	1	1
"cell223"	3	0	0	0	3	0	0	0	0	3	1	1	1	1	0	1	0	0	0	3	3	0	3	0	0	0	0	0	0	3	3	0	3	0	0	1	1	1	1	1
"cell224"	0	0	3	0	0	3	1	1	1	3	1	3	1	1	1	0	0	0	0	0	0	0	0	3	3	0	0	0	0	0	0	0	0	3	0	1	1	1	1	1
"cell225"	0	0	0	0	1	3	1	1	3	0	1	3	1	1	3	1	0	0	0	0	0	3	3	0	3	0	0	3	0	0	0	0	0	3	0	1	1	1	1	3
"cell226"	0	3	1	3	1	1	1	3	3	0	3	3	1	1	3	1	1	0	0	0	0	0	0	0	0	3	0	0	3	0	0	0	0	0	0	1	1	1	1	0
"cell227"	3	3	0	0	1	0	1	1	1	3	0	1	3	1	1	1	0	1	1	0	0	0	0	0	3	3	3	0	0	0	0	0	0	3	3	1	3	0	1	1
"cell228"	0	0	0	0	1	1	3	3	1	1	3	0	1	0	1	0	0	0	0	0	0	3	3	0	0	0	0	0	3	0	0	0	0	0	0	1	1	1	1	3
"cell229"	0	0	0	0	1	1	0	3	1	3	1	1	1	1	1	1	3	3	3	0	0	0	3	1	0	0	0	0	0	0	0	3	1	0	0	0	1	0	0	1
"cell230"	3	1	0	0	3	1	1	1	1	1	3	1	1	0	1	3	0	0	0	1	3	0	0	3	3	0	0	0	0	1	1	0	3	0	0	0	3	1	1	0
"cell231"	0	0	0	1	1	3	1	1	1	1	1	3	1	1	1	1	1	0	0	0	0	3	0	0	0	3	3	0	0	1	0	0	0	0	0	1	0	1	0	1
"cell232"	0	0	3	0	1	1	1	0	3	1	1	1	1	1	1	1	0	0	0	0	0	3	0	0	0	3	3	1	3	0	0	0	0	0	0	3	3	1	1	1
"cell233"	3	0	0	3	1	1	1	1	3	1	3	1	1	1	1	0	0	0	0	0	0	0	0	3	0	0	3	0	1	0	0	0	0	0	0	1	1	1	1	0
"cell234"	0	3	0	3	1	1	1	0	3	1	1	1	1	1	1	3	3	0	0	0	0	0	0	0	0	3	0	0	3	0	0	3	0	3	0	0	1	1	1	3
"cell235"	3	0	0	1	1	1	1	1	1	1	0	0	1	3	1	1	3	0	0	0	0	3	0	0	0	1	0	1	0	0	1	0	3	3	0	1	1	1	3	0
"cell236"	0	0	0	3	1	1	1	1	1	3	3	1	3	1	3	1	3	0	3	0	0	3	0	0	0	0	0	0	0	0	3	0	0	0	3	1	3	3	3	1
"cell237"	0	0	0	0	1	3	0	3	1	1	1	1	1	1	1	1	0	0	3	0	0	0	3	0	0	0	0	0	0	0	0	0	0	3	0	1	1	0	1	1
"cell238"	3	0	0	0	0	3	3	1	0	1	1	1	1	1	3	1	3	3	0	3	3	0	3	1	3	0	0	0	0	0	0	0	0	0	0	1	1	1	1	3
"cell239"	0	0	0	0	1	3	0	1	1	1	1	1	0	1	1	3	0	3	0	0	0	0	0	0	0	3	0	0	3	0	1	0	0	0	0	1	1	3	1	1
"cell240"	0	0	0	0	1	0	1	1	1	1	0	1	3	1	1	1	0	3	0	0	0	1	0	0	0	0	3	0	0	3	0	0	0	3	0	1	0	0	1	1
"cell241"	3	0	0	0	0	0	1	1	0	3	1	1	3	1	1	1	0	0	3	3	0	0	0	0	0	3	3	0	0	0	3	3	0	0	3	1	3	1	1	1
"cell242"	3	0	0	3	1	1	1	1	1	1	1	1	1	1	3	1	0	0	0	3	3	1	0	3	3	3	3	0	3	0	0	0	0	0	0	1	1	0	1	3
"cell243"	0	0	3	3	1	0	1	1	3	1	1	0	1	1	1	1	3	0	3	0	0	0	0	0	0	0	3	0	0	0	0	1	3	0	3	1	1	1	1	1
"cell244"	0	3	0	3	1	1	3	1	0	1	3	1	3	3	1	3	0	0	3	0	0	0	0	0	3	0	0	0	0	0	0	0	0	0	0	1	3	1	1	1
"cell245"	0	0	3	0	1	1	1	1	3	0	3	1	1	1	3	1	0	3	0	0	0	0	0	0	0	0	0	0	0	0	0	1	3	0	0	0	1	1	3	1
"cell246"	0	0	3	0	3	1	1	1	0	3	1	1	1	3	1	1	0	3	0	0	0	0	0	0	0	0	3	0	0	3	0	0	3	0	1	1	1	1	1	3
"cell247"	0	0	3	0	3	3	1	1	1	1	1	1	1	3	3	1	0	0	0	0	0	3	0	0	0	3	0	3	0	0	0	0	0	1	1	1	0	0	1	1
"cell248"	0	0	3	0	3	1	1	1	1	1	1	0	1	3	1	1	3	1	3	0	0	0	0	0	0	0	0	0	0	0	3	0	0	3	0	1	1	1	3	1
"cell249"	3	0	0	0	1	1	1	1	1	0	3	1	0	1	0	1	0	3	3	0	0	0	3	0	3	0	0	1	0	0	0	3	1	0	3	0	3	1	1	1
"cell250"	0	3	0	3	1	1	3	0	1	1	1	0	1	1	0	1	0	0	0	0	0	0	0	3	0	0	0	0	0	0	0	3	0	0	0	1	3	0	3	1
"cell251"	0	0	0	0	1	1	1	1	3	1	3	1	1	1	1	1	0	0	1	3	0	0	0	0	0	3	3	0	0	1	0	0	0	3	3	3	1	1	3	0
"cell252"	0	0	0	0	1	1	0	1	3	1	1	1	3	1	1	1	0	1	0	3	3	0	0	0	0	0	0	0	0	0	1	0	0	0	3	1	1	1	1	3
"cell253"	3	0	0	0	0	1	1	0	1	1	0	3	1	1	1	3	0	0	3	0	0	0	0	3	0	1	0	0	0	0	0	0	0	0	0	1	1	3	1	0
"cell254"	0	3	1	0	1	0	1	0	1	0	3	1	1	0	1	1	3	0	0	3	0	0	0	3	1	0	0	3	0	0	0	0	0	0	0	1	1	3	1	1
"cell255"	0	0	0	0	3	0	3	1	3	1	1	1	3	1	1	1	0	0	0	0	0	0	0	0	0	3	0	3	0	0	0	0	3	0	0	1	1	1	1	1
"cell256"	3	0	0	1	0	1	1	3	1	1	3	1	3	1	0	1	0	0	0	0	0	0	0	3	3	3	0	0	0	0	0	1	0	0	3	1	1	3	1	1
"cell257"	3	0	0	0	3	3	1	3	1	1	1	1	1	1	1	0	0	0	3	0	3	0	3	0	3	0	1	0	0	0	0	0	0	0	0	1	1	0	1	1
"cell258"	3	0	0	0	3	1	1	1	1	1	1	1	0	1	1	0	0	1	0	0	3	0	0	0	0	3	0	0	0	3	0	3	3	3	0	1	1	1	1	0
"cell259"	0	0	3	0	1	1	1	1	1	0	1	1	0	0	1	1	0	0	3	0	3	3	0	0	0	0	0	3	0	0	0	3	0	0	3	3	3	1	1	1
"cell260"	0	3	0	0	3	3	1	1	0	1	1	3	3	1	3	1	0	0	0	0	3	1	3	3	3	0	0	1	0	0	0	0	0	0	3	1	3	3	3	0
"cell261"	0	1	0	0	0	3	1	3	1	1	3	0	3	1	1	0	3	3	0	0	0	0	0	3	0	0	0	0	0	0	1	0	0	0	0	0	1	1	1	1
"cell262"	0	0	0	0	1	1	0	1	3	3	1	1	1	0	0	1	0	0	0	0	0	0	0	0	0	0	0	0	0	0	0	3	0	0	0	1	1	1	1	1
"cell263"	3	3	0	0	1	1	1	1	1	3	1	1	0	1	1	1	0	0	0	0	1	0	3	0	0	3	0	0	0	0	0	1	0	0	0	1	1	1	1	1
"cell264"	0	0	0	3	3	1	3	1	1	1	3	3	1	1	0	1	0	0	3	0	0	0	3	3	0	3	0	0	0	0	0	3	0	3	3	1	1	0	1	1
"cell265"	0	0	0	0	3	1	3	1	1	1	3	0	1	1	1	1	0	0	3	0	3	0	0	0	3	0	0	0	3	3	1	0	0	0	0	1	1	0	1	1
"cell266"	0	0	0	0	3	1	1	1	1	1	3	3	0	1	1	0	0	3	3	0	0	1	0	3	0	0	1	0	0	0	3	0	0	0	0	3	3	0	1	1
"cell267"	0	0	3	0	1	1	1	3	0	1	1	1	1	3	1	3	0	0	0	0	0	0	3	0	0	0	3	0	0	0	3	0	0	0	0	0	1	1	1	0
"cell268"	0	0	0	1	3	1	1	1	1	0	0	1	1	0	3	3	0	0	0	0	0	3	1	0	0	3	3	0	0	0	0	0	0	0	0	3	0	1	0	1
"cell269"	0	0	0	0	1	1	3	1	1	1	1	0	0	1	1	1	3	0	3	3	0	0	0	0	0	0	0	0	3	0	0	0	3	0	0	1	3	3	3	3
"cell270"	0	0	0	0	1	1	3	1	1	1	0	3	1	3	3	0	0	0	0	0	0	3	0	0	3	0	3	0	0	3	0	0	3	0	0	1	1	3	3	0
"cell271"	3	0	3	0	1	1	1	1	1	1	1	1	0	3	1	3	0	0	0	0	0	3	0	0	0	0	3	3	3	0	0	0	3	0	0	1	1	3	1	1
"cell272"	0	1	0	3	1	0	1	1	1	0	3	1	3	0	1	1	3	3	0	1	0	0	0	0	3	0	3	0	0	1	3	0	0	0	0	1	0	1	1	3
"cell273"	0	3	0	0	1	1	0	1	1	1	1	1	1	1	0	1	0	3	3	0	0	0	3	3	0	3	0	0	3	0	1	0	0	0	3	0	0	1	1	0
"cell274"	0	0	0	0	1	1	1	3	1	1	1	1	3	1	1	1	0	0	0	0	0	0	0	3	3	0	0	0	0	3	3	0	0	0	0	3	1	1	1	0
"cell275"	0	3	0	0	1	1	1	1	1	1	1	1	0	1	1	3	3	0	0	0	0	0	0	3	0	0	3	0	0	0	0	0	0	0	0	1	1	3	3	0
"cell276"	0	0	0	0	3	3	1	1	1	0	0	1	1	3	3	1	3	0	0	3	3	0	0	0	0	0	3	0	0	0	0	0	0	3	3	0	1	0	3	1
"cell277"	0	3	0	0	1	1	1	1	1	1	1	1	1	1	1	3	0	0	3	0	0	0	0	0	0	3	0	0	3	0	0	0	0	3	0	1	1	1	3	1
"cell278"	0	0	0	0	1	1	3	0	1	0	1	0	3	1	1	1	0	3	0	0	3	3	3	3	3	0	3	0	0	3	0	0	3	0	0	1	1	3	1	1
"cell279"	0	0	0	3	1	1	1	0	1	3	1	1	1	3	3	0	3	0	0	0	0	0	0	0	3	0	0	0	0	0	3	3	3	0	0	1	1	1	1	1
"cell280"	0	0	0	0	1	0	1	1	1	1	0	0	3	1	1	1	0	0	0	0	0	0	3	0	0	0	0	0	0	0	0	0	0	0	0	1	3	1	0	1
"cell281"	0	0	3	0	3	1	3	1	1	1	3	1	1	1	1	1	0	3	0	1	0	3	0	0	3	0	0	0	0	1	0	0	0	3	3	1	3	1	1	3
"cell282"	3	0	3	0	0	1	1	0	0	1	0	1	3	1	1	1	3	0	0	3	3	0	3	0	3	0	0	0	0	3	0	0	0	0	0	0	1	1	1	1
"cell283"	0	3	0	0	1	0	1	1	0	0	0	0	1	1	1	1	0	0	3	0	3	0	0	0	0	0	0	0	0	0	0	0	0	0	0	1	3	0	3	1
"cell284"	1	0	0	0	1	3	1	1	1	1	3	3	0	1	1	1	3	0	0	0	0	0	0	0	3	0	0	0	0	0	0	0	0	0	0	0	1	0	1	1
"cell285"	3	3	0	1	1	1	3	0	3	1	1	1	1	1	1	3	0	3	0	3	0	0	0	0	0	3	3	0	0	3	0	0	1	0	0	1	3	1	1	1
"cell286"	0	0	0	0	0	0	1	1	3	1	1	1	0	3	3	1	0	0	0	0	0	3	0	3	1	0	0	0	3	0	0	3	3	0	3	0	1	1	3	0
"cell287"	0	0	0	1	1	3	1	3	3	1	0	1	3	0	1	1	0	0	3	0	0	3	0	0	0	0	0	0	0	0	0	0	3	0	0	1	1	0	1	0
"cell288"	0	0	0	0	1	1	3	3	3	1	0	1	1	1	1	0	3	0	0	0	0	0	0	3	0	0	3	0	0	3	0	0	0	0	0	1	1	3	1	1
"cell289"	0	3	0	0	3	1	1	1	1	3	1	1	3	3	1	1	0	0	1	3	0	3	0	3	3	0	0	0	0	0	0	0	0	0	0	0	1	1	3	1
"cell290"	3	0	0	0	0	1	1	1	1	1	3	1	0	1	1	1	0	0	0	0	0	0	0	3	0	0	3	3	0	1	3	3	0	0	0	1	3	1	3	1
"cell291"	0	0	0	0	0	1	1	0	1	1	0	3	1	1	1	1	3	0	3	0	0	3	0	0	0	0	3	0	0	0	3	0	0	0	0	1	1	1	1	1
"cell292"	0	0	0	0	1	0	3	3	1	1	3	3	0	1	1	0	0	0	3	0	0	0	0	0	0	3	0	0	1	0	3	3	0	0	0	1	1	3	1	1
"cell293"	3	0	0	0	1	1	1	1	1	0	1	1	0	0	1	0	0	0	0	0	3	0	3	0	0	0	0	0	3	0	3	3	0	0	1	3	1	3	1	1
"cell294"	0	0	0	3	0	0	1	1	3	0	1	1	1	1	1	1	0	0	3	0	3	0	3	1	3	3	0	0	0	3	0	3	0	0	3	0	1	1	1	0
"cell295"	1	0	0	0	1	0	1	1	0	1	3	3	0	3	1	1	0	0	0	0	0	0	0	3	0	0	0	0	0	0	0	0	0	0	0	1	1	0	1	1
"cell296"	3	0	0	0	1	1	1	1	0	1	1	1	1	1	0	1	0	1	0	0	0	0	3	0	0	0	0	3	0	0	3	0	0	3	0	3	3	3	1	1
"cell297"	0	0	3	0	3	1	3	1	1	1	1	3	1	0	3	1	0	3	3	0	3	3	0	0	0	0	0	0	0	0	3	0	0	3	3	1	1	1	1	1
"cell298"	0	0	0	0	3	1	3	1	0	1	3	1	0	1	3	0	3	0	3	3	0	0	3	3	0	0	3	0	0	0	0	0	0	0	0	0	0	1	0	1
"cell299"	0	0	0	0	3	0	1	3	1	1	1	1	1	0	1	1	0	0	1	3	0	0	0	0	3	3	0	0	0	0	3	0	0	3	1	1	1	0	1	3
"cell300"	3	0	0	0	3	0	1	1	1	0	0	1	0	0	1	3	3	3	0	0	3	0	0	0	0	0	0	0	0	0	0	0	0	0	3	0	1	1	1	3
"cell301"	3	0	0	0	3	0	1	1	1	3	1	1	1	1	0	0	3	0	0	3	0	0	0	0	0	0	0	3	0	0	0	3	0	0	3	1	1	1	1	1
"cell302"	0	3	3	1	3	1	1	1	0	0	0	0	0	3	1	1	0	0	0	0	0	0	0	1	0	0	0	0	1	0	0	3	0	0	0	1	3	0	1	0
"cell303"	1	0	0	0	0	1	3	1	3	1	1	3	1	0	1	1	0	0	0	3	0	0	0	3	0	0	0	0	0	0	0	0	0	3	0	1	1	1	0	0
"cell304"	0	0	0	0	3	0	0	0	1	1	3	3	3	1	0	3	0	3	0	0	0	0	0	0	3	1	0	0	3	0	3	3	0	3	3	0	0	1	1	3
"cell305"	0	0	0	0	0	1	1	3	1	1	1	3	0	1	3	1	0	0	0	0	3	3	3	1	0	0	0	0	0	0	0	0	0	0	3	3	0	0	3	0
"cell306"	0	0	0	0	1	1	1	1	3	1	1	3	1	1	3	3	3	0	1	1	0	0	1	0	0	0	0	0	0	0	0	0	0	0	0	0	3	1	1	1
"cell307"	0	0	0	0	0	1	3	1	1	3	1	0	1	1	1	1	3	3	3	0	0	0	3	1	3	0	0	0	0	0	0	0	0	3	0	1	1	0	3	3
"cell308"	1	3	0	0	3	1	1	0	1	1	1	3	1	1	3	3	0	0	3	3	0	0	0	0	0	0	3	0	0	1	0	0	3	0	3	1	0	1	3	1
"cell309"	0	0	0	0	0	0	1	1	3	0	0	1	3	1	3	1	0	0	0	3	0	3	0	3	3	0	3	3	0	0	1	0	0	0	3	3	1	1	1	1
"cell310"	0	0	0	0	1	1	1	1	1	1	1	1	1	1	0	1	3	3	3	0	0	0	0	0	0	3	0	0	3	0	0	0	0	0	0	0	0	1	0	1
"cell311"	3	3	0	0	1	1	3	1	1	1	1	1	1	0	1	1	3	0	0	0	0	0	3	0	3	0	0	0	0	0	0	0	1	0	0	1	1	1	3	1
"cell312"	0	0	3	0	1	1	3	1	1	3	1	3	3	1	1	1	0	0	0	3	0	0	0	3	3	0	0	0	0	0	0	0	0	0	0	0	1	3	1	1
"cell313"	0	0	0	0	1	1	1	1	1	1	1	3	1	0	1	1	0	0	0	0	0	0	0	0	0	0	0	3	1	3	3	3	0	0	0	1	1	1	0	1
"cell314"	0	0	0	0	3	1	0	1	1	1	1	0	3	3	3	1	0	0	3	0	0	0	0	0	0	3	0	0	0	3	0	0	3	3	0	1	1	0	1	3
"cell315"	0	0	0	0	1	0	1	3	1	1	1	3	1	3	0	1	3	3	0	0	0	1	0	0	0	0	0	0	0	0	0	0	0	1	0	1	3	1	0	0
"cell316"	0	0	3	0	3	3	3	1	0	3	3	1	0	1	1	1	0	0	1	0	3	0	0	0	0	0	0	0	0	0	0	3	0	3	0	1	1	0	1	0
"cell317"	3	3	0	0	3	1	1	1	3	0	3	0	1	1	0	1	0	0	3	0	3	0	0	0	0	3	0	0	0	0	0	0	0	0	0	1	3	1	1	1
"cell318"	3	3	0	0	0	1	1	1	1	3	1	3	3	1	1	1	0	0	0	0	0	0	0	0	1	3	0	3	0	0	0	0	0	0	3	1	1	1	1	1
"cell319"	0	0	0	1	1	1	0	3	0	3	3	1	1	1	1	1	0	0	3	1	0	3	0	0	0	0	0	0	3	3	0	0	0	0	0	1	1	0	1	0
"cell320"	0	0	0	0	0	1	3	1	3	1	1	1	1	1	3	0	0	0	0	0	0	0	0	1	3	0	0	0	1	0	0	0	3	0	1	0	3	1	1	3
"cell321"	0	0	0	3	1	1	3	1	1	1	0	1	1	3	3	1	0	0	0	3	0	0	3	3	3	3	3	0	0	0	1	3	0	0	0	0	1	3	1	3
"cell322"	0	0	0	0	1	1	1	3	1	1	0	1	3	1	1	1	0	0	0	3	0	3	0	0	0	3	3	3	0	0	0	0	0	0	0	1	1	3	1	1
"cell323"	3	3	0	1	1	3	0	0	1	1	1	1	0	1	0	0	3	0	0	0	0	0	0	0	3	0	0	0	0	0	0	0	0	0	0	1	1	0	0	1
"cell324"	0	3	0	0	1	1	1	1	1	1	1	0	1	1	0	1	0	0	0	0	0	0	0	0	0	0	3	0	0	0	0	0	0	0	0	1	1	1	1	1
"cell325"	0	0	0	3	0	1	1	1	3	3	0	1	3	1	1	3	0	0	3	0	3	0	0	3	3	0	0	0	0	3	0	0	0	0	0	1	1	1	1	1
"cell326"	3	3	0	0	3	1	3	1	0	1	3	1	1	0	1	1	0	1	0	0	0	0	0	0	3	0	3	0	0	0	3	0	0	1	3	1	1	1	0	1
"cell327"	0	0	3	0	1	3	1	1	1	1	1	1	1	1	1	1	0	0	0	3	3	0	0	0	3	0	0	0	0	0	0	3	0	0	0	1	0	1	1	1
"cell328"	0	3	0	3	1	0	3	0	1	1	3	1	3	0	3	1	0	0	0	0	0	0	3	0	3	0	0	0	0	0	0	0	0	3	0	1	1	1	1	3
"cell329"	0	3	0	0	1	1	1	1	1	1	1	3	1	1	1	0	0	3	0	0	3	0	0	0	0	0	3	0	3	0	0	3	0	0	0	1	1	1	1	1
"cell330"	0	0	0	0	3	1	1	1	0	1	1	1	1	1	3	1	0	0	0	0	0	0	0	0	0	0	3	0	0	0	0	0	0	1	1	0	1	0	1	1
"cell331"	0	0	3	0	1	1	1	1	1	1	3	1	1	1	1	1	0	0	0	0	0	0	3	0	3	0	0	0	0	0	0	0	0	0	0	1	1	1	3	1
"cell332"	0	0	0	0	1	3	1	1	3	1	1	1	1	1	3	1	0	3	0	0	0	0	0	0	0	0	0	0	0	3	0	3	0	0	0	1	1	1	1	1
"cell333"	0	0	0	0	1	1	1	1	3	0	1	0	3	0	0	3	3	0	0	0	0	0	3	0	0	1	0	0	0	0	0	0	0	0	3	1	3	1	1	1
"cell334"	0	0	0	0	1	0	1	3	1	3	1	1	1	1	1	0	0	0	0	3	0	1	0	0	3	1	0	0	0	0	0	0	0	3	0	1	1	1	3	3
"cell335"	0	0	3	0	1	1	1	1	0	3	1	1	1	1	1	0	0	1	1	0	0	0	0	0	0	3	3	0	3	0	0	3	0	0	0	1	3	0	1	1
"cell336"	1	0	0	0	1	1	1	1	3	1	1	1	3	1	0	1	3	1	0	0	3	0	0	0	3	3	0	0	0	0	0	0	3	0	0	1	1	3	3	3
"cell337"	0	0	0	0	1	1	1	1	3	3	0	3	0	1	0	1	0	0	0	0	0	0	0	0	0	0	3	0	3	0	1	0	3	0	0	0	0	1	1	1
"cell338"	0	1	0	0	1	0	0	1	1	1	1	1	1	0	1	1	0	0	0	0	3	0	0	0	0	0	0	0	0	3	0	1	0	0	0	1	3	0	1	1
"cell339"	0	0	0	0	3	0	1	0	1	1	1	0	1	1	3	1	0	0	0	0	0	3	3	0	0	0	0	0	0	0	0	0	0	0	0	1	1	1	1	1
"cell340"	3	0	0	0	1	3	1	1	0	1	1	1	0	0	1	1	3	0	0	0	0	1	0	0	1	3	3	0	0	0	1	0	3	0	0	1	1	3	3	1
"cell341"	0	0	3	0	3	1	3	1	1	1	1	1	3	1	0	3	0	0	1	0	0	0	0	3	0	0	0	3	0	0	0	0	0	3	3	1	3	1	3	1
"cell342"	0	0	0	0	1	1	1	1	1	1	0	1	0	1	1	1	3	3	3	3	3	0	0	3	0	0	0	0	0	0	0	0	0	0	0	1	1	0	1	0
"cell343"	1	0	0	0	3	3	1	1	3	0	0	3	0	1	1	1	0	3	0	0	0	0	0	0	0	0	0	0	0	0	3	0	0	0	3	1	1	1	3	0
"cell344"	0	0	3	0	1	3	0	1	1	1	1	1	0	1	1	1	3	0	3	0	3	0	1	0	0	1	3	3	0	0	1	0	0	3	0	1	1	3	1	1
"cell345"	0	0	0	1	0	1	1	1	3	1	1	3	1	1	1	1	3	0	3	0	0	0	0	0	0	0	0	0	0	3	3	0	0	3	1	1	0	1	1	1
"cell346"	3	0	3	0	1	0	1	1	1	1	1	0	1	1	1	1	0	0	0	0	0	0	0	0	1	3	0	0	0	0	3	0	0	1	0	1	1	1	1	1
"cell347"	0	0	0	0	1	1	1	1	1	0	1	0	0	1	0	1	0	0	0	0	0	0	0	0	0	0	0	0	3	0	3	3	0	0	1	1	3	1	0	1
"cell348"	0	0	0	3	1	1	0	1	0	1	1	1	1	1	1	3	0	0	0	3	0	0	0	0	0	1	0	0	0	0	0	0	3	0	0	0	0	3	1	1
"cell349"	0	0	3	0	3	3	1	1	3	1	1	1	0	3	1	1	0	0	0	0	0	0	0	0	1	0	3	0	0	0	0	3	0	0	0	3	1	1	1	1
"cell350"	0	0	0	3	0	3	0	1	1	1	1	1	3	0	1	1	0	0	0	0	0	0	0	3	0	0	3	0	0	0	3	0	0	0	0	1	1	1	1	0
"cell351"	3	3	0	3	1	1	1	1	1	1	1	1	1	3	1	1	0	0	0	0	0	0	0	0	0	3	0	0	0	0	0	3	3	0	0	1	1	3	1	1
"cell352"	0	3	0	0	1	0	3	3	1	1	3	1	1	0	0	1	0	0	3	0	0	0	0	0	0	0	0	0	0	0	0	0	0	0	0	1	1	1	1	3
"cell353"	3	0	0	0	1	3	3	1	1	1	1	0	0	1	0	3	3	0	0	1	3	0	3	0	0	0	0	0	3	0	0	0	1	0	3	1	0	1	1	3
"cell354"	0	0	0	0	1	1	1	1	3	1	3	3	1	1	1	1	0	0	0	0	3	0	0	0	0	3	0	0	0	0	0	0	3	0	3	1	1	1	1	1
"cell355"	0	0	0	0	1	1	1	1	3	1	3	1	1	1	1	1	0	3	3	3	0	0	3	3	0	3	3	0	0	0	0	3	0	0	0	0	1	0	0	3
"cell356"	0	3	0	0	0	1	1	3	1	1	1	0	0	1	3	0	0	0	0	0	3	3	3	0	0	0	0	0	0	0	0	0	0	0	0	0	1	0	0	0
"cell357"	0	3	0	3	3	0	1	0	0	1	0	1	1	1	1	0	0	3	0	0	3	0	3	0	0	3	0	3	0	0	3	0	0	0	3	1	1	1	0	1
"cell358"	0	0	0	0	1	1	1	1	3	1	3	1	3	3	0	0	3	0	0	0	0	3	0	0	0	3	3	0	0	0	0	0	0	3	0	1	0	3	1	3
"cell359"	0	3	0	0	1	3	3	1	0	1	3	3	3	0	1	1	0	3	0	0	0	0	3	0	0	0	0	3	0	0	3	0	0	0	3	0	1	3	1	0
"cell360"	0	0	0	0	1	1	1	3	0	3	1	1	1	1	1	3	3	0	0	0	1	3	0	0	3	0	0	0	0	1	0	0	0	0	3	0	1	1	1	0
"cell361"	0	0	0	0	1	1	1	1	1	1	1	3	1	1	1	1	0	0	1	0	0	3	0	3	0	0	0	0	3	0	0	3	0	0	3	1	1	3	1	1
"cell362"	0	0	0	0	0	3	1	1	1	1	1	1	1	1	3	1	0	0	0	0	0	1	0	3	0	0	0	3	0	0	0	0	0	0	0	1	1	0	3	1
"cell363"	0	0	1	3	3	1	1	3	1	1	1	1	1	1	3	1	0	0	0	0	0	0	3	0	0	0	1	0	0	0	0	0	3	0	0	1	1	0	1	0
"cell364"	0	0	0	0	3	1	1	3	1	3	0	3	3	3	0	0	0	3	0	0	0	0	0	0	0	0	0	0	0	0	1	0	0	3	0	1	1	3	0	1
"cell365"	0	0	0	3	3	1	1	1	3	1	1	1	1	1	1	1	0	0	0	0	0	0	0	3	0	3	0	0	0	0	0	3	0	0	0	1	1	1	1	1
"cell366"	0	3	0	0	1	1	1	0	1	0	1	3	1	1	0	1	0	0	0	0	0	0	0	3	0	0	0	0	0	3	0	1	0	0	0	3	3	1	0	3
"cell367"	3	0	0	0	1	1	1	3	1	1	3	3	3	0	1	1	0	0	0	0	1	0	0	0	0	0	0	0	0	0	0	3	3	0	3	1	1	1	3	0
"cell368"	0	1	0	3	3	1	1	1	1	1	1	1	1	1	1	1	0	0	0	0	0	0	3	0	0	0	0	0	0	0	3	0	1	0	0	1	1	1	1	3
"cell369"	0	0	0	0	1	1	3	3	1	3	1	0	1	1	1	3	0	0	3	0	0	3	0	0	3	0	0	0	0	3	0	3	0	0	0	3	1	0	1	1
"cell370"	0	0	0	0	1	1	1	3	1	1	0	1	0	3	3	1	0	0	0	0	0	0	0	0	0	0	3	0	0	0	3	0	0	0	0	0	1	1	1	3
"cell371"	0	1	1	0	0	0	1	0	0	1	1	1	1	1	0	1	0	0	0	0	0	0	3	3	3	0	0	0	3	0	3	0	0	1	0	1	1	3	1	1
"cell372"	0	0	0	3	1	1	1	3	1	1	1	3	3	3	0	1	0	3	0	0	0	0	0	3	0	0	0	3	3	3	3	0	0	3	0	1	1	1	1	1
"cell373"	0	0	0	0	1	1	1	0	1	1	1	1	0	1	3	1	1	0	1	0	3	0	0	0	3	0	0	0	3	0	0	0	0	0	1	0	1	1	3	1
"cell374"	3	1	0	0	1	3	1	1	1	3	1	3	0	3	3	1	3	0	0	0	0	0	0	0	0	0	0	0	3	0	0	0	0	0	0	1	0	1	3	1
"cell375"	0	0	3	0	0	1	1	1	1	1	1	1	1	1	1	1	0	0	3	0	0	0	0	0	3	3	0	3	0	0	0	0	3	3	0	3	0	1	0	1
"cell376"	3	0	0	0	3	1	0	1	0	1	1	1	1	0	1	1	0	0	0	3	0	1	0	1	0	0	0	0	0	0	0	0	0	3	0	1	1	1	1	1
"cell377"	0	0	0	1	1	1	0	0	1	0	1	3	0	0	1	1	1	0	0	0	0	0	3	3	0	0	0	0	3	3	0	0	0	1	0	1	3	0	3	1
"cell378"	0	3	3	0	1	1	0	3	3	1	1	1	0	1	1	1	0	0	3	0	0	0	3	3	0	0	3	0	0	3	0	3	0	0	3	1	3	1	0	0
"cell379"	0	0	0	1	1	1	0	1	1	0	0	1	1	1	1	1	1	3	0	0	0	0	0	3	0	0	0	0	0	0	3	3	0	0	0	1	1	1	1	1
"cell380"	0	0	0	0	1	0	3	3	1	1	1	1	1	3	1	3	0	1	0	3	0	0	0	0	0	0	3	0	3	0	0	0	0	0	0	1	1	1	1	1
"cell381"	0	3	3	3	1	1	1	1	1	3	1	1	1	1	1	3	0	3	0	0	0	0	1	0	0	0	0	0	0	0	3	0	0	0	0	1	3	1	3	3
"cell382"	3	0	3	0	0	1	3	1	3	0	1	1	3	1	1	0	3	1	0	0	0	0	0	0	3	0	3	0	3	0	0	3	0	3	0	0	0	0	0	3
"cell383"	0	0	0	3	3	1	3	1	3	1	0	1	1	1	1	1	3	0	0	0	0	0	0	0	0	0	0	0	0	0	0	0	0	3	0	3	1	1	1	3
"cell384"	0	0	0	3	1	1	0	1	3	1	1	3	3	1	1	1	0	0	0	0	1	0	0	0	3	0	3	0	3	3	0	3	0	0	0	1	1	1	0	3
"cell385"	0	0	0	0	0	1	1	0	1	1	3	1	1	1	1	1	0	0	0	0	0	0	0	0	3	3	0	0	3	0	0	0	0	0	0	1	1	1	1	1
"cell386"	0	0	0	3	1	3	1	1	1	1	3	3	3	0	1	1	0	0	0	0	0	1	0	0	1	3	0	0	3	3	0	0	0	0	0	1	1	1	0	0
"cell387"	0	3	0	3	1	0	1	1	1	1	3	0	3	3	3	0	0	1	0	0	0	0	3	3	1	0	0	0	0	0	0	0	0	3	0	1	1	3	1	1
"cell388"	0	0	0	0	3	3	1	1	1	1	1	3	1	3	1	3	0	0	0	0	3	0	0	3	0	0	3	0	3	0	0	0	3	0	0	1	1	1	1	0
"cell389"	0	0	0	0	1	1	1	1	3	0	1	1	1	1	1	1	1	3	0	0	3	0	0	0	0	0	0	3	0	0	0	3	3	0	0	3	0	1	0	1
"cell390"	0	0	3	0	0	1	1	1	0	1	1	0	1	3	1	3	0	0	0	3	0	0	3	0	0	3	0	0	0	1	0	0	3	3	0	1	0	0	1	0
"cell391"	3	3	3	0	1	3	1	3	3	1	0	3	1	0	1	1	0	0	3	0	0	0	0	0	3	1	0	0	0	1	0	0	3	3	0	1	1	0	3	3
"cell392"	3	3	0	0	1	1	1	3	0	1	1	3	1	1	1	1	0	3	3	0	3	0	0	0	0	3	3	0	3	0	3	3	0	0	3	0	1	1	1	0
"cell393"	3	0	0	1	0	1	3	1	3	1	1	1	3	3	1	1	0	0	0	1	0	0	3	0	0	0	0	0	0	0	0	1	3	0	0	1	3	1	1	1
"cell394"	0	0	1	0	1	1	1	3	1	1	1	1	1	1	1	1	3	0	0	3	3	0	1	0	0	0	0	0	0	0	3	0	3	0	0	1	1	1	1	1
"cell395"	0	0	0	0	3	1	1	1	0	3	3	1	1	1	1	3	0	0	3	0	0	3	0	0	0	0	3	0	0	1	0	3	0	0	0	1	1	1	1	1
"cell396"	0	0	0	0	3	1	1	1	0	1	0	1	1	1	0	1	0	3	3	0	0	0	0	1	0	0	3	0	0	0	1	0	3	0	0	1	0	0	3	1
"cell397"	0	0	3	0	1	1	1	0	1	3	3	1	0	1	1	3	3	0	0	3	3	0	0	0	0	3	0	3	0	0	3	0	0	3	0	1	0	3	1	0
"cell398"	1	0	0	0	1	1	0	1	1	0	1	1	1	0	1	1	0	0	0	3	3	0	1	0	0	0	0	0	0	3	0	3	0	0	0	1	1	1	0	3
"cell399"	0	0	3	0	3	3	1	1	1	1	1	1	3	0	1	3	0	0	0	3	0	0	0	0	0	0	0	3	0	3	0	0	0	0	0	3	0	1	1	3
"cell400"	3	0	0	0	1	1	1	1	0	1	1	3	1	1	1	1	3	0	1	0	0	0	3	3	0	0	0	3	3	0	0	3	0	0	0	0	3	1	1	3
"cell401"	0	3	0	0	0	0	3	0	1	1	3	1	3	1	3	1	0	0	0	0	0	0	3	0	0	0	0	3	0	0	3	0	3	3	0	1	3	1	1	1
"cell402"	0	0	3	0	1	1	1	1	1	3	1	3	1	3	1	3	1	3	3	0	1	3	3	0	0	3	0	1	0	0	3	0	3	0	0	1	1	3	3	1
"cell403"	0	0	0	0	1	1	1	1	1	1	1	1	1	3	0	1	0	0	0	0	0	0	0	0	0	0	0	3	0	1	0	3	3	0	0	3	1	1	3	1
"cell404"	3	0	3	3	1	1	1	1	1	3	1	1	1	1	1	3	0	0	0	0	0	0	0	0	0	0	0	3	3	3	0	0	3	1	0	1	3	1	1	1
"cell405"	3	0	0	0	3	1	1	1	1	1	0	1	3	1	1	1	1	0	0	3	3	0	0	0	0	1	0	0	0	0	3	1	0	0	3	3	1	1	1	0
"cell406"	1	1	0	0	3	1	1	1	3	1	1	1	1	1	0	1	0	0	3	0	0	0	0	0	3	0	0	0	0	0	0	0	0	0	0	1	3	3	1	1
"cell407"	0	0	0	3	0	1	3	1	3	1	3	1	1	1	3	0	0	3	0	0	0	0	0	0	0	0	0	0	0	0	0	1	0	0	0	1	3	1	1	1
"cell408"	0	0	1	0	1	1	0	3	1	0	1	1	1	3	0	1	0	0	3	0	1	0	0	0	0	0	0	0	3	0	0	0	0	0	1	1	1	3	3	1
"cell409"	0	0	1	0	1	1	1	1	3	0	1	3	0	1	1	1	0	0	3	0	0	0	0	0	0	0	0	3	0	0	3	0	3	0	0	3	1	3	1	3
"cell410"	0	0	0	0	1	1	1	3	1	3	1	0	1	3	1	0	0	0	0	0	0	0	0	0	3	0	0	0	0	0	0	0	0	0	0	1	1	0	1	1
"cell411"	0	3	0	0	1	1	3	3	3	1	0	0	0	1	3	1	0	0	0	0	3	0	3	0	0	0	0	0	0	0	0	0	0	0	0	3	1	0	0	1
"cell412"	3	0	0	0	3	1	1	1	1	0	3	1	1	1	0	1	3	0	1	0	0	0	3	0	1	0	3	0	0	1	0	0	0	0	0	3	1	3	1	1
"cell413"	0	0	0	0	1	1	3	1	1	0	1	1	1	1	1	3	0	3	0	0	3	0	0	0	0	3	0	0	0	3	0	0	0	0	0	1	1	1	3	1
"cell414"	3	0	3	3	3	1	0	1	3	1	0	0	1	3	3	1	0	0	0	0	0	0	3	0	0	3	0	3	0	0	0	0	3	0	3	3	1	1	1	3
"cell415"	0	0	0	0	1	0	0	1	0	3	1	1	0	1	1	3	0	0	0	0	0	1	0	0	3	0	0	0	0	0	0	0	0	0	0	1	1	0	0	3
"cell416"	1	0	0	0	0	0	3	0	0	1	3	0	3	0	1	1	0	0	0	0	0	0	1	0	0	0	0	0	0	0	0	0	0	3	0	3	3	1	3	1
"cell417"	0	0	0	0	1	1	1	1	1	1	1	1	1	0	1	1	0	0	0	0	0	0	0	3	0	0	3	3	3	0	0	1	0	0	3	1	3	1	1	3
"cell418"	3	0	0	1	1	3	1	1	0	1	1	1	3	1	1	1	0	0	3	0	0	1	0	0	0	0	0	0	0	0	0	0	0	0	3	1	1	1	1	3
"cell419"	3	0	0	3	3	1	1	3	1	1	3	3	1	1	1	1	0	3	0	0	0	0	0	0	0	0	0	0	0	3	0	1	0	0	0	1	1	3	1	1
"cell420"	3	0	3	0	3	1	1	1	1	3	1	1	1	0	3	3	3	0	0	3	3	0	0	3	0	0	0	0	0	0	0	0	0	0	0	3	1	0	1	0
"cell421"	0	0	3	0	3	1	1	3	3	1	1	1	0	1	1	1	3	0	0	0	0	0	0	0	0	0	0	0	0	1	0	0	0	0	0	1	3	1	1	1
"cell422"	0	1	3	0	1	3	0	3	0	1	1	3	1	1	1	3	0	0	3	0	3	3	0	0	0	3	0	0	3	0	0	0	0	0	0	1	0	3	0	1
"cell423"	0	0	0	0	0	1	1	1	1	1	3	3	0	1	0	3	3	3	3	0	0	0	3	0	0	0	0	0	3	0	0	0	0	0	0	0	1	3	0	1
"cell424"	3	0	0	3	1	1	3	1	1	1	0	3	1	3	1	1	3	0	0	0	0	0	0	0	0	3	3	0	0	0	0	0	0	0	1	0	1	1	0	3
"cell425"	0	0	0	1	0	1	0	0	1	3	0	1	0	3	3	1	0	0	3	0	3	3	0	0	3	0	0	0	0	0	0	0	0	0	3	1	1	0	3	1
"cell426"	3	3	3	0	1	1	1	3	3	1	1	1	3	1	0	1	0	0	0	0	0	0	3	3	0	0	0	3	0	0	0	0	0	0	0	1	1	1	1	1
"cell427"	0	0	0	0	1	3	0	1	1	1	1	1	1	3	3	3	0	0	0	0	0	0	0	1	3	3	0	3	1	0	3	0	0	0	0	1	1	1	1	0
"cell428"	0	0	0	0	1	1	0	1	1	1	1	1	0	1	3	3	0	0	0	0	0	3	0	3	3	0	0	0	3	0	3	3	0	3	0	3	1	1	1	1
"cell429"	0	0	0	0	0	1	3	1	0	0	0	3	0	3	0	1	0	1	0	0	0	0	0	3	0	0	0	0	3	0	0	0	0	1	0	1	1	3	3	1
"cell430"	0	0	0	0	1	1	1	1	1	1	1	1	3	1	3	1	0	0	0	0	0	0	0	0	0	0	3	0	0	3	0	3	0	0	0	0	1	1	1	0
"cell431"	3	0	3	3	3	1	0	1	1	1	0	3	3	1	1	0	0	0	0	3	0	0	0	0	0	3	3	0	0	0	0	1	3	0	0	1	1	1	1	1
"cell432"	1	0	0	0	1	1	1	1	1	0	0	1	3	0	1	1	0	0	0	0	0	0	0	3	0	3	0	0	1	3	0	3	0	0	0	3	0	3	0	0
"cell433"	3	3	0	3	1	3	3	1	1	3	1	1	0	1	3	1	3	0	0	0	3	0	0	0	3	0	0	3	0	0	3	0	0	0	0	1	1	0	1	0
"cell434"	0	3	0	0	1	3	3	3	0	1	1	1	0	1	1	1	0	0	0	0	0	3	0	0	0	0	0	3	0	0	3	0	0	0	0	0	1	3	3	3
"cell435"	1	0	3	0	3	1	0	3	3	1	1	1	3	0	0	1	0	0	3	0	0	0	0	0	0	1	0	0	0	0	0	0	0	3	0	3	3	1	1	1
"cell436"	0	0	0	0	1	1	3	1	1	1	1	0	1	1	1	1	3	0	1	0	3	1	0	0	0	0	3	0	3	0	3	0	0	0	0	1	1	3	1	3
"cell437"	0	0	0	0	0	1	1	0	1	1	1	0	0	1	1	0	3	0	0	3	0	0	0	0	0	0	3	0	3	0	0	0	0	0	3	1	1	1	1	1
"cell438"	0	0	3	0	1	1	1	0	0	3	3	1	3	1	1	3	0	0	0	0	0	0	3	3	3	0	0	3	0	3	0	0	0	0	0	1	0	1	1	0
"cell439"	0	0	0	0	1	1	3	1	1	1	1	1	1	1	1	1	0	0	0	0	0	3	0	0	0	0	0	0	0	0	3	3	0	0	3	3	1	1	1	0
"cell440"	3	3	0	0	1	0	0	3	3	1	3	0	1	1	3	1	0	0	3	0	0	1	0	0	0	0	0	0	3	1	0	0	0	3	0	1	1	3	0	0
"cell441"	0	0	0	0	3	1	1	3	3	1	1	1	0	0	1	1	0	3	0	0	0	0	0	0	0	0	0	3	3	0	0	0	0	3	0	1	1	1	1	3
"cell442"	0	0	0	3	1	1	3	1	3	1	1	1	3	1	3	1	0	0	0	0	0	3	0	0	0	0	0	0	0	0	3	0	0	0	0	0	1	3	3	1
"cell443"	0	0	0	0	1	0	1	0	1	1	1	1	1	1	1	3	0	0	3	0	3	3	0	0	0	3	0	0	0	0	0	0	0	0	0	1	1	1	1	1
"cell444"	1	0	0	0	1	1	1	1	3	1	1	1	3	1	1	3	0	0	0	0	1	0	0	0	3	0	0	1	1	0	0	0	0	3	0	1	1	0	0	1
"cell445"	0	1	0	0	1	3	3	0	1	0	0	1	1	1	1	1	0	3	0	0	0	0	0	0	3	0	0	0	0	0	0	0	0	1	0	1	3	1	1	1
"cell446"	0	0	0	0	1	1	1	1	0	1	0	3	1	1	1	1	0	0	0	0	3	0	0	0	0	3	0	3	0	1	3	0	3	0	0	0	1	1	1	1
"cell447"	3	0	0	0	1	1	3	0	0	3	1	1	1	3	1	1	0	0	0	0	0	0	0	3	0	0	0	0	0	0	0	0	0	0	0	0	1	3	1	3
"cell448"	0	3	0	3	1	3	1	1	0	1	0	0	1	3	1	1	3	0	0	0	0	0	0	0	0	0	0	0	0	0	3	0	0	0	3	1	1	1	0	0
"cell449"	0	3	0	0	0	1	0	1	3	1	1	1	0	1	1	1	0	1	0	0	3	3	0	0	0	0	0	1	0	3	3	3	1	0	0	1	1	1	1	1
"cell450"	0	0	0	0	1	3	1	1	3	1	1	1	1	1	3	1	0	1	0	1	0	3	0	3	3	0	0	0	0	0	3	0	0	1	1	1	1	1	1	1
"cell451"	0	0	0	0	1	1	0	3	3	0	3	1	3	3	1	3	0	0	0	0	0	0	0	1	3	0	0	0	3	0	0	0	3	0	0	3	1	3	0	1
"cell452"	3	0	0	3	1	1	3	0	0	1	1	0	1	1	0	1	3	0	0	0	0	0	0	0	0	0	1	3	0	0	0	0	0	0	0	0	1	3	1	1
"cell453"	3	0	0	0	3	3	1	1	1	0	3	1	1	3	3	1	0	0	0	0	0	0	0	1	0	0	0	0	0	0	3	0	0	0	0	3	1	0	1	3
"cell454"	0	0	0	3	3	1	1	0	3	1	1	0	1	1	0	1	0	0	0	0	0	0	0	0	0	0	0	0	0	0	0	0	0	0	0	1	1	1	0	1
"cell455"	0	0	0	3	0	1	1	3	3	1	1	1	1	1	1	3	0	0	1	0	0	3	3	0	3	0	0	0	0	0	0	0	3	0	3	1	3	1	3	3
"cell456"	0	0	3	0	1	1	0	0	3	1	1	0	1	1	3	0	3	0	0	0	0	0	0	0	0	0	0	0	3	3	3	0	0	3	0	1	1	3	1	1
"cell457"	3	3	0	0	1	0	1	1	1	1	3	1	1	1	1	1	0	3	0	0	0	3	0	0	0	0	0	3	0	0	0	0	3	3	3	1	1	1	3	1
"cell458"	0	1	0	3	1	1	1	1	1	1	1	1	3	1	1	1	0	0	0	0	3	0	0	0	0	3	0	0	0	0	0	3	3	0	0	1	0	1	1	0
"cell459"	0	0	0	0	0	1	1	1	0	0	3	1	1	1	1	0	0	0	0	0	0	0	3	3	0	0	0	0	0	1	0	0	0	0	0	3	1	1	1	1
"cell460"	0	0	0	0	1	1	1	1	3	1	1	1	1	3	1	1	0	0	3	0	0	0	0	0	3	0	3	0	0	3	0	0	0	0	0	3	0	1	0	1
"cell461"	0	0	3	0	1	3	1	0	1	3	0	0	1	1	1	1	3	3	0	0	0	0	3	0	0	3	0	0	0	0	0	3	0	0	0	1	3	3	1	1
"cell462"	0	3	0	0	3	1	0	0	0	3	1	1	0	1	1	1	0	0	0	0	3	0	0	0	0	0	0	0	1	0	3	0	0	3	0	1	1	1	1	1
"cell463"	0	0	0	0	1	1	1	1	3	1	0	3	1	1	1	1	0	3	0	0	0	0	0	0	3	0	0	0	0	0	3	0	1	0	0	1	1	1	1	1
"cell464"	0	0	0	0	1	3	1	1	3	1	1	1	3	0	1	1	0	0	0	0	0	0	0	0	0	3	0	0	0	0	0	0	0	3	0	1	3	1	1	3
"cell465"	0	0	0	0	1	0	1	1	0	3	0	0	1	1	1	0	3	0	0	3	0	0	3	3	0	0	0	3	1	0	0	0	0	0	1	1	1	0	1	3
"cell466"	0	0	1	0	3	3	3	0	3	3	1	1	1	1	0	0	0	0	0	0	3	0	0	0	0	0	0	0	0	3	0	3	0	3	0	1	3	1	1	1
"cell467"	0	3	0	0	3	3	1	1	1	1	3	1	1	1	0	0	0	3	0	0	3	0	3	0	0	3	0	0	3	0	3	0	3	0	0	3	1	1	1	0
"cell468"	1	3	0	3	1	1	3	1	1	3	3	1	1	3	1	1	0	3	0	0	0	0	0	0	1	0	3	0	3	0	0	1	0	0	0	1	0	0	1	3
"cell469"	0	0	0	3	3	0	1	0	1	1	1	1	1	1	1	0	0	0	0	3	3	0	0	0	3	0	0	0	0	0	0	3	0	0	0	0	0	1	1	1
"cell470"	3	0	0	0	1	3	1	0	1	0	3	1	1	1	0	1	0	0	3	0	0	0	0	0	3	3	0	0	0	3	0	3	3	0	0	1	0	1	1	0
"cell471"	0	0	3	0	0	1	0	1	0	3	1	3	0	1	3	1	0	0	3	0	0	0	0	0	3	0	0	1	0	0	0	0	0	0	3	1	1	3	3	0
"cell472"	0	0	3	0	1	3	3	1	1	1	1	1	1	3	1	1	3	1	0	0	0	0	0	0	0	3	3	0	3	0	0	1	0	0	0	0	1	1	1	0
"cell473"	3	0	0	3	1	3	1	1	0	1	0	1	1	1	1	1	0	0	0	3	0	0	3	0	0	3	0	0	3	0	0	0	3	1	0	1	3	1	1	1
"cell474"	0	0	0	0	1	1	1	1	3	1	1	1	1	1	1	1	0	0	0	0	0	0	0	0	3	0	0	3	3	0	0	0	0	3	0	1	1	3	1	1
"cell475"	0	0	0	0	1	1	3	1	1	3	0	1	1	1	1	1	0	0	0	0	0	0	0	0	0	1	0	0	0	0	0	1	0	0	0	1	1	1	1	3
"cell476"	3	0	0	0	1	1	0	1	1	1	3	1	1	1	0	3	0	0	3	0	3	0	3	3	0	0	0	0	0	0	0	3	0	0	0	3	1	0	1	1
"cell477"	0	0	0	0	1	3	1	1	3	1	0	1	1	0	1	0	0	0	0	3	0	0	0	0	0	0	0	0	0	0	0	0	0	0	0	1	1	1	1	3
"cell478"	0	0	0	0	1	3	3	3	3	3	1	3	1	3	0	1	0	0	0	3	0	0	0	0	3	0	0	0	0	3	0	1	3	3	0	0	1	3	1	1
"cell479"	0	0	0	0	1	1	1	0	3	1	1	1	0	1	1	0	3	3	0	0	0	0	0	0	0	0	0	0	0	0	0	0	0	0	0	1	1	3	1	3
"cell480"	0	0	0	0	0	1	1	1	1	3	0	3	1	1	0	1	0	0	0	0	0	3	0	0	0	0	0	0	0	3	0	0	0	0	3	1	1	1	0	1
"cell481"	0	0	0	0	1	3	1	1	1	1	3	1	1	1	3	1	1	0	0	0	0	0	0	3	0	0	0	3	0	0	0	3	1	0	0	1	1	1	1	3
"cell482"	0	0	0	3	0	1	3	1	1	1	1	1	1	1	0	0	1	3	0	0	0	0	0	3	0	0	0	0	0	0	0	0	0	0	0	3	1	1	1	3
"cell483"	3	0	1	0	0	3	1	3	3	1	3	3	1	1	1	1	0	0	0	0	3	0	0	0	0	0	0	0	3	0	3	0	3	0	3	1	0	1	1	1
"cell484"	0	0	0	0	1	1	1	0	0	0	3	0	3	1	1	3	0	0	0	0	0	3	0	0	3	0	0	0	0	0	0	0	3	0	1	1	1	1	1	1
"cell485"	1	3	0	0	1	3	0	1	3	1	3	3	1	1	1	1	0	1	0	3	0	1	0	0	0	3	0	0	1	0	0	0	0	0	3	1	1	1	3	3
"cell486"	0	0	3	0	1	0	1	3	1	3	1	0	1	1	3	3	0	0	0	0	0	3	0	3	0	0	3	0	0	0	0	0	0	0	0	3	1	1	1	1
"cell487"	0	3	3	0	1	1	3	1	0	1	1	3	1	3	3	1	0	0	3	0	0	0	1	1	0	3	0	3	0	0	0	0	0	0	0	0	1	1	3	0
"cell488"	0	0	3	0	1	1	1	1	1	1	1	1	1	1	1	1	0	0	0	3	0	0	0	0	0	0	0	0	0	0	3	0	0	0	1	1	1	0	0	1
"cell489"	0	0	0	0	1	3	3	1	1	3	1	0	3	1	1	0	0	0	0	0	0	3	0	0	0	0	0	0	3	0	0	0	0	0	0	1	3	0	0	1
"cell490"	0	0	3	0	1	1	1	1	1	1	1	0	1	3	3	1	0	3	0	0	3	0	0	0	0	3	0	3	1	0	0	3	0	0	0	3	1	0	1	1
"cell491"	0	0	0	0	1	0	1	1	3	1	1	3	1	1	1	3	0	0	0	0	3	0	3	0	0	0	3	3	0	3	3	0	0	0	0	1	0	1	0	1
"cell492"	0	0	3	0	1	1	3	1	1	0	3	1	1	0	1	0	3	0	3	0	0	0	0	0	0	0	0	0	0	0	0	0	0	0	0	3	3	1	1	3
"cell493"	0	0	0	0	0	1	1	1	1	1	0	3	1	3	1	1	0	0	0	0	3	0	0	0	0	0	1	0	1	0	0	0	0	0	0	3	1	3	3	1
"cell494"	3	0	1	3	0	3	3	0	1	1	0	1	1	1	1	1	0	0	0	0	0	0	0	3	0	0	3	0	0	0	0	0	0	1	0	1	1	1	3	0
"cell495"	0	0	0	3	1	3	3	1	3	1	3	0	1	1	1	1	0	0	0	0	0	0	0	3	0	0	3	0	0	0	0	0	3	0	3	3	1	1	3	0
"cell496"	0	0	0	0	3	1	1	3	3	1	1	1	1	1	1	1	3	0	3	1	0	0	0	0	3	0	3	0	0	0	0	3	0	0	0	1	1	1	1	0
"cell497"	1	0	0	0	1	1	3	0	1	3	1	1	0	1	1	1	1	3	0	0	3	0	3	0	3	0	1	3	0	0	0	0	3	0	3	1	0	1	1	1
"cell498"	0	0	0	0	1	1	1	3	0	3	1	1	3	1	3	1	0	0	3	0	0	0	0	0	0	0	0	0	0	0	0	0	3	3	3	1	0	1	1	0
"cell499"	0	3	3	3	0	3	1	1	1	1	1	1	1	1	1	3	0	3	0	0	0	0	0	0	0	3	1	3	3	0	0	3	0	0	3	1	1	1	1	1
"cell500"	0	3	0	3	3	1	0	1	0	3	1	3	1	1	0	1	0	0	0	3	0	3	3	1	0	0	0	0	3	0	0	0	0	0	3	1	1	1	1	3
"cell501"	0	0	0	0	1	0	1	3	1	3	1	0	1	1	0	1	0	0	0	0	0	3	0	0	0	0	3	3	0	3	0	0	3	3	0	1	1	0	1	1
"cell502"	0	0	0	0	3	1	1	1	1	1	1	3	3	0	1	1	3	1	0	0	0	0	3	0	0	1	0	0	0	0	0	0	0	0	0	1	1	1	0	1
"cell503"	0	3	0	0	0	3	0	1	1	1	1	0	1	1	0	1	0	0	0	0	3	0	0	0	0	3	0	0	0	0	0	0	0	0	0	1	0	3	1	1
"cell504"	3	1	3	0	3	1	3	1	3	3	1	3	1	1	3	3	0	0	0	0	0	0	1	0	0	3	3	0	0	0	0	0	0	0	0	0	1	3	1	1
"cell505"	0	0	0	0	1	3	1	1	1	1	1	1	1	0	1	3	3	0	3	0	0	0	0	0	3	0	0	3	3	1	0	0	0	0	0	1	1	0	0	1
"cell506"	0	0	0	0	1	1	1	3	3	1	1	1	1	1	1	1	1	3	3	0	0	3	0	3	0	0	0	3	3	3	3	0	0	0	0	1	1	0	3	3
"cell507"	0	0	0	0	3	3	3	3	1	3	1	3	3	1	0	1	0	3	0	0	0	0	0	0	0	0	0	0	0	0	0	0	0	0	0	1	0	1	1	1
"cell508"	0	0	0	0	1	3	1	0	1	0	1	0	1	1	3	1	0	0	0	0	0	0	0	0	0	0	3	0	0	3	0	0	0	0	0	1	1	3	1	1
"cell509"	3	0	3	0	3	3	1	0	1	3	1	1	1	1	1	0	1	0	0	0	0	3	0	0	3	0	0	0	0	3	3	0	0	3	0	1	1	0	3	1
"cell510"	0	0	0	0	3	0	0	1	1	1	1	1	3	1	1	0	0	0	1	0	3	3	0	3	0	0	0	0	0	0	3	0	0	0	0	1	1	1	1	0
"cell511"	3	3	0	0	3	1	1	3	3	0	1	3	0	1	1	1	0	0	0	0	3	0	0	0	0	0	3	0	0	0	0	0	0	0	0	0	1	0	1	1
"cell512"	0	0	3	0	1	1	1	1	1	3	3	1	1	1	3	3	0	0	0	0	0	0	0	3	3	0	0	0	0	3	0	3	0	0	0	1	1	0	1	1
"cell513"	0	1	0	0	0	1	0	1	1	1	1	1	3	3	1	1	0	0	0	0	0	0	0	0	0	0	0	1	0	0	0	0	0	0	0	0	1	0	1	1
"cell514"	0	1	0	0	1	1	3	1	1	0	3	3	1	3	1	1	0	0	0	0	0	0	0	0	0	0	0	3	0	3	0	3	0	3	0	1	1	1	1	1
"cell515"	3	1	0	3	1	0	3	1	1	1	0	3	3	1	3	1	0	0	0	0	0	0	0	0	0	0	0	0	0	0	0	3	0	0	3	1	1	1	3	1
"cell516"	0	0	0	0	1	1	3	1	0	1	0	1	1	1	3	1	3	0	3	0	0	0	0	0	0	0	0	3	0	3	3	0	0	0	0	1	1	0	1	1
"cell517"	3	0	0	0	3	3	1	3	3	1	3	1	0	1	1	1	0	0	0	0	0	0	0	0	3	0	0	0	0	0	0	0	0	3	3	3	0	3	1	1
"cell518"	0	3	0	0	1	3	0	3	0	1	1	1	1	3	1	1	0	0	0	0	3	0	0	0	0	0	0	0	0	3	3	0	3	0	1	1	0	3	1	0
"cell519"	3	3	0	0	0	1	1	1	1	1	3	0	1	1	3	1	0	0	0	0	0	3	0	0	3	0	0	0	3	0	1	0	0	0	0	1	1	3	1	0
"cell520"	0	0	0	0	1	0	3	1	3	1	3	0	1	1	1	1	0	3	0	0	0	0	0	3	0	0	0	0	0	0	3	0	0	0	0	3	3	1	1	1
"cell521"	3	3	0	0	0	1	1	3	3	1	1	3	0	1	1	3	0	0	0	0	3	0	3	0	0	3	0	0	0	0	0	3	0	0	0	1	3	1	3	1
"cell522"	0	0	0	3	0	0	3	1	3	1	1	0	0	1	1	1	0	0	0	0	3	3	0	0	3	0	0	3	0	0	0	0	0	0	0	1	1	1	0	0
"cell523"	0	0	0	0	1	1	1	1	0	0	1	1	0	3	0	3	0	0	0	0	0	0	3	3	0	0	0	0	0	0	0	0	0	0	0	1	1	3	1	1
"cell524"	1	0	1	3	1	3	1	1	0	1	1	1	3	1	3	1	0	0	0	0	0	0	0	3	0	0	0	0	0	0	0	3	0	0	3	0	1	1	3	3
"cell525"	0	0	0	3	1	1	1	3	0	1	1	1	1	1	1	1	0	0	0	0	0	0	3	0	0	0	3	3	3	3	3	3	0	3	0	1	3	3	0	1
"cell526"	0	0	0	0	1	1	3	0	1	1	1	1	0	1	3	0	1	0	0	0	0	0	0	0	0	0	0	0	0	0	0	0	0	1	0	3	1	3	1	1
"cell527"	0	3	3	0	1	1	3	1	1	1	0	3	0	1	3	3	3	0	0	3	3	0	0	0	0	3	3	0	0	0	0	0	0	0	0	1	0	3	1	1
"cell528"	0	0	0	0	1	1	1	1	0	1	3	1	1	1	1	1	0	0	3	0	0	0	0	1	0	0	3	0	3	3	0	3	3	3	0	1	0	3	3	3
"cell529"	0	3	0	0	3	1	1	1	1	0	1	1	3	0	1	1	0	0	0	0	0	3	0	0	0	0	0	3	0	0	0	3	3	0	3	0	1	1	1	3
"cell530"	0	0	3	0	1	1	1	3	3	0	1	1	1	1	1	1	0	0	0	0	0	0	3	0	0	0	0	0	0	1	0	0	0	3	0	1	0	0	0	1
"cell531"	1	0	3	0	1	1	1	1	1	0	3	1	1	1	3	3	0	0	3	0	0	3	3	0	3	0	0	0	0	0	0	0	0	0	0	1	3	1	0	0
"cell532"	3	0	0	0	1	1	0	0	0	1	1	3	3	1	1	1	0	0	0	0	0	3	0	0	3	0	0	0	0	3	0	0	0	0	0	0	0	1	3	1
"cell533"	0	3	0	0	0	3	1	3	3	1	1	1	3	3	1	1	1	0	0	0	0	0	3	0	0	0	0	0	0	0	0	1	1	3	3	3	0	1	1	1
"cell534"	0	0	0	0	3	1	1	1	3	0	1	1	1	3	3	3	0	0	0	1	3	0	3	3	0	0	0	0	0	0	0	0	0	0	0	3	0	1	0	1
"cell535"	0	0	0	1	1	1	1	1	1	0	1	1	0	1	3	1	0	0	0	0	3	0	0	3	0	0	3	0	0	0	0	0	1	0	0	1	1	0	1	3
"cell536"	0	0	0	0	1	1	1	3	1	3	3	1	1	1	0	1	0	3	3	0	3	3	0	0	3	0	0	0	0	0	1	3	0	3	0	1	0	1	1	1
"cell537"	0	0	0	0	0	3	3	1	1	0	1	0	1	1	1	1	0	0	0	0	0	0	0	0	0	0	0	0	0	0	1	0	0	0	0	3	3	1	1	1
"cell538"	0	3	0	3	1	3	1	0	1	3	1	3	1	1	0	1	0	0	0	0	0	0	0	0	3	3	0	0	0	0	1	0	0	3	0	1	3	3	1	1
"cell539"	0	0	0	0	3	3	1	3	1	1	1	1	1	1	1	1	0	0	0	0	0	0	0	0	0	0	0	3	0	0	3	0	0	0	0	1	1	0	1	1
"cell540"	3	0	0	0	0	3	3	3	1	0	1	0	1	3	0	1	3	0	3	3	0	0	3	0	0	0	0	0	0	0	3	0	0	0	0	3	1	1	1	1
"cell541"	1	0	0	3	1	1	1	1	1	3	0	0	1	1	3	1	0	0	0	1	3	3	0	3	0	0	0	0	0	3	0	0	3	0	0	1	1	1	3	1
"cell542"	0	0	0	0	1	3	3	1	1	1	0	0	1	3	1	1	0	3	0	0	0	0	3	0	0	0	0	0	3	0	3	3	3	0	0	1	0	1	1	1
"cell543"	0	3	0	0	3	1	1	1	3	1	1	1	3	0	1	0	0	0	0	0	3	0	0	0	0	0	0	3	0	0	0	0	0	0	0	0	3	0	0	1
"cell544"	3	0	0	0	3	1	3	3	1	1	0	0	1	1	1	1	0	0	0	0	0	0	0	1	0	0	3	1	0	0	0	3	0	3	0	1	1	1	1	1
"cell545"	3	0	0	1	1	3	3	0	3	1	1	1	0	1	3	0	0	0	3	0	0	0	0	3	0	0	0	3	0	0	3	0	3	0	0	1	3	1	3	3
"cell546"	0	0	3	0	1	0	1	1	1	1	1	3	3	0	1	1	3	3	0	0	0	3	0	0	3	0	0	0	0	0	0	0	3	0	0	3	1	0	3	1
"cell547"	0	0	0	0	1	0	1	1	1	1	3	1	1	3	1	3	0	0	3	0	3	0	0	0	3	3	0	0	0	0	3	0	3	0	3	1	3	1	1	1
"cell548"	0	3	0	0	1	3	1	0	0	1	3	1	3	1	3	1	0	0	0	0	0	0	3	3	0	0	0	3	0	0	0	0	1	3	0	1	3	1	3	0
"cell549"	0	0	0	3	1	1	1	0	1	1	1	1	0	0	1	1	0	1	0	0	0	0	3	3	0	3	0	0	3	0	0	0	0	0	0	1	3	0	3	1
"cell550"	0	3	0	0	1	0	0	0	1	1	3	1	1	1	3	1	0	0	0	0	0	3	0	0	0	3	0	3	3	1	0	0	0	0	0	1	3	1	1	3
"cell551"	0	0	0	0	1	1	1	1	3	1	1	1	1	1	1	1	0	0	0	0	0	0	0	0	0	0	0	0	0	0	1	0	0	0	0	1	0	0	1	0
"cell552"	0	0	3	0	1	3	1	1	0	3	1	3	0	1	1	3	0	0	0	0	0	0	0	0	0	0	0	0	0	0	0	0	0	0	0	3	1	1	1	0
"cell553"	0	0	0	0	3	1	1	1	1	1	1	1	3	3	1	0	0	0	0	3	0	3	0	3	0	0	0	3	3	0	0	0	0	0	0	3	3	1	0	1
"cell554"	0	0	3	0	0	0	1	1	1	3	0	3	0	3	1	1	0	0	1	0	0	0	0	0	0	3	0	0	0	0	0	0	3	0	0	1	1	1	1	1
"cell555"	0	1	0	0	1	1	3	3	1	1	1	1	1	3	1	1	0	3	0	0	0	0	0	1	0	0	0	0	0	0	0	0	0	0	3	3	1	0	3	1
"cell556"	0	3	3	0	1	1	1	1	3	1	3	1	0	1	1	1	3	0	3	0	0	0	0	0	3	0	0	0	3	0	0	0	1	0	0	1	1	1	1	0
"cell557"	0	3	0	0	1	1	3	1	1	0	1	1	3	1	3	1	3	3	0	0	0	0	3	3	0	3	0	0	0	0	0	0	0	3	0	3	1	0	1	3
"cell558"	0	3	0	1	0	3	1	3	1	0	3	1	1	1	1	1	1	0	3	3	1	0	0	0	0	3	0	0	3	3	1	0	3	0	0	1	1	3	0	3
"cell559"	3	0	0	0	3	1	1	1	1	0	3	3	1	1	3	0	0	0	0	3	0	0	0	3	0	1	0	0	0	3	0	0	0	0	1	1	1	3	1	0
"cell560"	0	3	0	3	1	1	3	1	3	3	3	1	1	3	0	1	0	0	3	0	3	0	3	0	3	3	3	0	0	0	0	0	0	1	0	1	1	1	1	1
"cell561"	0	0	3	0	1	3	1	3	1	1	3	1	1	1	1	0	0	1	3	0	0	0	0	0	0	0	1	0	0	0	0	0	0	0	0	0	1	1	0	1
"cell562"	3	0	3	3	1	1	0	1	0	1	1	1	1	1	3	1	0	0	0	0	0	0	0	0	0	0	0	3	0	3	0	0	0	0	0	1	0	3	1	1
"cell563"	0	0	0	3	1	1	1	1	1	3	1	0	3	1	1	1	0	0	0	0	0	3	0	3	0	3	0	0	0	0	3	0	0	0	3	1	1	3	1	0
"cell564"	0	0	0	0	1	1	1	1	1	1	1	1	1	1	0	1	0	0	0	0	1	3	0	0	0	3	3	3	0	0	3	3	3	0	0	3	1	1	1	1
"cell565"	0	0	3	0	1	1	1	3	1	3	1	1	1	1	1	3	0	0	0	0	0	3	0	0	0	0	3	3	0	0	3	0	0	1	0	1	1	0	0	1
"cell566"	0	0	0	3	1	1	3	1	1	0	0	1	3	3	1	1	3	0	0	0	0	0	0	0	0	3	0	0	0	0	0	0	0	1	3	0	0	3	1	1
"cell567"	0	3	0	0	1	1	0	3	1	1	1	1	1	3	1	3	0	0	3	0	0	0	0	0	0	0	0	0	0	0	0	0	3	3	0	1	1	3	1	0
"cell568"	0	1	0	0	0	1	3	1	1	1	0	1	1	0	0	1	0	0	1	0	3	0	0	0	3	0	3	3	0	0	0	3	3	3	0	1	0	0	1	1
"cell569"	0	0	0	0	1	1	1	3	1	1	1	1	3	1	1	1	0	0	0	0	0	0	0	3	0	0	0	0	0	0	3	0	1	0	0	1	3	1	1	1
"cell570"	3	3	0	0	3	0	0	1	3	1	1	1	1	1	1	1	3	0	3	0	0	0	0	0	0	1	0	0	3	0	0	0	0	0	0	1	1	1	0	3
"cell571"	0	3	0	0	1	0	1	1	0	1	1	3	1	3	1	1	0	0	3	0	3	0	0	3	3	0	0	0	0	0	0	0	0	0	1	1	1	0	1	1
"cell572"	0	0	0	0	1	1	1	1	1	1	0	1	1	1	1	3	0	0	0	3	0	0	3	0	0	0	3	0	0	3	0	0	0	0	0	1	3	1	1	0
"cell573"	0	0	0	3	3	3	1	1	1	1	0	1	0	0	1	1	0	0	0	0	0	0	0	0	0	0	3	0	0	0	0	3	0	0	0	1	0	3	1	3
"cell574"	0	0	0	0	1	1	1	1	1	1	1	1	1	3	1	1	0	0	0	0	3	0	0	0	0	1	3	0	0	3	0	3	0	0	3	3	3	1	1	0
"cell575"	0	3	0	0	3	1	1	1	3	1	0	1	1	3	0	1	0	0	0	3	0	0	0	0	0	0	0	3	0	0	0	0	0	0	0	3	1	0	1	3
"cell576"	3	0	0	0	1	1	1	1	1	1	3	1	1	1	1	1	3	0	0	3	0	0	0	0	0	0	0	3	0	3	3	3	0	0	0	1	1	1	1	1
"cell577"	1	3	0	0	1	0	1	1	1	1	1	0	1	1	3	1	0	3	0	0	0	0	0	1	0	0	0	0	3	3	0	3	3	0	1	1	1	0	3	3
"cell578"	0	0	0	1	1	1	3	1	1	0	1	1	1	1	1	1	3	0	0	0	0	0	0	0	0	1	0	0	1	0	3	0	0	0	3	3	1	0	1	1
"cell579"	0	0	0	0	0	0	1	1	3	1	1	1	1	0	0	1	0	0	0	0	0	0	0	0	0	0	0	0	3	0	3	1	0	0	0	0	1	1	1	0
"cell580"	1	0	0	0	3	3	1	0	3	1	3	1	1	0	1	1	0	0	0	0	0	0	3	0	0	3	0	0	0	3	0	0	0	0	0	0	0	1	1	0
"cell581"	0	0	3	3	1	1	1	1	1	1	3	0	1	1	0	0	0	0	0	3	0	0	0	0	0	0	3	0	0	0	0	0	0	0	3	3	1	0	1	1
"cell582"	0	0	1	0	1	1	1	1	3	0	1	1	1	1	1	1	0	3	3	0	0	0	0	0	3	0	0	3	0	0	0	3	0	1	3	1	1	1	1	1
"cell583"	3	0	3	0	1	1	0	1	3	1	0	1	1	1	1	1	3	0	1	3	0	0	0	0	0	0	0	0	0	0	0	3	0	0	3	1	1	1	1	3
"cell584"	0	0	0	0	1	1	1	1	3	0	1	1	1	3	0	1	0	3	0	1	3	3	0	0	3	3	0	0	1	0	0	0	0	0	0	0	1	0	1	1
"cell585"	0	0	0	0	1	3	1	3	0	1	3	3	1	1	1	1	0	1	0	0	0	3	0	0	3	0	0	3	0	0	0	3	0	0	0	1	1	1	0	1
"cell586"	0	0	0	0	1	1	3	1	1	1	1	1	1	0	1	1	0	0	3	3	0	0	0	0	0	0	0	0	0	0	3	3	0	0	3	0	3	0	3	1
"cell587"	0	0	0	0	0	1	1	0	3	1	0	1	1	1	3	1	0	3	0	0	0	0	0	0	0	0	0	0	0	0	0	0	0	0	0	1	1	1	1	1
"cell588"	0	0	0	0	1	1	3	3	1	1	1	3	1	1	3	1	0	0	0	0	0	0	0	0	0	0	0	0	0	0	3	0	0	3	0	3	3	0	1	3
"cell589"	1	3	3	0	1	1	0	1	3	1	1	3	1	3	1	3	3	0	0	0	0	0	0	3	0	3	0	0	0	1	0	0	0	0	0	1	0	1	1	1
"cell590"	0	0	3	1	1	1	1	0	1	1	1	1	0	3	1	1	0	0	0	0	0	0	0	0	0	0	1	0	3	0	0	0	0	0	3	1	3	3	1	1
"cell591"	0	0	0	0	1	1	1	1	1	1	1	1	1	1	1	1	0	3	3	3	0	0	0	3	0	0	0	0	0	0	0	3	3	0	3	1	1	1	1	1
"cell592"	0	0	3	3	1	3	1	1	1	3	1	3	3	0	1	3	0	0	0	0	0	0	0	0	0	0	0	3	3	0	3	0	1	0	0	1	1	1	1	1
"cell593"	0	0	3	0	1	1	1	1	1	1	3	1	1	1	1	3	0	3	0	3	3	0	3	0	0	0	3	0	0	0	0	0	0	0	0	0	1	0	1	1
"cell594"	3	0	0	0	0	1	0	1	3	1	3	1	1	3	1	1	3	0	0	0	0	0	3	3	3	0	0	0	0	0	3	0	0	0	0	1	1	1	1	1
"cell595"	0	0	1	0	1	1	0	0	1	1	3	0	1	0	3	0	0	3	1	0	0	0	0	0	3	0	0	0	3	0	0	0	0	0	3	1	0	0	1	0
"cell596"	0	3	0	3	1	1	3	0	3	1	1	1	3	1	1	1	3	0	0	0	0	0	0	0	0	0	0	3	0	3	0	0	0	3	3	1	0	1	1	1
"cell597"	0	0	0	3	1	1	1	1	3	1	3	1	0	3	3	1	0	0	0	0	3	0	0	3	0	0	0	0	0	0	0	0	0	0	0	1	1	1	3	1
"cell598"	0	0	0	3	3	0	3	1	3	0	1	0	1	1	1	1	0	0	0	0	0	0	0	0	3	0	0	3	0	0	3	0	0	1	0	1	0	1	1	1
"cell599"	0	0	0	0	1	1	1	3	1	3	1	1	0	1	0	3	3	3	0	0	0	3	0	0	0	3	0	0	0	0	0	3	0	0	0	1	1	1	3	0
"cell600"	0	0	0	0	1	1	1	1	3	1	1	1	3	1	0	1	0	0	0	0	1	0	0	0	0	0	0	1	0	0	0	0	0	0	0	1	3	0	0	1
