""	"SNV0"	"SNV1"	"SNV2"	"SNV3"	"SNV4"	"SNV5"	"SNV6"	"SNV7"	"SNV8"	"SNV9"	"SNV10"	"SNV11"	"SNV12"	"SNV13"	"SNV14"	"SNV15"	"SNV16"	"SNV17"	"SNV18"	"SNV19"	"SNV20"	"SNV21"	"SNV22"	"SNV23"	"SNV24"	"SNV25"	"SNV26"	"SNV27"	"SNV28"	"SNV29"	"SNV30"	"SNV31"	"SNV32"	"SNV33"	"SNV34"	"SNV35"	"SNV36"	"SNV37"	"SNV38"	"SNV39"	"SNV40"	"SNV41"	"SNV42"	"SNV43"	"SNV44"	"SNV45"	"SNV46"	"SNV47"	"SNV48"	"SNV49"	"SNV50"	"SNV51"	"SNV52"	"SNV53"	"SNV54"	"SNV55"	"SNV56"	"SNV57"	"SNV58"
"cell1"	0	1	1	3	0	0	3	0	0	0	3	0	0	0	0	0	0	0	0	0	3	3	0	0	0	0	3	0	3	0	3	0	0	0	3	0	0	3	3	0	0	0	0	3	0	0	0	3	0	0	0	0	0	3	0	3	3	0	0
"cell2"	1	0	3	1	0	0	0	0	0	0	0	3	0	3	0	3	3	0	0	0	3	0	3	1	3	0	0	0	0	0	0	0	0	3	0	0	0	0	0	0	0	0	3	0	0	3	0	0	3	0	0	0	0	3	0	0	0	3	3
"cell3"	1	3	0	1	0	3	0	0	0	0	0	0	0	0	0	0	0	0	0	3	0	0	3	0	0	1	0	0	1	3	0	0	3	0	0	0	0	0	3	0	0	0	3	0	0	0	0	0	0	0	0	0	0	0	0	3	0	0	0
"cell4"	3	1	1	1	0	0	0	0	0	0	3	0	0	3	3	3	0	0	0	0	0	0	0	0	0	3	0	3	0	0	3	0	0	0	0	0	3	0	3	0	0	0	0	0	0	0	0	3	0	0	0	3	0	0	0	0	0	0	0
"cell5"	0	1	1	1	0	0	3	3	0	0	0	0	3	0	0	0	0	0	3	0	0	0	0	0	0	0	0	0	0	0	0	0	0	0	0	0	3	3	3	0	3	3	3	0	0	0	3	0	0	0	0	3	0	3	3	3	0	0	0
"cell6"	1	1	1	1	3	3	0	0	0	0	3	0	0	0	0	0	0	0	0	0	0	3	0	0	0	0	0	3	0	0	0	0	0	0	3	3	0	3	0	0	3	0	0	0	0	0	0	0	0	0	0	3	0	0	3	0	0	0	0
"cell7"	1	1	1	1	0	0	3	0	3	0	0	0	0	0	0	3	0	0	0	3	0	0	0	0	3	3	0	0	0	0	0	0	0	0	0	0	0	3	0	3	3	0	3	0	0	0	0	0	3	0	0	0	0	0	0	0	0	0	0
"cell8"	1	1	1	3	0	0	3	0	0	0	0	3	0	3	0	0	0	0	0	0	3	3	0	3	0	3	3	0	3	3	3	0	0	0	0	0	0	0	0	0	0	0	3	0	0	3	0	0	3	0	0	3	0	3	3	0	0	0	0
"cell9"	1	1	1	1	0	0	0	0	0	0	0	0	3	0	0	0	0	0	3	0	3	0	0	0	0	0	3	0	0	0	3	0	3	0	0	0	0	0	0	3	0	0	0	3	0	0	0	0	0	0	0	3	3	3	3	3	0	0	0
"cell10"	3	1	1	1	0	3	0	0	0	0	0	0	3	0	3	0	0	3	3	3	0	0	0	0	0	0	0	0	0	0	0	3	3	0	3	0	0	3	0	0	3	0	0	0	0	0	0	3	0	0	0	0	0	0	0	0	0	3	0
"cell11"	1	1	1	1	0	0	0	0	0	0	0	0	0	0	0	0	0	0	0	0	0	3	0	0	3	0	0	0	3	0	0	0	0	3	0	0	0	0	0	3	0	0	0	3	0	0	0	0	0	0	0	3	0	0	0	0	0	0	0
"cell12"	3	0	3	1	0	0	3	0	0	0	0	0	3	0	0	3	0	0	0	0	0	0	3	0	0	0	0	3	0	3	3	0	0	3	0	3	0	0	3	0	0	0	0	0	3	0	0	3	0	3	0	3	0	0	0	0	3	3	0
"cell13"	1	0	0	3	0	0	3	0	0	0	0	0	3	0	0	0	0	0	0	0	0	3	0	0	0	0	0	0	0	0	0	0	0	0	0	0	0	0	0	0	0	0	0	0	0	0	3	3	0	0	3	0	0	3	0	0	3	3	3
"cell14"	1	1	1	3	3	0	3	3	0	0	0	0	0	0	0	0	0	0	0	0	0	0	0	0	3	0	0	0	0	0	0	0	0	0	0	1	0	3	0	3	3	0	0	0	0	3	0	0	3	0	0	0	0	0	0	3	0	0	0
"cell15"	1	3	0	1	3	3	0	0	3	3	0	3	0	0	0	0	0	0	0	0	0	0	0	0	0	0	3	0	0	3	3	0	3	3	3	0	0	0	0	0	0	0	0	0	0	0	0	3	0	0	0	0	0	0	3	3	0	0	0
"cell16"	1	0	0	3	3	3	0	3	0	0	0	0	0	3	3	0	0	0	0	0	0	0	0	0	0	0	0	0	0	0	0	0	0	0	3	0	0	0	0	3	0	0	3	0	0	0	0	0	3	0	0	0	0	0	0	0	0	0	0
"cell17"	0	3	1	1	0	0	0	0	0	0	0	0	0	0	0	0	3	0	0	0	0	0	0	0	0	0	0	0	0	0	3	0	0	3	0	3	0	0	0	0	0	0	0	0	0	0	3	0	3	0	0	0	0	0	3	0	0	0	0
"cell18"	0	1	3	1	0	0	0	0	3	0	0	3	0	0	0	0	0	0	0	0	0	0	0	3	0	0	0	3	3	0	0	0	0	0	0	0	0	0	3	0	0	0	3	3	3	0	3	0	3	1	0	0	0	0	0	0	3	3	0
"cell19"	3	3	3	0	3	0	0	0	1	0	0	3	3	3	3	0	0	0	0	0	3	0	0	0	0	0	0	0	0	0	0	0	3	0	0	0	0	3	0	0	0	0	0	0	0	3	3	0	0	0	0	0	0	0	3	0	0	3	0
"cell20"	1	3	3	1	3	0	0	3	0	0	0	0	3	0	3	0	0	0	0	3	0	0	0	0	0	0	0	0	0	0	0	0	3	0	0	0	0	0	0	0	0	0	0	0	0	0	0	0	0	3	0	0	0	0	0	3	0	0	3
"cell21"	0	1	3	3	0	0	0	3	0	0	3	0	0	3	0	0	0	0	0	3	0	0	0	3	0	0	0	3	0	0	0	0	0	0	0	3	0	0	0	0	3	0	0	0	0	0	0	0	0	0	0	0	0	0	0	0	0	0	0
"cell22"	1	3	0	0	0	0	0	0	0	3	3	0	0	0	3	3	0	0	0	0	0	0	3	0	0	3	3	3	0	0	0	0	3	0	0	0	0	0	0	0	0	0	0	0	3	0	3	3	0	0	0	3	0	0	3	0	0	3	0
"cell23"	3	1	1	3	0	0	0	0	0	3	0	3	3	0	3	0	0	0	0	0	0	0	0	0	0	0	0	0	0	0	0	0	0	0	0	0	0	0	3	0	0	0	0	0	0	0	0	0	0	0	0	0	0	0	0	0	3	0	0
"cell24"	0	1	1	1	0	0	0	0	0	0	0	0	0	0	3	0	3	0	0	0	3	0	3	0	0	0	0	0	0	0	3	0	0	0	0	0	0	0	0	0	0	0	0	0	3	0	0	0	0	0	0	0	3	0	0	0	0	0	0
"cell25"	1	1	1	3	0	0	0	0	0	0	0	3	3	0	0	0	3	0	0	0	3	0	0	0	3	0	0	0	0	3	0	0	0	0	0	0	0	0	0	0	3	0	0	0	0	0	0	0	0	0	0	0	0	0	3	0	0	3	3
"cell26"	1	1	1	3	0	3	0	0	3	3	3	0	0	0	0	0	0	0	0	0	0	0	3	0	0	0	0	0	0	0	0	3	3	3	0	0	0	0	0	0	0	0	0	0	0	0	0	0	0	0	0	0	0	0	0	3	0	0	0
"cell27"	1	1	1	0	3	0	0	0	0	0	0	3	0	0	0	0	3	3	0	0	0	0	3	3	0	3	0	3	0	0	0	0	3	0	0	0	3	0	0	0	0	0	0	0	0	3	0	0	3	0	0	3	0	0	0	3	0	0	0
"cell28"	0	1	1	3	3	0	0	0	0	0	1	0	0	0	0	0	3	0	0	0	0	0	0	0	0	0	0	0	0	3	0	0	0	0	0	0	0	0	3	0	0	3	0	0	0	3	0	0	0	0	3	3	0	3	0	0	0	3	0
"cell29"	1	1	1	1	0	0	3	3	0	1	3	1	1	1	1	1	1	0	3	0	0	1	1	1	3	0	3	0	0	0	0	0	0	0	0	0	3	0	0	3	0	0	0	0	0	0	0	3	0	0	0	0	0	0	3	0	3	3	0
"cell30"	3	1	3	1	0	3	0	0	3	3	1	1	1	3	3	3	3	0	1	1	1	1	1	1	0	0	0	0	0	0	0	0	0	0	0	0	0	0	0	0	0	0	0	0	0	0	0	3	0	0	0	0	0	0	0	0	0	0	0
"cell31"	0	1	0	1	0	0	0	0	3	0	3	3	1	1	1	3	1	0	3	0	1	1	3	3	0	0	0	0	0	0	0	3	0	0	0	0	3	0	0	0	0	0	0	0	0	0	0	0	3	0	0	0	0	3	0	0	0	3	0
"cell32"	1	1	1	1	0	0	0	0	0	1	1	1	3	1	1	1	1	1	0	0	3	3	0	1	0	0	3	0	0	0	0	0	0	0	0	3	0	0	0	0	3	0	0	0	3	0	0	3	0	0	0	0	0	0	0	0	3	0	0
"cell33"	0	0	3	0	1	0	3	1	1	0	0	0	3	0	0	0	0	0	0	0	0	0	0	0	1	3	0	3	1	0	3	0	0	0	3	0	0	0	0	0	0	0	0	0	0	0	0	0	0	0	0	0	0	0	0	0	0	3	3
"cell34"	0	0	0	0	0	0	1	1	1	3	0	0	0	3	0	0	0	3	0	3	0	3	0	0	1	1	1	1	1	1	0	3	3	0	0	0	0	0	0	0	0	0	0	3	0	0	0	3	0	0	0	0	0	1	3	0	0	0	0
"cell35"	0	0	0	3	1	0	1	1	0	0	0	0	0	0	3	3	0	0	0	3	0	0	0	3	0	1	1	1	3	1	0	0	0	0	0	0	0	0	0	0	0	0	0	0	0	0	0	0	3	3	3	0	3	0	0	3	0	0	0
"cell36"	0	0	0	0	1	3	1	0	3	0	0	0	0	0	0	0	0	3	0	0	0	0	1	3	1	1	1	1	0	1	3	0	0	3	0	0	3	0	0	0	0	0	0	3	0	3	0	3	0	0	0	0	3	0	0	0	0	0	0
"cell37"	0	0	0	0	1	1	0	1	3	0	3	3	0	0	3	3	0	0	0	0	0	0	0	0	3	0	3	1	1	1	0	3	0	0	3	0	3	0	0	3	0	0	0	0	0	0	0	3	0	3	0	0	0	3	0	3	0	0	0
"cell38"	0	3	0	0	3	1	3	0	3	0	3	0	0	0	0	0	0	0	0	0	0	0	0	0	1	1	1	1	0	0	3	0	0	3	0	0	0	3	0	0	0	0	0	0	0	0	0	0	0	0	0	0	3	0	3	0	0	0	0
"cell39"	0	0	0	0	3	1	1	1	1	3	0	3	0	0	0	3	3	3	0	0	0	3	0	3	3	3	0	3	1	3	1	0	0	3	0	0	0	1	0	0	0	3	0	0	0	0	0	0	0	0	0	0	0	0	0	0	0	0	0
"cell40"	0	0	0	0	1	0	1	1	3	0	3	0	0	0	3	3	3	0	0	0	3	0	0	3	1	1	3	1	0	1	3	0	0	0	0	0	0	0	3	3	0	0	0	0	0	0	0	3	0	0	0	0	0	0	3	0	0	0	0
"cell41"	0	0	0	0	3	1	1	1	1	0	0	0	0	0	0	3	3	3	0	0	3	3	3	3	1	1	3	3	1	0	0	0	0	0	0	0	0	0	0	0	3	0	3	0	0	0	0	3	3	0	0	0	0	3	0	0	0	0	0
"cell42"	3	0	0	0	0	1	0	1	1	0	0	0	3	0	0	0	0	0	0	0	3	0	3	0	1	1	3	0	1	1	0	0	0	0	3	0	0	0	3	3	0	3	0	0	0	3	0	3	0	0	0	0	3	3	3	0	0	0	0
"cell43"	0	0	3	0	1	1	1	3	1	0	0	3	0	0	0	0	0	3	0	0	0	3	0	3	1	1	1	1	0	1	3	0	0	0	3	0	0	0	0	0	0	0	0	0	0	3	0	0	0	0	3	0	0	0	3	3	0	0	0
"cell44"	0	0	0	3	1	1	0	1	1	3	0	0	0	0	0	0	0	0	0	0	0	0	3	0	3	3	0	1	1	1	0	0	3	3	0	3	3	0	3	0	0	0	0	0	0	0	0	0	0	3	0	0	0	0	0	0	0	0	0
"cell45"	3	3	3	0	0	1	1	1	1	0	0	0	0	0	0	0	0	0	0	0	0	0	0	0	1	0	1	0	1	3	3	0	0	0	0	3	0	0	0	0	0	0	3	3	3	0	0	3	0	0	3	0	0	3	3	3	0	0	0
"cell46"	0	0	0	3	1	0	1	0	3	3	3	0	0	0	0	0	0	0	0	0	3	0	3	0	1	1	0	1	1	1	0	3	3	0	0	0	0	0	3	0	0	3	0	0	3	0	3	3	0	0	0	0	0	3	0	0	0	0	0
"cell47"	3	3	3	0	1	1	1	1	1	0	0	3	3	0	0	3	0	0	0	0	0	0	0	0	1	0	1	3	1	1	0	0	0	0	0	0	3	0	1	3	0	0	0	3	0	3	0	0	0	3	0	3	0	0	0	0	0	0	0
"cell48"	0	0	0	0	1	1	0	1	1	0	0	0	0	0	0	0	0	0	0	3	0	3	0	0	3	0	1	0	3	1	0	0	3	0	3	3	0	0	0	3	0	0	0	0	0	0	0	0	0	0	3	0	0	0	0	0	0	0	0
"cell49"	0	0	0	0	1	1	3	1	0	0	0	0	0	0	0	0	0	0	0	0	0	0	3	0	3	0	1	1	1	1	3	3	0	0	1	0	0	0	0	0	0	0	0	0	3	0	0	3	0	0	0	0	0	0	0	0	0	0	0
"cell50"	0	0	0	0	3	1	0	1	0	3	3	0	3	0	0	3	0	0	0	0	0	0	0	0	1	1	1	1	1	3	0	3	0	0	0	0	3	0	3	0	0	0	3	0	0	0	0	0	0	3	0	0	0	0	0	0	0	0	0
"cell51"	0	3	0	3	1	3	1	3	1	0	0	0	0	0	0	3	0	3	0	0	0	0	3	0	1	1	1	0	1	1	0	0	0	3	0	3	0	0	0	0	0	0	3	1	0	0	0	0	0	0	0	0	3	0	0	0	0	0	0
"cell52"	3	0	0	3	0	1	3	1	1	0	0	0	3	0	0	0	0	0	0	0	0	0	0	0	1	1	3	1	3	3	0	0	0	3	0	0	0	0	0	0	0	0	0	3	3	0	0	0	0	1	0	0	3	3	3	0	0	0	0
"cell53"	3	0	0	0	1	1	1	1	1	0	0	0	0	0	3	0	0	3	0	3	0	3	0	0	1	0	1	1	0	1	0	3	0	0	0	0	0	0	0	3	0	0	3	0	0	0	0	3	3	0	0	0	0	0	0	0	0	0	3
"cell54"	0	0	3	3	1	1	3	1	1	0	0	0	0	0	0	0	0	0	0	0	0	0	0	0	1	1	3	3	0	0	0	0	0	0	0	0	3	0	0	0	0	0	0	0	0	3	3	0	0	0	3	0	0	0	0	0	0	0	0
"cell55"	3	3	0	3	1	1	1	1	0	0	0	0	3	3	0	0	3	0	0	3	0	0	0	0	1	1	3	1	1	1	0	0	0	0	0	1	0	0	3	0	0	0	0	3	0	0	0	0	0	0	0	0	0	0	0	0	0	0	0
"cell56"	0	0	0	0	1	1	1	1	1	0	3	0	0	0	3	0	0	0	3	0	0	0	3	0	0	0	3	1	1	3	3	0	0	0	3	3	0	3	0	0	0	0	0	0	0	0	0	0	0	0	0	0	0	0	0	3	0	0	0
"cell57"	3	0	3	0	3	3	3	1	1	0	0	0	0	0	1	0	0	0	0	0	0	3	0	0	3	1	1	3	1	3	0	0	0	0	3	0	0	3	0	0	0	0	0	0	0	0	0	3	0	0	0	0	0	3	0	3	0	0	0
"cell58"	3	0	0	0	1	1	1	1	1	0	0	0	0	0	0	0	0	0	0	3	0	0	0	0	0	3	0	1	1	1	0	0	0	0	0	0	0	0	0	0	0	0	0	0	3	0	0	0	0	0	0	3	0	0	0	3	3	3	3
"cell59"	3	0	0	0	1	1	1	3	1	3	0	0	0	0	3	0	0	0	3	0	3	0	0	0	1	1	3	0	3	3	0	0	0	0	0	0	0	0	0	0	0	3	0	3	0	0	0	0	0	3	0	3	0	0	0	3	0	0	0
"cell60"	0	3	3	0	1	0	1	3	3	0	0	0	0	0	3	0	0	3	0	0	0	0	0	0	0	1	3	1	3	3	0	0	0	0	0	0	0	0	0	0	0	0	0	3	0	0	0	0	0	0	0	0	0	3	0	0	0	1	0
"cell61"	0	0	3	0	1	1	3	1	1	1	0	0	1	0	0	3	3	0	0	0	0	0	3	3	1	1	1	3	0	1	0	0	0	0	0	0	0	0	0	0	0	0	0	3	3	3	3	0	0	3	3	0	0	0	3	0	0	0	0
"cell62"	0	0	3	0	3	3	3	1	0	0	0	0	0	3	0	3	0	0	0	0	0	0	0	0	1	1	1	1	3	1	3	0	0	3	0	0	0	0	0	0	0	3	0	0	0	0	0	0	3	0	0	0	3	0	0	0	0	0	0
"cell63"	0	0	0	0	1	3	0	1	1	3	3	0	3	0	0	0	3	0	0	0	0	3	0	0	1	0	1	0	3	1	0	3	0	0	0	0	0	0	0	0	3	0	0	0	3	0	3	0	3	0	0	3	3	0	0	0	0	0	0
"cell64"	3	0	0	0	1	1	0	1	1	0	0	0	0	0	0	0	0	3	0	3	0	3	0	3	1	1	3	1	3	1	3	0	0	0	3	3	0	3	0	0	0	0	0	0	0	0	0	0	0	0	0	0	0	3	0	0	0	0	0
"cell65"	0	0	0	0	1	1	1	3	3	1	0	3	0	0	0	3	0	0	0	0	0	0	0	0	1	0	1	1	3	0	3	0	0	0	0	0	0	0	0	0	0	0	0	0	0	0	0	0	0	0	0	3	0	3	0	0	3	0	0
"cell66"	0	0	0	3	1	1	3	3	1	0	0	0	0	0	0	3	3	0	0	3	0	3	0	3	0	0	0	3	3	3	3	1	0	1	1	1	1	3	3	1	3	0	0	0	0	0	3	0	0	0	3	0	0	0	0	0	0	3	3
"cell67"	0	3	0	0	1	0	1	1	1	0	0	0	0	0	0	0	0	3	0	3	3	0	0	0	0	0	3	0	0	0	1	1	3	3	0	1	1	0	3	1	0	0	3	0	0	3	0	0	1	0	0	0	0	0	0	0	0	3	0
"cell68"	0	0	0	0	1	1	1	1	3	0	0	0	0	0	0	0	3	0	0	0	0	0	0	0	0	0	3	0	3	0	1	1	3	3	3	1	1	3	0	1	0	0	0	0	0	0	0	0	0	0	0	0	0	0	3	0	0	0	0
"cell69"	3	0	0	0	1	3	3	0	0	0	0	0	0	0	3	0	0	0	0	0	0	0	3	0	0	0	0	0	0	0	3	1	0	3	1	3	0	1	3	1	0	0	3	0	0	0	0	0	0	0	0	0	3	0	0	0	0	3	0
"cell70"	3	0	0	3	1	0	3	3	3	0	3	0	3	0	0	0	0	0	0	0	0	0	3	0	0	0	0	0	0	0	1	0	3	0	1	0	3	1	3	3	3	0	0	0	0	0	0	0	0	3	0	0	0	0	0	0	0	0	3
"cell71"	0	0	3	0	1	0	3	1	1	3	0	0	3	3	0	0	0	0	0	0	3	0	0	0	0	0	0	0	0	0	3	3	1	1	1	1	1	1	1	1	0	3	3	0	0	0	0	0	0	0	0	3	0	0	0	0	0	0	0
"cell72"	0	0	0	0	1	1	3	3	0	3	0	0	0	0	3	0	0	1	0	0	3	0	3	3	0	0	0	0	0	0	1	1	1	1	1	1	1	0	1	1	0	0	0	3	0	0	3	0	3	3	0	0	3	0	0	0	0	0	3
"cell73"	0	0	0	0	1	3	1	0	1	0	0	3	3	0	0	0	0	3	3	3	0	0	0	0	0	0	0	3	0	0	0	1	1	3	0	1	1	0	1	1	0	0	0	3	0	0	0	3	0	0	0	0	0	3	0	0	0	3	0
"cell74"	3	0	0	0	1	1	3	0	3	0	0	0	3	0	3	3	3	0	3	0	0	0	0	0	3	3	0	3	0	0	1	1	1	1	1	0	3	1	0	3	3	0	3	3	0	0	0	3	3	0	3	3	0	0	0	0	0	0	0
"cell75"	0	0	0	3	1	1	1	1	1	0	0	0	1	0	0	3	0	0	0	0	0	0	0	3	0	0	3	0	0	0	0	1	3	3	0	1	1	0	3	0	0	0	0	0	0	0	0	0	0	0	0	3	0	0	3	3	0	0	0
"cell76"	0	0	0	0	0	1	0	1	3	0	0	0	3	0	0	3	0	0	0	0	3	0	0	0	3	0	0	0	0	0	0	1	1	1	1	1	1	1	3	3	0	0	0	0	0	0	0	3	0	0	0	0	0	0	0	0	3	3	0
"cell77"	0	0	0	0	0	0	3	0	3	3	0	3	0	0	0	3	0	0	0	3	3	3	0	0	3	3	3	0	0	0	1	1	3	3	1	1	1	1	3	1	0	0	0	0	0	0	0	0	0	0	3	0	0	0	0	0	0	0	0
"cell78"	0	0	0	0	3	1	3	1	1	0	0	0	0	0	3	3	0	0	0	0	0	3	0	0	0	0	0	3	1	3	1	1	3	1	1	1	1	1	1	3	0	0	0	0	3	0	0	3	0	0	0	0	0	0	3	0	0	3	0
"cell79"	0	0	0	0	1	1	1	1	0	0	0	0	0	0	0	0	0	0	0	3	0	0	3	3	3	0	0	0	0	0	1	3	1	3	1	3	0	1	1	3	0	0	3	3	0	0	0	0	0	0	0	0	0	0	0	0	3	3	0
"cell80"	3	0	3	0	0	3	1	3	1	0	0	0	3	0	0	0	0	0	0	3	0	0	3	0	0	0	3	0	3	3	1	3	0	1	0	1	1	1	1	1	0	0	3	3	0	0	3	0	0	0	0	0	0	0	0	0	0	0	0
"cell81"	0	0	0	0	1	0	0	1	0	3	0	0	0	0	0	0	0	3	0	0	0	0	0	3	0	0	0	0	0	3	1	1	1	3	1	1	3	3	0	1	3	0	0	0	0	0	0	0	0	0	0	3	3	0	3	0	0	0	3
"cell82"	0	0	0	0	3	0	0	3	3	0	0	0	0	0	0	0	0	0	0	0	3	0	0	3	0	0	0	0	3	0	1	3	1	1	3	0	1	0	0	3	0	0	0	0	0	0	3	0	3	0	0	0	0	0	0	0	3	0	0
"cell83"	0	0	0	0	3	1	1	1	1	0	0	0	0	0	3	0	0	0	0	0	0	0	0	0	3	0	0	0	0	3	1	1	1	1	1	1	1	1	1	3	0	3	3	0	0	3	0	3	0	0	0	3	3	0	0	0	0	3	0
"cell84"	3	0	0	0	1	3	1	1	3	0	3	0	0	0	3	0	3	3	0	0	0	0	0	0	3	0	0	0	0	0	1	1	1	1	0	1	1	1	3	0	3	0	3	0	0	0	3	3	0	0	3	0	3	3	0	0	0	0	3
"cell85"	0	3	0	0	1	0	1	1	1	0	0	3	0	0	0	0	0	0	0	0	0	0	0	3	0	0	3	3	0	0	3	1	1	1	1	1	1	0	1	1	0	0	0	0	0	0	0	3	0	0	3	0	0	0	0	0	0	3	3
"cell86"	0	0	0	0	1	1	3	0	1	0	0	0	0	0	0	0	0	0	0	3	0	0	0	0	3	0	0	0	3	0	1	1	1	1	1	1	1	1	3	3	0	0	0	0	0	0	0	0	0	0	0	0	0	0	0	0	0	3	0
"cell87"	0	0	0	0	1	1	1	1	3	0	0	0	0	3	0	0	0	3	3	0	0	0	0	0	0	0	0	0	0	3	0	3	3	1	0	3	3	1	0	0	3	3	0	0	3	1	0	0	3	0	0	0	3	0	0	0	3	0	0
"cell88"	0	3	0	0	1	1	1	1	1	0	0	3	0	0	3	3	0	0	0	0	3	0	0	0	0	0	0	0	0	3	1	3	3	1	0	3	1	0	1	0	3	0	0	3	0	0	0	0	0	0	0	0	0	3	0	0	0	0	0
"cell89"	0	0	0	0	1	0	1	1	3	0	0	0	0	0	3	0	0	0	0	0	0	0	3	3	3	0	0	0	0	0	3	1	1	3	3	1	1	1	1	0	3	3	0	0	3	0	3	0	0	0	0	3	0	0	3	0	0	3	0
"cell90"	0	0	0	3	1	1	1	1	3	0	3	0	0	0	0	0	3	3	0	0	0	0	0	3	0	0	0	0	3	0	1	1	1	1	1	1	0	0	1	3	0	0	0	0	0	3	0	3	3	3	0	0	0	0	0	0	0	0	0
"cell91"	0	0	0	0	1	1	0	1	1	3	0	0	0	0	3	0	0	3	3	3	0	0	0	0	0	0	0	0	0	0	0	1	3	3	0	3	1	0	3	0	0	0	0	0	0	0	3	0	0	0	0	0	0	0	0	0	0	0	0
"cell92"	0	3	3	0	1	3	1	1	1	0	0	0	0	3	0	0	0	3	0	3	3	3	0	3	3	0	0	3	0	0	1	1	0	0	1	0	3	1	1	1	0	0	0	0	0	3	0	0	0	0	0	0	3	3	3	3	0	3	3
"cell93"	3	3	3	3	1	3	1	1	1	0	0	0	0	0	0	3	3	0	3	0	0	0	0	0	3	0	3	0	3	3	1	1	1	0	1	0	3	3	3	3	0	0	3	0	0	3	3	0	0	0	0	0	0	3	0	0	0	3	0
"cell94"	3	0	0	0	1	0	3	3	3	0	3	0	0	0	0	3	0	0	0	0	0	0	3	0	0	1	0	0	0	3	1	3	1	1	1	1	3	1	1	1	0	0	0	0	0	0	0	0	0	0	0	0	0	0	0	0	0	0	0
"cell95"	0	0	3	3	0	1	1	0	1	0	3	3	0	0	0	3	3	0	0	0	0	0	3	0	0	0	0	0	0	0	1	3	1	0	1	1	1	1	1	1	0	0	0	0	0	0	0	0	0	0	0	3	0	0	0	0	0	0	0
"cell96"	0	0	0	0	1	0	0	1	0	0	0	0	0	0	3	0	0	0	0	0	0	3	0	3	0	0	0	0	0	3	0	3	1	0	1	1	1	1	1	1	0	0	0	0	0	0	0	0	3	0	0	1	3	0	0	0	0	0	0
"cell97"	0	1	3	0	1	1	1	1	0	0	0	0	0	0	0	0	0	0	0	0	0	0	0	3	0	0	0	0	0	3	1	1	1	3	0	1	1	0	3	3	3	0	3	0	0	0	3	0	0	0	3	0	0	0	0	0	0	0	3
"cell98"	1	3	0	0	1	1	3	1	3	0	0	0	3	0	0	0	3	0	0	0	3	3	0	0	3	3	3	3	0	0	3	1	1	0	1	0	1	1	1	1	3	0	0	0	0	0	0	0	3	3	0	3	3	0	3	0	0	0	0
"cell99"	0	0	0	0	1	0	1	3	1	0	0	3	0	0	0	0	0	0	3	0	0	0	0	0	0	0	0	0	0	0	1	1	3	0	3	1	3	0	1	3	0	0	0	3	0	0	0	3	0	0	0	0	0	0	0	0	0	3	0
"cell100"	0	0	0	0	1	1	3	1	1	0	0	3	0	0	0	0	0	3	0	0	0	0	0	3	0	0	0	0	0	0	3	0	3	0	1	1	0	1	0	0	3	3	0	0	0	0	0	0	3	0	3	0	0	0	3	0	0	3	0
"cell101"	1	1	1	1	0	0	0	0	0	1	1	1	0	1	1	1	1	3	1	1	1	1	1	3	0	0	0	0	3	3	0	0	0	3	0	3	3	3	0	0	0	0	3	0	0	0	0	0	0	0	0	0	0	0	0	0	3	3	0
"cell102"	0	1	1	1	0	0	0	0	0	0	0	1	1	1	1	1	1	1	0	1	1	1	1	3	3	3	0	0	0	0	3	0	0	3	0	0	0	0	0	3	0	0	0	0	0	0	0	0	0	0	0	0	3	0	0	0	0	0	0
"cell103"	3	1	1	0	0	3	0	0	0	3	1	1	1	1	3	0	1	1	3	1	1	1	1	1	0	0	0	0	0	0	0	3	0	1	0	0	0	0	3	0	0	3	0	0	0	3	0	0	0	3	3	0	0	3	0	0	0	0	0
"cell104"	1	1	1	3	0	0	0	0	3	1	3	1	3	0	1	3	3	1	1	3	3	1	1	0	0	3	0	3	3	0	0	0	3	0	3	0	0	3	0	3	0	0	0	0	0	0	0	3	3	0	0	0	0	3	3	0	3	3	0
"cell105"	0	1	0	1	0	0	0	0	3	1	3	1	1	3	1	1	3	0	1	1	1	1	1	1	0	3	0	0	0	0	3	3	0	0	3	0	0	3	0	0	0	0	0	0	0	0	3	0	3	3	3	0	0	0	0	0	0	3	0
"cell106"	1	1	1	1	0	0	0	0	0	1	3	1	1	0	1	1	1	1	0	1	1	1	1	0	0	3	3	0	3	0	0	0	0	3	0	0	0	3	3	3	0	0	0	3	3	0	0	3	0	0	0	0	0	0	0	0	0	0	0
"cell107"	0	1	1	3	0	0	3	0	3	1	1	0	1	3	1	1	1	3	1	3	1	1	1	0	0	0	3	0	0	0	3	0	0	0	0	0	0	1	0	0	3	0	0	0	0	0	0	3	0	0	3	0	0	3	0	0	0	0	0
"cell108"	3	1	0	1	0	0	0	0	3	1	3	0	1	1	3	1	0	0	1	1	0	1	1	3	0	0	0	0	0	0	0	0	0	3	3	0	0	3	0	0	3	3	0	0	0	3	0	0	0	0	0	0	3	0	0	1	0	3	0
"cell109"	1	1	1	1	0	0	0	0	3	1	1	1	3	1	1	1	1	0	1	1	1	1	0	1	0	3	0	0	0	3	3	0	0	0	0	3	0	0	3	0	0	0	0	0	0	0	0	3	0	3	0	0	0	0	0	3	0	3	3
"cell110"	1	3	0	3	3	0	0	3	0	1	1	1	0	3	0	0	3	0	1	1	3	1	1	1	3	0	0	0	0	3	0	3	0	3	0	0	0	0	1	0	0	0	0	0	0	0	3	0	0	0	0	0	0	0	0	0	3	0	0
"cell111"	1	1	1	1	0	0	3	0	0	3	0	1	1	1	0	1	1	3	1	0	1	0	1	3	0	0	0	0	0	0	0	3	3	0	0	0	0	3	0	0	0	3	0	0	0	3	3	0	0	0	0	0	0	0	0	0	0	0	0
"cell112"	1	1	1	3	0	0	3	3	0	0	1	1	1	1	1	1	3	3	1	3	1	1	1	0	0	0	0	3	0	0	0	0	3	0	0	0	3	0	0	0	0	0	0	0	3	0	3	0	0	0	0	0	0	0	0	0	0	0	0
"cell113"	1	0	0	1	0	0	0	3	0	0	1	1	1	1	1	3	1	1	1	3	1	3	1	1	0	0	0	0	0	0	0	0	0	0	0	0	0	0	3	0	0	0	0	3	3	0	3	0	3	0	0	0	0	0	0	0	0	0	0
"cell114"	0	0	1	1	0	0	0	0	0	0	1	1	1	3	1	1	3	1	3	1	1	1	1	1	0	3	0	0	0	0	0	0	3	0	0	0	0	0	0	0	0	0	0	3	1	0	3	0	0	3	0	0	3	0	0	3	3	0	0
"cell115"	1	1	1	0	3	0	0	0	0	1	3	1	3	3	1	1	1	1	0	1	0	1	3	3	0	0	0	0	3	0	3	0	0	3	0	0	3	0	3	0	3	0	0	0	0	0	0	0	3	0	0	0	0	0	0	0	3	0	0
"cell116"	1	0	1	3	3	0	0	3	0	1	1	3	1	1	1	1	3	1	1	1	1	1	3	0	0	0	0	0	0	3	0	0	0	3	0	0	3	0	0	0	0	3	3	0	0	3	1	0	3	0	0	0	0	3	0	0	0	0	0
"cell117"	1	3	1	1	0	0	0	0	0	1	0	0	1	1	3	3	0	1	1	0	1	3	1	1	0	0	3	0	0	0	0	0	3	3	0	3	0	0	0	1	0	0	0	0	0	0	0	3	0	0	3	0	0	3	0	0	0	0	3
"cell118"	0	3	1	1	0	0	0	0	0	1	1	1	0	1	1	0	1	1	0	3	1	1	1	0	0	0	1	0	3	0	0	0	3	0	0	0	0	0	3	0	3	0	0	3	0	0	0	3	3	0	3	0	0	0	0	0	3	0	0
"cell119"	3	1	1	1	0	0	0	0	0	3	1	3	1	3	1	1	1	3	0	1	1	1	1	1	0	0	0	0	0	0	0	0	0	0	0	0	0	0	0	0	0	3	0	0	3	0	0	0	3	3	0	3	0	0	3	0	0	0	0
"cell120"	1	0	1	1	3	0	0	0	0	1	1	1	1	1	3	1	0	3	1	1	1	0	1	3	0	0	0	3	3	0	0	0	0	3	0	3	0	0	0	0	0	0	0	0	0	0	3	3	0	3	0	3	3	0	0	3	0	0	3
"cell121"	0	1	3	1	3	0	0	0	0	1	0	1	1	1	1	1	0	1	3	1	3	1	1	1	0	0	0	0	0	0	0	0	0	0	0	0	0	0	0	3	3	0	0	0	0	0	0	0	3	0	0	0	0	3	0	0	0	3	0
"cell122"	0	1	0	1	0	0	0	0	3	0	0	0	3	0	0	3	0	0	1	3	0	0	0	3	0	3	0	0	0	3	0	0	0	0	3	0	0	3	0	0	3	3	0	0	0	0	0	0	0	0	3	0	0	0	0	0	0	0	0
"cell123"	1	3	1	3	0	3	0	0	3	0	3	0	0	0	0	0	0	0	0	0	0	0	0	0	0	3	0	0	3	0	3	0	0	0	0	0	0	0	0	0	0	0	0	3	3	0	0	0	0	0	3	0	0	0	0	0	3	0	0
"cell124"	1	1	1	1	0	0	0	0	0	0	0	3	0	0	0	0	0	0	0	0	0	0	1	3	0	0	0	0	0	3	3	0	0	0	0	3	0	3	0	0	0	0	3	0	0	0	3	3	0	0	3	0	0	3	3	0	0	0	0
"cell125"	1	1	1	1	0	0	0	0	1	3	0	0	3	3	0	0	3	3	0	0	0	3	0	0	0	0	0	3	0	0	3	0	0	0	3	3	0	0	3	3	3	0	0	0	0	0	0	0	0	0	3	0	0	0	0	0	0	3	0
"cell126"	1	1	3	1	0	0	3	0	3	0	0	0	3	3	3	0	0	0	3	3	0	3	0	0	3	0	0	0	0	3	0	0	0	0	0	0	0	0	0	3	0	0	0	3	3	0	0	0	0	0	0	0	0	3	3	0	0	0	0
"cell127"	0	3	3	1	0	0	0	0	0	0	0	1	0	0	0	0	0	3	3	3	0	3	0	0	0	3	0	0	0	0	0	0	0	0	3	0	0	0	0	0	0	3	0	0	0	3	0	3	0	0	3	0	0	0	0	3	3	0	0
"cell128"	1	3	1	1	0	0	0	0	0	3	0	3	0	0	0	0	0	0	0	0	0	0	0	0	0	0	0	0	0	3	0	0	0	0	3	0	3	3	3	0	0	0	0	3	0	0	0	0	3	0	0	0	3	0	3	3	3	0	3
"cell129"	3	3	3	1	0	0	0	0	0	0	0	0	0	3	3	0	0	0	1	0	3	0	0	3	0	0	3	0	0	0	0	0	0	3	3	3	0	0	0	0	0	0	0	0	0	3	0	0	0	0	0	0	0	0	0	0	3	0	0
"cell130"	3	0	1	1	3	0	0	0	0	0	0	0	0	0	0	0	0	0	0	0	3	3	3	0	0	0	0	0	0	0	0	0	0	0	3	0	0	3	3	0	3	0	0	0	3	3	0	0	0	0	0	0	0	3	0	0	3	0	0
"cell131"	1	1	1	1	0	3	0	0	0	0	3	0	0	3	3	3	0	0	1	0	0	0	0	0	0	3	0	3	0	0	0	0	0	0	3	3	0	3	0	0	0	0	0	0	0	0	3	0	0	3	0	0	0	0	0	0	0	0	0
"cell132"	1	1	1	1	0	0	0	3	3	0	0	0	3	3	0	0	0	0	0	0	0	0	0	0	0	0	0	0	0	3	0	0	0	3	0	0	3	0	0	1	0	3	0	0	0	0	0	3	0	0	3	3	3	0	0	0	0	0	0
"cell133"	1	0	1	1	0	0	3	0	3	0	3	0	3	0	0	0	0	3	0	0	0	0	0	0	0	0	0	0	0	0	0	0	0	0	0	3	0	0	0	0	0	0	0	0	0	0	0	0	0	0	0	0	0	0	0	0	0	0	0
"cell134"	1	0	1	1	0	3	3	3	0	0	0	0	3	0	0	0	3	0	0	0	0	0	0	3	0	0	0	3	0	0	0	0	0	3	0	0	3	3	0	0	0	1	0	0	3	3	3	0	0	0	0	3	3	0	0	0	0	3	0
"cell135"	1	1	1	0	0	0	0	0	0	0	3	0	0	0	0	0	0	3	0	0	0	0	0	0	0	3	0	0	0	0	0	0	0	0	0	0	0	0	0	3	0	0	3	0	0	0	0	0	0	0	3	3	0	0	0	0	3	0	0
"cell136"	1	1	1	1	0	0	0	0	3	3	0	0	0	0	1	0	0	0	3	0	0	0	0	0	3	0	3	0	0	3	0	0	0	0	0	0	0	0	0	0	0	0	0	0	0	0	3	0	3	0	0	3	0	3	3	0	3	3	0
"cell137"	1	1	1	1	0	3	3	0	0	0	0	3	0	0	0	3	3	0	3	0	3	0	3	0	0	1	0	0	0	0	0	0	0	0	3	0	0	3	3	3	0	0	0	0	0	0	0	0	3	0	0	0	0	0	0	0	0	0	0
"cell138"	3	1	1	1	0	0	0	0	0	0	0	3	3	0	0	0	0	0	0	3	0	0	3	0	0	0	0	3	0	0	0	0	3	0	3	0	3	0	0	0	0	0	3	0	0	0	0	0	3	0	0	0	1	0	0	0	3	0	0
"cell139"	0	3	1	1	0	3	0	0	0	0	0	0	0	0	0	0	0	0	0	3	3	0	3	0	0	0	3	0	0	0	3	0	0	0	0	1	3	0	0	0	0	0	0	0	0	0	3	0	0	3	0	0	3	3	0	0	0	0	0
"cell140"	1	1	0	1	3	0	0	0	0	0	3	0	0	0	0	0	0	0	0	3	0	0	0	0	0	0	0	3	0	0	0	0	0	0	3	3	0	3	0	0	0	0	0	0	0	0	3	0	0	0	3	0	0	0	0	0	0	3	3
"cell141"	1	0	3	3	3	0	0	0	0	0	0	0	0	0	1	0	0	3	0	0	0	3	0	0	0	0	0	0	3	0	3	0	3	0	0	3	0	0	0	0	0	0	0	3	3	0	0	0	0	0	3	0	0	0	0	0	0	3	0
"cell142"	3	3	0	1	0	0	3	0	0	0	0	0	0	0	3	0	3	0	0	3	3	3	0	0	0	0	0	0	0	0	0	3	0	0	0	0	0	0	0	0	0	0	3	0	0	0	3	0	0	3	0	3	0	0	0	0	3	0	0
"cell143"	1	1	0	3	0	0	0	0	0	3	0	0	0	0	0	0	0	0	3	3	0	0	3	3	3	0	3	0	0	0	3	0	3	0	3	0	0	0	0	0	0	0	3	0	0	3	0	0	3	0	0	0	0	0	3	0	3	0	0
"cell144"	0	1	1	1	3	0	0	3	3	0	3	0	0	0	0	0	0	3	0	0	0	3	0	0	0	0	0	0	3	0	3	0	0	0	0	0	3	0	0	0	3	0	0	0	0	0	3	0	0	0	0	0	0	0	0	3	0	0	0
"cell145"	1	1	3	1	0	0	0	0	0	0	0	0	0	3	0	0	0	0	0	3	0	0	0	0	3	0	0	0	0	0	0	0	0	0	0	0	0	0	0	3	0	0	0	0	3	0	0	0	0	0	3	0	0	0	0	0	3	0	3
"cell146"	1	1	1	0	0	3	0	0	0	0	0	0	0	0	0	3	0	3	0	0	3	3	0	0	0	0	0	0	0	0	0	0	0	0	0	0	0	3	0	3	3	0	0	1	3	0	0	0	3	3	3	3	3	0	0	0	0	0	0
"cell147"	1	0	1	0	3	0	0	0	3	3	0	0	0	0	0	0	3	0	0	0	0	0	0	0	0	3	1	0	0	0	0	0	0	3	0	0	0	0	0	0	0	0	0	0	0	0	0	0	0	0	0	0	0	0	0	0	3	0	3
"cell148"	3	1	1	3	0	0	0	0	0	0	0	0	0	0	0	0	0	0	0	0	0	0	3	0	0	0	0	0	0	3	0	0	0	0	0	3	0	0	3	0	3	0	0	0	0	0	0	0	0	3	0	0	0	0	0	0	0	0	0
"cell149"	3	3	0	1	3	0	0	0	3	0	0	0	0	0	1	0	0	0	0	0	0	0	0	0	0	0	0	3	0	3	3	0	0	0	0	3	0	0	3	0	0	3	3	0	0	3	0	0	0	0	0	3	0	0	0	0	0	1	0
"cell150"	1	0	1	0	0	0	3	0	0	0	0	0	0	0	3	0	0	0	3	0	3	0	0	3	0	0	0	0	3	0	0	0	0	0	0	0	0	0	0	0	0	0	0	3	0	0	0	3	0	0	3	0	0	0	0	0	0	0	0
"cell151"	1	1	1	1	0	0	0	0	3	0	0	0	0	0	3	0	0	0	0	3	0	0	0	0	0	0	3	0	3	3	0	0	0	0	0	0	0	0	3	0	0	3	0	0	3	0	0	0	0	0	0	0	0	3	0	3	3	0	0
"cell152"	1	0	1	1	0	0	0	0	3	0	0	0	3	0	3	0	0	0	3	0	0	0	0	0	0	3	0	3	0	3	0	0	3	0	0	3	0	0	3	3	0	0	0	0	0	3	3	0	0	0	3	0	0	0	0	3	0	3	0
"cell153"	1	1	1	1	3	0	0	0	0	3	0	0	0	0	0	0	0	0	0	0	1	0	0	0	0	3	0	0	0	3	0	0	0	3	0	0	0	3	0	0	0	0	3	0	0	0	0	0	0	0	3	0	0	0	0	0	3	0	0
"cell154"	0	1	1	3	3	0	0	0	0	0	0	0	0	3	0	3	3	3	3	0	0	0	0	3	0	1	0	0	3	3	0	0	0	0	0	0	3	0	0	0	3	0	0	3	0	3	0	0	3	0	3	3	0	0	3	0	0	3	0
"cell155"	1	1	1	1	3	3	3	3	0	0	0	0	0	0	0	0	3	0	0	0	0	0	0	0	0	0	0	0	0	3	0	0	0	0	0	3	0	0	0	0	0	0	3	0	0	0	3	0	3	0	0	0	0	0	0	0	3	0	3
"cell156"	1	1	1	0	0	0	3	0	0	0	0	0	0	3	3	0	0	0	0	0	0	0	0	0	0	0	3	3	3	3	0	0	0	3	0	0	0	0	0	0	0	0	0	0	0	0	0	0	0	0	0	0	0	0	0	3	0	0	0
"cell157"	0	1	1	0	0	0	3	0	0	0	0	0	0	0	0	3	0	0	0	0	0	0	3	0	0	3	0	0	0	0	0	3	0	0	0	3	0	0	3	0	3	0	3	0	0	0	0	0	0	0	0	0	0	3	0	1	0	0	3
"cell158"	1	3	1	1	0	3	0	0	0	0	3	0	0	0	0	0	3	3	0	3	0	3	0	0	0	0	3	0	0	3	3	0	0	0	0	0	0	3	0	3	0	3	0	0	0	0	0	3	0	0	3	0	0	0	0	0	0	0	0
"cell159"	3	1	0	1	0	0	0	3	0	0	0	0	0	0	0	0	0	0	0	0	3	0	0	0	0	0	3	0	0	0	0	0	0	0	0	0	0	0	0	0	0	3	0	3	0	3	0	3	0	0	0	3	0	0	3	0	0	3	3
"cell160"	1	1	1	1	0	3	0	0	0	0	0	0	3	0	0	0	0	0	0	0	0	3	0	3	0	0	0	0	0	0	0	0	0	0	0	0	1	0	0	3	3	0	0	0	0	0	0	0	0	0	0	0	0	0	3	0	0	0	0
"cell161"	1	3	1	1	0	0	0	0	0	3	0	0	3	0	0	0	0	0	0	0	0	0	0	0	0	0	0	0	0	0	3	0	3	0	0	3	0	0	0	0	0	0	0	0	0	0	0	0	0	0	0	0	0	0	3	0	3	0	3
"cell162"	1	1	1	1	0	0	0	0	0	3	0	0	0	3	0	0	0	0	0	3	0	3	0	0	0	0	0	0	0	0	0	0	0	0	3	0	3	0	0	0	0	3	0	3	0	0	0	0	0	3	0	3	3	3	0	0	0	0	3
"cell163"	1	1	1	1	0	0	0	0	3	3	0	0	0	0	0	3	0	0	0	0	0	0	0	0	0	0	0	0	0	3	3	0	0	0	3	0	0	0	0	0	3	0	0	0	0	0	0	0	3	0	3	3	0	0	0	3	0	3	0
"cell164"	1	1	1	3	0	0	0	0	0	0	0	0	3	0	0	0	0	3	0	0	3	0	0	0	0	0	3	3	0	0	3	0	0	3	0	3	0	0	0	3	0	0	0	0	0	0	0	0	0	0	0	0	0	0	3	0	0	0	0
"cell165"	1	1	0	1	0	0	0	0	0	0	0	3	0	0	0	0	0	0	0	0	0	0	0	3	0	0	3	0	0	0	0	0	0	0	0	3	0	0	0	0	0	0	0	0	0	0	0	0	0	0	3	3	0	0	0	0	0	0	0
"cell166"	3	3	1	3	0	0	0	3	0	0	0	0	0	3	0	3	0	3	0	3	3	3	0	0	0	0	0	1	0	0	3	0	0	0	0	0	0	0	3	0	0	0	3	0	3	3	0	0	3	0	0	3	0	0	0	0	3	0	3
"cell167"	1	1	1	1	0	0	0	0	3	3	0	0	0	0	3	0	0	0	0	0	0	0	0	3	0	0	0	0	0	0	0	0	1	0	0	0	0	0	0	3	0	0	0	0	0	0	1	0	0	0	3	3	0	0	0	1	0	0	3
"cell168"	1	0	1	1	3	0	0	0	0	0	0	0	3	0	0	0	0	0	0	0	0	0	0	0	0	0	3	0	0	0	0	0	0	0	0	0	3	3	0	3	0	0	0	3	3	0	0	0	3	0	0	3	0	0	3	0	0	0	3
"cell169"	1	3	1	1	0	3	3	3	0	0	0	0	0	3	3	0	0	0	0	0	0	0	0	3	0	0	0	0	3	0	0	0	0	3	0	0	0	0	0	0	0	0	0	0	3	0	3	0	0	3	3	0	0	0	0	0	0	0	0
"cell170"	1	1	1	3	0	0	0	0	0	0	0	0	0	0	0	0	0	0	0	0	0	0	0	0	0	0	0	0	0	0	0	0	3	0	0	0	0	0	0	0	0	0	0	0	0	0	0	0	0	0	0	0	0	0	0	0	0	0	3
"cell171"	1	1	1	1	0	3	0	0	3	0	3	0	0	3	0	3	0	3	0	0	0	0	0	0	0	3	0	0	0	0	0	3	3	0	0	0	0	0	0	0	0	3	0	3	0	0	0	0	0	0	0	0	3	0	0	0	0	0	3
"cell172"	1	0	1	1	3	0	0	0	0	0	0	0	0	0	0	0	0	0	0	0	0	0	0	0	0	0	3	0	3	3	0	3	0	0	0	0	0	0	0	3	3	3	0	0	0	3	3	0	0	0	0	0	3	0	0	0	0	0	0
"cell173"	0	1	1	0	3	0	0	3	0	0	0	3	3	0	0	0	0	0	0	0	3	0	0	0	0	0	0	0	0	0	0	0	0	0	3	0	0	0	0	0	0	3	0	0	3	0	3	0	0	0	3	0	0	0	0	0	0	0	0
"cell174"	1	0	1	1	0	0	0	0	0	0	3	0	0	0	0	3	0	0	0	0	0	0	0	0	0	0	0	0	0	0	0	0	0	0	0	0	0	0	0	0	0	0	0	0	0	0	0	0	0	0	0	0	3	0	0	0	0	0	0
"cell175"	3	1	1	1	0	3	3	3	3	0	3	0	0	0	0	0	0	3	0	0	3	3	0	3	0	0	0	0	0	0	0	0	0	3	0	0	0	0	0	0	1	1	1	3	3	1	1	1	0	0	0	3	0	3	0	0	3	0	0
"cell176"	1	0	1	1	0	0	0	0	0	0	0	3	0	0	0	0	3	0	0	0	0	0	0	0	0	0	0	3	3	0	0	0	0	0	3	0	0	0	0	0	1	3	1	1	3	1	0	1	0	3	0	0	0	0	0	0	0	0	3
"cell177"	3	1	1	1	0	0	0	3	0	0	0	0	0	3	0	0	0	0	0	0	0	0	0	0	0	0	3	0	3	0	0	0	0	0	0	0	0	0	0	0	3	0	0	0	3	1	1	1	0	0	0	0	0	0	0	0	0	0	0
"cell178"	1	1	3	0	0	0	0	0	3	0	0	0	0	0	0	0	3	0	3	0	0	3	3	0	0	0	0	3	3	0	0	0	0	0	0	0	0	0	0	0	3	1	1	1	1	3	1	1	0	0	0	0	0	1	0	0	0	0	3
"cell179"	0	3	3	1	0	0	0	0	3	0	0	0	0	0	0	3	3	3	0	0	0	0	0	0	0	3	3	3	0	0	0	0	0	3	0	0	3	0	0	0	0	1	1	1	1	3	1	1	0	0	0	0	0	0	3	0	0	3	3
"cell180"	0	1	1	1	0	0	0	0	0	0	0	0	0	0	0	0	0	0	0	3	0	0	3	3	0	0	0	0	0	0	0	0	3	0	0	0	0	3	0	0	1	1	1	1	1	1	1	1	3	3	0	0	0	0	0	3	0	0	0
"cell181"	1	1	0	1	0	0	0	0	3	3	0	0	0	0	0	0	3	3	3	1	0	0	3	0	3	0	3	0	0	0	3	0	0	0	0	0	0	0	3	3	1	1	1	1	0	0	3	1	0	0	3	0	0	0	0	0	0	0	0
"cell182"	3	1	1	0	3	0	0	0	0	0	0	0	0	0	0	0	0	3	0	0	0	1	0	1	0	0	3	3	0	3	0	0	0	0	0	0	0	0	0	0	1	3	1	1	1	3	1	1	0	0	3	0	0	3	0	0	3	3	0
"cell183"	1	3	1	1	0	0	0	0	3	0	0	0	0	0	0	0	0	0	0	0	0	0	0	0	0	0	0	0	0	0	3	0	0	0	0	3	0	0	0	3	1	3	3	1	1	1	1	3	0	0	3	0	0	0	0	3	3	0	0
"cell184"	3	1	1	3	0	3	0	0	0	0	3	0	0	0	0	0	0	0	0	3	3	0	0	3	0	0	0	0	0	0	0	0	0	0	0	0	0	0	0	0	3	1	1	1	0	1	1	0	3	3	0	3	0	0	3	0	0	0	0
"cell185"	3	1	1	1	0	0	3	0	3	0	0	0	0	0	0	0	0	3	3	0	0	0	0	0	0	0	0	0	0	0	0	3	0	0	0	3	0	0	0	0	1	1	1	0	3	1	1	3	0	0	0	0	0	0	0	0	0	0	0
"cell186"	1	1	3	1	0	0	0	0	3	0	0	0	0	3	3	0	0	0	0	0	0	0	0	0	0	3	0	0	0	0	0	0	0	0	3	1	0	0	0	0	3	1	1	1	1	0	1	1	0	0	3	0	0	3	0	0	0	0	0
"cell187"	1	3	3	1	0	3	0	0	3	0	3	3	0	0	3	0	0	0	3	3	0	0	3	0	0	0	0	3	0	0	0	0	0	0	0	0	3	0	0	0	0	1	1	1	1	0	1	0	0	0	3	3	0	0	3	0	0	0	0
"cell188"	1	3	1	0	0	3	0	0	0	3	0	0	0	0	0	0	3	0	0	0	3	0	0	0	3	3	0	3	0	0	3	0	0	0	3	0	0	0	0	0	1	1	1	1	1	3	1	1	0	0	0	0	0	0	0	0	0	0	0
"cell189"	1	3	1	1	0	0	0	0	0	0	3	0	0	0	3	1	0	3	0	0	0	3	0	0	3	0	0	3	3	0	3	0	3	0	0	0	0	0	3	0	1	1	1	0	0	1	0	1	0	0	0	0	3	0	0	0	0	0	0
"cell190"	1	1	1	1	0	0	0	0	0	0	3	0	0	0	0	0	0	0	0	0	3	0	3	0	0	0	0	0	0	0	3	0	0	0	0	0	0	0	3	0	0	1	3	0	1	3	3	0	0	0	0	3	0	3	0	3	0	0	0
"cell191"	0	0	1	1	0	3	0	0	0	0	3	0	0	0	3	0	0	3	3	0	0	3	0	3	3	0	0	1	0	3	0	0	0	3	3	0	0	0	0	0	1	1	1	1	1	1	1	1	0	0	0	0	3	0	0	0	0	0	0
"cell192"	0	3	1	1	0	0	0	0	0	0	0	3	0	0	3	0	3	3	0	0	3	0	0	3	0	0	3	0	3	0	0	0	0	0	0	0	0	3	3	0	1	0	1	1	1	1	1	1	0	0	0	3	0	0	3	0	0	0	0
"cell193"	1	1	0	3	3	0	0	0	0	3	3	0	0	0	0	3	0	3	0	0	0	0	0	0	3	0	0	3	0	0	0	3	0	0	3	0	0	0	0	0	0	1	3	0	1	1	1	1	0	0	0	0	0	0	0	0	0	0	0
"cell194"	3	3	3	1	3	0	0	0	3	0	3	0	0	0	3	0	0	0	0	3	0	0	0	0	0	0	3	3	0	0	0	0	3	3	0	0	0	3	0	3	1	1	1	3	1	3	1	1	0	3	3	3	1	0	0	3	0	0	0
"cell195"	1	3	3	3	3	0	0	0	0	0	0	0	0	0	3	0	0	0	0	0	0	0	0	0	1	0	0	3	3	0	0	0	3	3	0	0	0	3	0	3	1	0	1	1	3	1	1	3	0	0	0	0	0	3	0	0	0	0	0
"cell196"	0	0	1	1	3	3	0	0	0	0	0	3	0	0	3	0	0	0	0	0	0	0	3	3	3	0	0	3	0	0	3	0	0	0	3	0	0	0	0	0	1	1	0	0	0	1	3	1	0	3	0	0	0	0	0	0	3	0	3
"cell197"	1	3	1	1	0	0	0	0	0	0	0	0	0	0	3	0	0	0	0	0	0	0	0	0	0	0	0	0	0	0	3	0	3	0	0	0	0	0	0	0	3	1	1	1	1	3	0	0	0	0	0	0	0	3	0	0	0	3	0
"cell198"	3	1	0	1	0	3	0	3	0	0	0	0	0	0	0	0	0	0	3	0	0	0	0	0	0	0	0	0	0	0	3	3	3	0	3	3	0	3	0	0	0	1	1	3	1	0	1	1	0	3	0	0	0	0	0	0	0	0	0
"cell199"	0	0	3	3	0	0	0	0	0	0	0	0	3	3	0	0	0	0	0	0	0	0	0	0	0	0	0	3	0	0	0	0	0	3	0	0	0	0	0	0	1	1	1	0	3	1	1	3	0	0	0	0	0	0	0	0	0	3	0
"cell200"	1	1	0	1	3	0	0	0	0	0	0	3	0	0	0	0	0	0	3	0	0	0	0	0	3	0	0	0	3	0	0	0	0	0	0	3	0	0	0	0	1	3	0	0	1	0	1	1	3	0	3	3	0	3	3	0	0	0	0
"cell201"	1	1	1	1	0	0	0	0	0	0	0	3	0	0	0	3	0	0	3	0	0	0	0	0	3	0	0	0	0	3	0	0	0	0	3	0	0	0	0	0	1	1	1	3	1	3	0	1	0	0	0	0	0	0	0	0	0	3	0
"cell202"	1	3	0	1	0	0	0	3	0	3	0	0	0	0	0	0	0	0	3	0	3	0	0	0	0	0	0	0	0	0	0	0	3	0	0	0	3	3	0	3	1	1	1	1	1	3	1	0	0	0	3	0	0	0	0	0	0	0	0
"cell203"	3	1	1	3	0	0	0	0	0	0	0	0	0	0	0	0	0	0	0	0	3	0	0	0	0	0	0	0	3	3	0	0	0	0	0	0	0	0	0	0	1	1	1	0	0	1	1	3	0	0	0	3	0	0	0	0	3	0	0
"cell204"	1	3	0	1	0	0	0	0	0	0	0	0	0	3	0	0	3	0	3	0	0	0	0	0	0	0	0	0	0	0	1	0	0	3	0	0	0	0	0	0	1	1	1	0	1	3	3	0	3	0	0	0	0	0	3	0	3	0	0
"cell205"	1	0	1	1	0	0	0	0	0	0	0	0	3	0	0	0	0	3	0	3	0	1	3	0	0	0	3	0	0	3	0	0	3	0	0	0	0	0	0	0	0	3	1	3	3	1	0	1	0	0	0	0	0	0	3	3	0	0	0
"cell206"	1	1	1	1	0	0	0	3	0	0	0	1	0	3	0	0	0	0	3	3	0	0	0	0	3	0	0	0	0	0	0	0	0	0	0	3	3	0	0	0	1	1	0	1	3	1	1	1	3	3	3	3	0	0	3	0	0	0	0
"cell207"	0	1	3	1	0	0	0	0	0	3	3	0	0	0	0	0	3	0	3	0	0	0	0	0	0	0	0	0	0	3	0	0	0	3	0	0	0	0	0	0	1	1	1	1	1	3	0	1	3	0	0	0	0	0	0	0	3	3	0
"cell208"	1	1	3	1	0	0	3	0	3	0	3	0	3	3	0	0	0	0	0	3	0	0	0	0	3	3	0	0	0	0	3	0	0	0	0	0	0	3	0	0	1	1	0	1	0	3	1	1	0	3	0	3	0	0	0	0	0	0	3
"cell209"	0	1	1	1	0	3	0	3	0	0	0	0	0	0	0	3	0	0	0	0	0	0	0	0	0	0	3	0	0	0	0	0	3	0	0	0	0	0	3	0	1	1	1	1	1	1	1	0	3	3	0	0	0	0	3	0	0	0	1
"cell210"	1	1	1	1	0	0	0	0	3	0	3	0	0	0	3	1	0	0	0	0	0	0	0	0	0	0	0	3	3	0	0	0	0	0	3	0	0	0	0	0	1	3	1	0	1	3	1	1	0	0	0	3	0	0	0	0	0	0	0
"cell211"	1	0	1	1	0	0	1	0	3	0	0	0	0	3	0	0	0	0	3	0	0	3	3	0	0	0	0	0	0	0	0	0	0	0	3	0	0	0	0	0	1	1	1	1	1	1	0	1	0	0	3	0	0	0	0	0	0	3	3
"cell212"	1	1	1	0	0	0	0	0	3	0	0	0	0	0	0	3	0	0	0	0	0	0	1	3	0	3	3	0	3	0	0	0	0	0	0	0	0	0	0	0	1	1	1	3	1	0	3	1	0	0	0	1	0	0	0	0	0	3	0
"cell213"	0	1	1	1	0	0	0	0	0	0	0	3	0	0	0	0	3	3	3	0	3	0	0	0	3	0	0	0	0	3	3	0	0	0	0	0	0	3	3	0	1	1	1	1	3	1	1	0	0	0	3	0	0	3	0	0	3	0	3
"cell214"	1	1	3	1	0	0	0	0	0	0	0	3	0	0	0	0	3	0	0	0	0	0	0	3	3	0	3	0	0	0	0	3	0	0	3	0	0	3	0	0	0	1	1	1	1	1	0	0	0	0	0	0	0	0	0	0	0	0	0
"cell215"	3	3	1	0	0	0	3	0	0	3	3	0	0	3	0	3	0	0	0	0	0	0	0	3	0	0	0	0	0	0	0	0	0	0	0	0	0	0	0	0	1	1	1	3	0	1	1	1	3	0	0	0	3	0	0	3	0	0	0
"cell216"	1	1	0	3	0	0	0	0	0	0	0	0	0	0	3	0	0	0	0	0	3	0	0	3	0	0	3	0	3	0	0	0	0	0	0	0	0	1	0	3	3	1	1	1	0	1	1	1	0	0	3	0	0	0	0	0	0	0	3
"cell217"	3	1	1	1	0	0	0	3	3	0	0	0	0	0	0	0	3	0	0	0	3	3	0	1	1	0	3	0	3	0	3	0	0	3	0	3	3	0	0	0	1	1	1	3	1	1	3	3	0	0	0	0	0	0	0	0	0	0	0
"cell218"	1	1	1	1	0	0	0	0	0	0	0	0	0	3	0	0	0	0	0	0	0	3	3	0	0	0	0	3	0	0	0	0	0	3	0	0	0	0	0	3	0	3	3	1	0	0	0	1	0	0	0	3	0	0	0	0	0	0	0
"cell219"	1	1	1	1	0	0	0	0	0	0	3	0	0	0	0	3	0	0	0	0	0	0	0	0	0	0	0	1	0	0	0	0	0	0	0	0	0	0	0	0	1	1	0	1	0	3	1	1	0	0	0	0	0	0	0	0	3	0	3
"cell220"	1	3	1	3	0	3	0	0	0	3	0	0	3	0	0	0	0	3	0	0	3	0	0	3	0	0	0	0	0	0	0	0	3	0	0	0	3	0	3	0	1	0	1	3	1	3	3	1	0	0	0	0	0	0	0	0	3	3	0
"cell221"	1	0	3	0	0	3	3	0	0	3	0	0	0	0	0	0	0	0	0	3	0	0	0	3	3	0	3	0	3	0	3	0	0	0	0	0	0	0	0	0	3	0	1	0	1	0	1	1	0	0	0	0	0	0	0	0	0	0	0
"cell222"	3	1	1	0	0	0	0	0	0	3	3	3	0	0	0	3	0	0	0	3	0	0	0	0	0	0	0	0	3	0	0	0	3	0	0	0	0	0	0	3	0	3	3	0	1	1	1	1	0	0	0	0	0	0	0	3	3	0	0
"cell223"	0	1	1	1	0	3	0	0	0	0	0	0	0	0	0	0	0	0	0	0	0	0	0	0	0	0	0	0	3	3	0	3	0	0	3	0	3	0	0	0	1	1	1	1	1	1	1	1	3	3	0	0	0	0	0	0	0	3	0
"cell224"	1	1	1	1	0	0	0	0	3	3	0	3	0	0	0	0	0	0	0	3	3	0	0	0	0	0	0	3	0	0	0	0	0	0	0	0	0	0	0	3	3	1	1	1	1	1	1	0	0	0	3	3	0	0	3	0	0	0	3
"cell225"	1	1	1	1	0	0	0	3	0	0	0	0	0	3	0	0	0	3	0	0	0	3	0	0	3	0	3	0	0	0	0	0	0	3	0	0	0	3	0	0	1	3	3	0	1	1	0	1	0	0	0	0	1	3	0	0	0	0	0
"cell226"	1	1	0	3	0	0	0	0	3	1	0	3	0	0	3	0	0	0	3	3	0	3	3	3	3	0	3	0	0	0	0	0	0	0	0	3	3	3	3	0	1	1	1	1	1	3	3	1	0	3	0	3	3	0	0	0	0	3	0
"cell227"	0	1	0	1	3	0	0	0	0	0	0	0	3	0	3	0	0	0	0	0	3	0	0	0	0	3	0	0	0	0	0	3	0	0	0	0	0	0	0	3	1	3	0	1	1	1	3	1	3	0	0	0	0	0	0	0	0	3	0
"cell228"	3	1	1	1	0	0	3	0	0	3	3	0	0	0	0	0	1	0	3	0	3	0	0	0	0	0	0	0	0	0	0	0	0	0	0	0	0	0	0	0	1	0	1	1	1	0	3	1	3	0	1	0	3	0	0	0	0	0	0
"cell229"	3	1	1	0	0	0	0	0	0	0	0	0	0	0	3	0	0	0	0	0	0	0	0	0	0	0	0	3	0	0	0	0	0	3	3	0	0	0	3	0	1	0	1	3	1	3	0	1	0	0	0	0	0	0	0	0	0	0	0
"cell230"	0	3	1	1	0	0	0	3	0	0	3	0	3	0	0	0	0	0	0	0	0	0	0	0	0	0	0	0	0	3	3	0	3	3	0	0	3	0	0	0	1	1	0	3	1	1	3	1	0	0	0	0	0	0	0	0	0	1	0
"cell231"	1	3	3	1	0	0	0	0	0	0	0	0	0	0	0	0	3	0	3	0	0	0	0	0	0	0	0	0	0	0	0	0	0	0	3	0	0	0	3	0	3	1	1	3	1	1	0	1	1	0	3	0	0	0	0	0	0	3	0
"cell232"	1	1	3	1	0	3	0	0	0	0	0	0	0	3	0	0	0	0	0	0	0	0	0	0	0	0	0	0	0	3	0	0	3	3	0	0	0	0	0	3	1	1	1	1	1	1	1	3	0	0	0	0	0	0	0	0	0	0	0
"cell233"	0	1	0	1	0	0	3	0	0	0	0	3	3	0	0	0	3	0	1	0	0	0	0	0	3	0	0	0	0	0	3	0	3	0	3	0	0	3	3	3	1	3	1	0	3	1	1	0	3	0	0	0	3	0	0	0	3	0	0
"cell234"	0	1	1	1	0	0	3	3	0	3	3	3	3	0	0	3	0	0	1	0	0	3	0	0	0	0	0	0	0	0	0	0	0	0	0	0	0	0	0	0	1	1	1	3	1	3	3	3	0	0	0	0	0	0	0	0	0	0	3
"cell235"	1	1	1	1	3	0	0	0	0	3	0	0	0	0	0	0	0	0	0	0	0	0	0	0	0	0	0	0	3	0	0	0	3	0	0	3	0	3	0	3	1	3	1	1	1	1	0	1	0	0	0	0	0	0	0	0	0	0	0
"cell236"	3	1	1	3	0	0	0	0	0	0	0	0	0	0	0	0	3	0	3	3	0	0	0	0	0	0	0	0	0	0	3	0	3	0	3	3	3	0	0	0	1	1	0	3	1	1	1	1	0	0	0	3	0	3	0	0	0	3	0
"cell237"	1	1	0	3	0	3	0	3	0	0	0	0	3	0	0	3	0	3	0	0	0	3	0	3	0	0	0	0	0	0	0	3	0	0	0	3	0	0	0	3	3	1	1	0	1	1	1	0	0	0	0	0	3	0	0	3	0	0	0
"cell238"	1	1	1	3	3	0	3	0	0	0	0	0	0	0	3	0	0	0	0	3	0	0	0	3	3	0	0	0	0	0	3	0	0	3	3	0	0	0	0	3	3	1	1	1	3	1	3	1	0	0	0	3	0	0	0	0	0	0	3
"cell239"	1	3	1	0	0	0	0	0	0	0	0	0	0	3	0	0	0	0	0	0	0	0	0	0	0	1	0	0	3	3	0	0	0	0	3	3	3	0	3	0	3	3	3	1	3	1	1	1	3	0	0	0	0	0	0	0	0	1	0
"cell240"	1	0	1	1	0	0	0	3	0	0	0	0	0	3	0	3	0	3	0	0	0	0	0	0	0	0	3	3	0	0	0	0	0	0	0	0	0	3	0	0	3	1	1	0	1	3	0	3	0	0	0	0	0	0	3	0	0	0	0
"cell241"	0	1	1	3	0	3	0	0	0	0	0	3	0	0	0	0	0	0	0	0	0	0	0	0	0	0	0	0	3	3	0	0	3	0	1	3	0	0	3	0	0	1	1	1	0	1	1	0	0	0	0	0	0	0	3	0	0	0	3
"cell242"	1	1	0	1	0	0	0	0	0	3	0	0	0	0	0	0	0	0	0	0	3	0	0	0	0	3	0	0	3	0	0	0	0	0	3	0	0	3	0	0	1	0	3	1	3	1	3	0	0	0	0	0	3	0	0	3	0	0	3
"cell243"	1	1	1	1	1	0	0	0	3	0	0	0	0	3	0	0	0	0	0	0	0	0	0	0	0	0	3	3	3	0	3	3	3	0	0	0	0	3	0	0	1	1	1	1	1	3	1	1	0	0	0	0	0	0	0	0	1	0	0
"cell244"	1	3	1	1	0	0	3	0	0	3	0	0	0	0	3	3	0	0	0	0	0	0	3	0	0	0	0	0	0	3	0	0	0	3	0	0	0	3	3	0	1	1	1	1	0	1	3	3	0	0	0	0	0	0	1	0	0	0	0
"cell245"	3	3	1	1	0	0	0	3	0	0	0	0	3	0	0	0	0	0	0	0	0	0	3	3	0	3	0	3	0	0	0	3	3	0	0	0	0	0	0	0	1	1	0	1	1	0	1	1	0	0	0	0	0	0	0	3	0	0	0
"cell246"	1	3	3	1	0	0	0	0	0	0	0	0	0	3	0	0	0	0	0	0	0	0	0	3	0	0	0	3	0	0	3	0	3	0	0	3	0	0	3	3	1	1	0	0	1	3	0	1	0	0	0	0	0	0	0	0	0	0	0
"cell247"	1	1	1	1	3	0	0	3	0	3	0	0	0	3	0	3	0	1	3	3	0	0	0	0	0	3	3	0	0	0	0	0	0	0	3	3	0	0	3	3	1	0	1	3	1	1	3	3	3	0	0	3	0	0	0	0	0	0	0
"cell248"	3	1	3	1	0	0	3	3	0	3	0	0	0	0	0	0	0	3	0	3	0	3	3	0	0	3	0	0	0	3	0	0	3	0	0	0	0	0	0	3	1	1	1	1	0	1	3	1	0	0	0	0	0	0	0	0	0	0	3
"cell249"	1	1	3	1	0	0	1	3	3	3	0	3	0	3	3	3	0	0	0	0	3	0	0	0	3	0	0	0	0	3	0	3	0	0	3	0	0	3	3	0	3	1	1	1	3	3	3	1	0	3	0	0	0	0	3	0	0	0	0
"cell250"	1	1	0	1	1	3	0	0	3	0	0	0	3	0	0	0	0	0	3	0	1	3	0	0	0	0	3	0	0	3	0	0	0	0	3	3	0	0	0	0	1	0	3	0	0	1	1	1	0	0	0	3	0	3	0	0	0	0	0
"cell251"	1	1	3	0	0	0	0	0	0	0	3	0	0	0	0	0	0	0	0	0	0	1	0	0	0	0	0	0	3	0	0	0	3	3	0	0	0	0	0	0	3	3	1	1	0	1	1	1	0	0	0	0	0	0	0	3	0	0	3
"cell252"	0	0	1	1	0	3	0	0	0	0	0	3	3	0	3	3	3	0	0	0	0	0	0	0	0	0	0	0	0	0	0	0	0	0	3	3	0	0	0	0	1	0	1	1	3	3	1	3	0	0	0	0	3	3	0	0	0	0	0
"cell253"	1	3	1	1	0	0	0	0	0	3	3	3	0	0	0	0	0	3	3	0	3	0	0	0	0	3	0	0	0	0	0	0	3	0	0	3	0	0	3	3	1	1	1	3	1	0	3	1	0	0	3	3	3	0	0	0	0	3	0
"cell254"	1	3	1	1	0	3	3	0	0	0	0	0	3	0	0	3	0	0	0	0	0	0	0	0	3	3	3	0	0	0	0	0	0	0	0	0	0	0	3	0	0	1	0	1	1	1	1	1	0	0	3	0	0	3	3	0	3	0	0
"cell255"	1	0	3	0	3	0	0	0	0	3	0	3	0	0	0	0	0	0	0	3	3	0	3	0	3	3	0	0	3	3	0	3	0	0	0	3	0	0	3	0	1	0	1	1	0	3	0	1	0	3	0	0	3	0	3	0	0	3	0
"cell256"	1	1	1	3	0	0	3	0	0	3	0	0	0	3	0	3	0	3	3	0	0	0	0	0	0	0	0	0	0	0	0	0	3	3	0	0	0	0	0	0	0	1	3	1	1	1	0	3	3	0	0	0	3	0	0	0	0	0	0
"cell257"	1	3	1	0	0	0	0	0	0	0	0	0	0	0	0	0	0	0	0	3	3	0	0	0	0	0	0	0	0	0	0	0	0	0	0	0	3	0	0	0	1	1	3	1	0	1	3	3	0	0	0	0	0	0	3	0	0	0	0
"cell258"	1	1	1	1	0	0	0	0	0	0	3	0	3	0	0	0	0	0	3	0	3	0	0	3	0	0	0	0	3	0	0	3	0	0	0	0	0	3	0	0	1	0	3	1	1	3	1	1	0	0	0	0	3	0	0	0	0	0	0
"cell259"	3	1	3	1	0	3	3	0	0	0	0	0	3	0	0	3	3	0	0	0	3	0	1	0	0	0	0	0	0	0	0	0	0	3	0	0	0	0	0	0	1	1	3	1	1	0	1	1	0	0	0	0	0	0	0	0	0	0	0
"cell260"	0	0	1	1	3	0	0	3	0	0	0	0	0	0	0	1	0	0	3	0	3	0	0	0	0	0	0	3	0	0	0	0	0	0	0	0	3	0	0	3	1	0	1	3	3	1	0	3	3	0	0	0	0	3	0	0	0	0	0
"cell261"	3	3	1	1	0	3	0	0	0	0	3	0	3	0	0	0	0	0	0	3	0	0	0	3	0	0	3	0	0	0	0	3	0	3	0	0	3	0	0	0	1	1	3	1	1	0	1	1	3	0	0	0	0	3	0	0	0	0	0
"cell262"	1	1	1	1	0	0	0	0	0	0	0	0	0	0	0	0	0	0	0	0	3	0	0	3	0	3	0	0	0	0	0	0	0	0	0	0	0	3	0	0	1	1	1	1	1	3	1	0	0	0	0	0	0	0	3	0	0	0	0
"cell263"	3	1	1	1	0	0	0	0	0	0	0	0	3	0	3	3	3	3	0	0	0	0	0	0	0	0	0	0	0	3	0	0	0	0	0	0	0	0	0	0	1	1	1	3	1	1	0	1	0	3	0	0	0	0	0	0	0	3	0
"cell264"	3	1	3	1	0	0	0	0	0	0	0	0	3	0	0	0	3	0	0	0	0	0	3	0	0	0	0	0	0	0	0	0	3	0	3	3	0	0	0	0	0	1	1	3	1	1	3	1	0	0	0	0	0	0	0	3	0	0	0
"cell265"	3	3	1	1	0	0	0	0	0	0	0	0	3	0	3	0	0	3	0	3	0	0	3	0	3	0	0	0	0	0	0	3	0	3	0	0	0	0	0	3	0	0	1	3	1	1	3	1	3	0	0	0	0	0	0	0	0	0	0
"cell266"	3	3	0	1	3	0	0	0	0	0	3	0	0	0	0	0	0	0	0	3	0	0	0	3	0	0	0	3	0	3	0	0	0	0	0	3	0	0	0	0	0	1	1	3	3	1	1	1	0	0	0	0	3	0	0	0	3	0	3
"cell267"	3	1	3	1	0	0	3	0	0	0	0	0	3	0	0	3	0	0	0	0	0	0	0	3	3	0	0	0	0	3	3	3	3	0	0	3	0	3	0	0	0	1	3	1	3	1	1	0	3	0	0	0	0	0	0	0	0	1	0
"cell268"	3	1	0	1	0	0	0	3	0	0	0	0	0	0	0	3	0	0	0	0	0	0	3	3	3	0	3	0	3	0	0	0	3	0	0	0	0	0	3	0	3	1	1	3	1	3	0	3	0	3	0	0	0	0	3	0	0	0	0
"cell269"	1	1	1	1	0	0	3	0	3	0	0	0	0	3	0	1	0	3	3	0	0	1	0	3	0	0	0	0	0	0	0	0	3	0	0	3	3	0	0	0	1	1	1	3	3	0	1	3	0	0	3	0	0	0	0	3	3	0	0
"cell270"	0	0	0	0	1	0	1	0	1	3	0	0	0	0	0	0	0	0	0	0	0	3	0	0	0	0	0	3	0	0	0	3	1	1	1	1	3	3	3	1	0	3	0	3	0	0	3	0	0	3	0	0	0	0	0	3	0	0	3
"cell271"	0	0	3	0	1	0	1	1	1	0	0	0	3	0	3	0	0	0	0	0	0	3	3	3	0	0	0	0	3	0	3	3	1	1	3	1	1	1	1	1	3	0	0	0	3	0	0	0	3	0	0	0	0	0	0	0	0	0	0
"cell272"	3	0	0	0	1	1	1	0	1	0	3	0	3	0	0	0	0	0	0	3	0	3	0	3	0	3	0	0	0	0	1	3	1	1	0	1	1	3	1	1	0	0	0	0	0	3	0	3	0	0	0	3	0	0	0	0	0	3	0
"cell273"	0	0	3	3	1	3	1	1	1	0	0	0	3	0	0	3	0	0	0	0	0	0	0	0	0	0	0	3	0	0	1	1	3	1	1	1	1	0	3	1	0	3	0	0	0	3	3	0	0	0	0	0	0	0	0	0	3	0	3
"cell274"	3	0	0	0	1	1	1	1	1	3	0	0	0	3	0	3	0	0	0	0	0	3	0	0	0	3	3	0	0	0	1	1	0	1	0	1	1	1	3	0	0	0	0	0	0	0	0	0	0	0	0	3	0	0	0	0	0	0	0
"cell275"	3	0	0	0	1	0	1	1	1	3	3	0	0	0	3	0	0	0	0	0	0	0	0	0	0	0	0	0	3	0	1	1	1	0	3	3	3	0	1	0	0	0	0	0	3	0	3	0	0	0	0	0	0	0	0	0	3	0	0
"cell276"	0	0	0	3	1	1	1	1	1	0	0	0	3	0	0	3	0	3	0	0	0	0	0	0	0	0	0	0	0	0	0	0	1	1	1	1	1	1	3	1	0	0	0	0	3	0	3	0	0	0	3	0	0	0	0	3	0	0	0
"cell277"	0	3	0	0	1	1	1	1	1	0	0	0	0	0	3	0	0	0	0	0	0	0	0	0	0	0	0	0	0	0	0	3	3	1	1	3	1	1	3	1	0	0	3	0	0	0	0	0	0	3	3	3	0	0	3	0	0	0	1
"cell278"	0	3	0	3	1	1	1	0	1	0	3	3	0	0	0	0	0	0	0	3	0	0	0	0	0	0	0	0	0	0	1	3	3	0	1	1	1	3	1	1	0	0	3	0	3	3	3	0	0	0	0	0	0	0	0	0	0	0	3
"cell279"	0	3	0	0	1	1	1	1	1	0	0	0	0	0	0	3	0	0	0	3	0	1	0	0	3	3	0	0	0	0	1	1	3	1	0	3	3	1	3	1	0	0	3	3	0	0	0	1	0	0	3	0	0	0	0	0	0	0	0
"cell280"	0	0	3	3	1	1	1	1	0	0	0	0	0	0	0	0	0	0	0	0	3	0	3	0	0	0	0	0	0	3	1	1	1	0	1	0	0	1	1	3	0	0	0	3	0	0	0	0	0	0	0	0	3	0	3	0	0	0	0
"cell281"	0	0	0	0	0	1	1	1	1	0	0	3	3	0	0	0	0	0	0	0	0	3	3	0	0	0	0	0	0	0	1	1	0	1	1	1	1	0	0	1	0	0	0	3	3	0	0	3	0	0	3	3	0	3	0	0	3	3	0
"cell282"	0	0	0	3	3	1	1	1	1	0	0	0	0	0	0	3	0	3	0	0	0	3	0	0	0	0	3	0	0	3	1	3	0	1	1	3	1	1	1	1	0	3	0	0	0	0	0	3	0	3	0	0	0	0	0	0	3	0	3
"cell283"	0	1	3	0	1	0	1	1	3	3	0	0	0	0	0	0	0	0	0	3	3	0	3	0	0	0	0	3	0	0	1	1	0	1	1	1	1	0	1	1	3	0	0	3	0	0	0	0	0	0	0	3	0	0	3	0	0	0	0
"cell284"	0	3	0	0	0	3	3	1	1	0	0	0	0	3	0	3	0	0	0	0	0	0	0	0	0	0	0	0	0	0	1	3	1	1	1	3	1	1	1	1	0	0	0	0	0	0	0	0	0	0	3	0	0	0	0	0	0	0	0
"cell285"	0	0	0	0	3	3	0	1	1	0	0	0	0	3	0	0	0	0	3	0	0	3	0	0	3	0	0	0	0	0	1	3	1	1	1	0	3	1	1	1	0	0	0	3	0	0	3	0	0	0	3	0	0	3	0	3	0	0	3
"cell286"	0	0	0	0	0	0	1	1	1	0	0	0	0	0	0	0	0	0	3	3	0	0	0	0	0	0	0	0	0	0	1	1	1	1	1	1	0	1	1	3	0	0	0	0	0	0	0	0	3	0	0	0	0	0	3	0	0	3	0
"cell287"	0	0	0	3	1	1	1	0	1	0	0	0	0	3	0	0	3	0	0	0	0	0	0	0	0	1	0	3	0	0	3	1	1	1	3	1	1	1	0	1	0	0	0	3	3	3	0	0	0	3	0	3	0	3	0	3	0	0	0
"cell288"	0	0	0	0	1	3	1	0	3	0	0	0	3	3	3	3	0	3	3	3	0	3	0	0	0	0	3	3	0	0	1	1	0	0	0	1	3	3	1	3	0	3	0	3	0	0	0	0	3	0	0	0	3	0	0	0	0	0	0
"cell289"	0	0	3	0	1	1	1	0	1	0	0	0	0	3	3	0	0	0	0	0	0	0	0	0	0	3	3	3	3	0	1	1	1	1	1	3	1	3	3	1	0	0	3	0	0	0	0	3	0	0	0	0	0	0	0	0	0	0	0
"cell290"	0	0	0	3	0	1	1	1	3	0	0	0	0	3	0	0	0	0	0	3	0	3	3	3	0	3	0	0	3	0	1	1	1	1	1	1	1	1	0	1	0	0	0	0	0	0	0	0	0	3	0	0	1	0	3	0	0	0	0
"cell291"	0	1	0	0	1	1	1	1	3	0	0	3	0	0	0	0	0	0	0	3	0	0	0	0	0	0	3	0	0	0	1	3	3	1	3	3	1	1	0	1	0	0	0	3	0	0	0	0	3	3	0	3	3	0	0	0	3	0	0
"cell292"	0	3	0	0	1	1	1	1	1	0	0	0	0	0	0	3	3	0	0	0	0	0	0	0	0	0	1	0	0	0	1	1	3	1	1	1	3	1	1	1	0	0	0	0	0	0	3	0	0	0	0	0	0	0	0	0	0	3	0
"cell293"	0	0	0	3	1	3	1	3	1	0	0	0	3	0	0	0	3	0	0	3	0	0	0	0	3	0	0	0	0	0	1	1	1	1	0	1	3	1	1	3	0	3	0	0	0	0	0	3	0	0	0	0	0	0	0	0	0	0	0
"cell294"	3	3	0	3	0	1	1	1	0	1	0	0	0	0	0	0	0	0	0	0	3	0	0	0	3	3	0	0	0	0	0	3	0	0	1	0	0	1	3	1	0	3	0	0	0	0	3	0	0	1	0	0	3	0	0	3	0	0	0
"cell295"	0	0	0	0	1	1	1	0	1	0	3	0	0	0	0	0	0	0	0	0	0	0	0	0	3	0	3	3	0	0	1	1	0	1	1	1	0	1	1	1	3	0	0	3	0	0	0	0	0	0	3	0	0	0	0	0	0	0	3
"cell296"	0	0	0	0	1	1	1	3	3	3	3	0	0	3	3	0	0	0	0	0	0	0	0	0	0	0	0	0	0	3	1	1	1	1	0	1	1	3	0	1	0	0	0	0	0	0	0	0	0	0	0	0	0	0	0	0	0	0	0
"cell297"	0	0	0	0	0	1	1	3	1	0	3	3	0	0	3	0	0	0	3	0	0	0	0	0	0	0	0	0	0	0	1	3	1	3	1	1	0	3	3	1	3	0	0	0	0	0	0	3	0	1	0	0	0	0	0	0	0	3	3
"cell298"	0	3	0	0	1	1	1	0	1	0	0	0	0	0	0	0	3	0	0	3	0	0	0	0	0	0	0	0	3	0	1	1	1	1	1	1	0	1	1	1	0	0	3	0	0	0	3	3	0	3	0	0	3	0	0	0	3	0	3
"cell299"	1	0	0	3	1	0	3	1	0	0	3	3	3	0	3	0	0	0	0	0	0	0	3	0	0	0	0	0	0	3	3	1	3	0	1	1	1	1	1	3	0	0	0	3	0	0	0	0	0	0	0	0	0	0	0	0	0	0	0
"cell300"	3	3	0	0	1	1	0	0	1	0	0	0	0	3	0	0	0	3	0	3	0	0	0	0	0	0	0	3	0	0	0	3	3	0	3	0	3	0	1	1	0	0	0	3	0	0	0	0	0	0	0	0	0	0	0	0	0	0	0
"cell301"	0	0	0	3	1	3	1	1	0	0	3	0	0	0	3	0	0	0	0	3	0	0	0	0	0	0	0	3	3	0	1	3	3	3	1	0	1	1	1	3	0	0	3	0	0	0	0	0	3	0	3	0	0	0	0	0	3	0	0
"cell302"	3	3	0	0	1	1	1	1	1	3	0	0	0	0	0	0	0	0	3	0	0	0	0	0	0	3	0	0	0	0	1	1	3	1	0	3	1	1	1	3	0	0	0	0	3	0	0	3	3	0	0	3	0	0	0	0	0	0	0
"cell303"	0	0	0	0	1	1	1	1	0	3	0	0	3	0	0	0	0	0	0	0	0	0	0	0	3	0	0	3	0	0	1	3	3	1	0	3	1	1	1	1	0	3	0	0	0	3	0	0	0	0	3	0	0	0	3	0	3	0	0
"cell304"	3	3	3	0	1	1	1	1	1	0	0	0	0	0	3	0	0	0	0	3	0	3	3	0	3	0	0	0	0	3	3	1	3	1	1	1	1	1	0	1	0	0	0	0	0	0	0	0	3	0	0	0	0	0	0	3	0	0	3
"cell305"	0	3	0	0	3	3	1	0	1	0	0	0	0	0	0	3	3	0	0	3	0	3	0	0	0	3	0	0	0	0	1	1	1	1	1	1	1	1	1	3	0	0	3	0	3	0	0	0	0	0	0	0	0	0	0	0	0	0	0
"cell306"	0	0	3	0	0	1	3	1	1	0	0	3	3	0	0	0	0	0	3	3	0	0	3	3	0	0	3	3	0	0	1	1	0	1	0	0	1	0	0	3	0	0	0	3	0	3	0	0	0	0	0	3	3	0	3	0	0	0	0
"cell307"	0	0	0	0	0	1	3	1	3	0	0	0	0	3	0	0	0	0	3	0	3	3	0	0	0	0	0	0	0	0	1	1	1	1	1	1	3	3	0	1	3	0	0	0	0	0	0	0	0	0	0	0	0	0	0	0	0	0	3
"cell308"	0	0	0	0	1	1	3	3	0	1	0	0	0	0	3	0	0	0	0	0	0	0	3	0	3	0	0	0	0	0	0	0	3	3	1	1	1	1	3	0	0	3	0	0	0	0	3	1	3	3	0	0	0	0	0	0	3	0	0
"cell309"	0	0	0	0	3	0	1	1	1	3	0	0	0	0	0	0	0	0	3	0	0	0	0	0	3	0	0	0	0	0	1	0	1	1	1	3	0	0	3	1	0	3	3	0	0	0	3	0	0	0	0	0	0	0	0	0	3	3	0
"cell310"	0	3	0	0	0	0	1	3	0	3	3	3	0	0	0	0	0	0	0	0	0	0	3	0	3	0	0	1	0	0	0	3	1	1	1	1	1	1	3	1	0	0	0	0	0	3	0	0	0	3	0	0	0	0	0	0	0	0	3
"cell311"	3	3	3	0	1	1	1	3	1	0	0	0	0	0	0	0	0	0	0	0	0	0	0	3	0	0	0	0	0	0	0	3	3	1	1	1	0	1	1	1	0	3	0	0	0	0	3	3	3	0	0	0	3	0	0	0	0	0	0
"cell312"	0	0	3	0	1	0	1	0	1	0	3	0	0	0	0	0	0	0	0	0	0	0	0	0	0	3	3	0	0	0	1	1	1	3	1	1	1	1	1	3	0	3	0	0	0	0	3	3	0	0	3	3	0	0	3	0	0	3	0
"cell313"	0	0	0	3	1	1	1	1	1	0	3	0	0	0	3	0	0	0	0	3	0	0	0	0	0	3	0	0	0	3	1	1	1	1	3	1	0	1	1	3	3	0	3	0	3	3	0	3	3	3	0	0	0	0	0	0	0	0	0
"cell314"	0	0	0	0	1	1	1	3	1	0	0	3	0	3	3	0	0	0	0	3	3	3	0	0	0	0	0	0	0	0	0	3	1	1	1	1	1	1	1	1	0	0	0	0	0	0	0	0	0	0	0	0	0	0	0	0	0	0	0
"cell315"	3	0	0	0	1	0	1	1	1	0	0	0	0	0	3	0	0	0	0	0	0	3	0	0	0	3	0	0	0	0	0	0	0	1	0	0	1	1	1	3	0	3	0	0	3	3	0	3	0	3	0	0	3	0	0	0	3	0	0
"cell316"	0	0	3	3	3	1	3	1	1	0	3	0	0	0	3	0	0	3	0	0	3	3	3	0	0	0	0	0	0	0	1	3	3	1	1	0	0	1	1	1	0	0	0	0	0	0	3	0	0	0	0	3	0	3	0	3	0	3	3
"cell317"	0	0	0	0	3	3	1	1	1	0	3	0	0	0	3	0	0	0	0	0	0	0	0	0	0	0	3	3	0	0	1	1	0	1	1	1	0	1	3	0	3	0	3	0	0	3	0	0	0	0	0	0	0	3	0	0	1	3	0
"cell318"	3	3	0	0	1	1	3	1	1	0	3	0	0	0	0	0	0	0	0	0	0	0	0	0	0	0	0	3	0	0	1	1	3	1	1	1	1	1	1	3	0	0	0	0	0	0	0	0	0	0	0	0	0	3	0	0	0	0	3
"cell319"	0	0	0	0	1	3	1	3	0	0	0	3	0	0	0	0	0	0	0	0	0	0	0	0	0	0	0	0	3	0	1	1	3	1	1	3	1	1	1	1	3	0	0	3	0	0	0	3	0	0	3	3	0	0	0	0	0	0	0
"cell320"	0	0	0	0	1	1	1	1	1	3	0	3	0	0	0	0	3	0	0	0	0	0	0	0	3	0	0	0	0	0	1	0	1	1	1	1	0	1	1	1	0	0	0	0	0	3	0	0	0	0	0	0	3	0	0	3	0	0	3
"cell321"	3	0	0	0	1	1	1	3	3	3	3	0	3	0	0	3	0	0	0	0	0	0	0	0	3	0	0	3	0	3	1	1	0	1	1	1	3	3	1	1	0	0	0	0	0	0	0	0	0	3	3	0	0	0	1	0	0	0	0
"cell322"	0	3	3	0	1	3	1	0	1	3	0	0	0	0	0	0	0	0	0	0	0	3	0	3	3	0	0	0	0	0	0	1	1	3	1	3	1	1	1	1	0	0	0	0	0	0	3	0	0	0	0	0	0	3	0	0	0	3	3
"cell323"	0	0	0	0	3	3	0	1	3	0	0	3	0	0	0	0	0	0	0	0	3	0	0	3	0	0	0	3	0	0	0	3	1	0	1	1	1	0	1	1	0	0	0	0	3	0	0	3	0	0	0	0	0	0	0	3	0	0	0
"cell324"	3	0	3	0	0	1	1	0	0	3	0	0	0	0	0	3	0	0	0	0	3	0	0	0	3	0	0	0	0	0	1	1	1	1	1	3	1	1	3	3	0	0	0	0	0	3	3	3	0	0	0	0	0	0	3	0	0	0	0
"cell325"	0	0	3	0	1	1	1	3	1	0	0	0	0	0	0	0	3	0	0	0	0	3	0	0	0	3	0	0	0	3	3	1	1	1	0	1	1	0	1	1	3	0	3	0	0	3	0	0	0	0	0	0	0	0	0	0	0	0	0
"cell326"	0	0	0	0	1	1	0	0	1	0	0	0	3	0	0	0	0	3	1	0	3	0	3	0	3	0	0	0	0	3	1	1	1	1	3	3	1	0	3	1	0	0	3	3	0	0	0	3	0	0	3	3	0	0	3	0	0	0	0
"cell327"	3	0	0	3	1	1	3	1	3	0	0	3	0	1	0	0	3	3	0	0	0	0	0	0	0	0	0	0	0	0	0	1	1	1	1	1	1	0	0	1	3	0	0	3	0	0	3	0	0	0	0	0	3	0	0	0	0	0	0
"cell328"	0	0	3	0	1	1	0	1	3	0	0	0	0	0	0	0	0	0	0	0	0	0	0	3	3	0	0	0	0	0	1	0	0	0	3	1	0	1	0	1	0	0	1	3	0	0	0	0	0	0	0	0	3	0	0	0	0	0	0
"cell329"	3	0	3	0	1	1	3	1	1	0	0	0	0	0	0	0	0	0	0	0	0	0	0	0	3	0	3	3	0	0	0	1	1	1	1	0	1	3	1	1	0	0	0	3	1	3	0	0	0	0	0	0	0	3	0	0	0	0	0
"cell330"	0	3	0	3	1	1	1	0	1	0	3	0	0	0	3	0	0	3	0	0	0	0	0	0	0	0	0	0	1	0	3	1	1	1	1	1	0	0	1	1	0	3	0	0	0	0	0	0	0	0	0	0	0	0	0	0	0	3	3
"cell331"	0	0	3	0	1	1	1	0	0	0	0	3	0	0	3	0	0	0	0	0	0	0	0	0	0	3	3	0	0	0	1	1	1	1	3	1	3	1	1	1	0	3	0	0	3	0	0	0	0	3	0	0	0	0	0	0	0	0	0
"cell332"	0	0	0	0	1	1	1	1	0	0	0	0	0	0	0	0	0	0	0	0	3	0	0	0	0	0	0	0	0	0	1	3	1	1	1	1	3	3	1	1	0	0	3	0	0	0	0	0	0	0	0	0	0	0	0	0	0	0	0
"cell333"	0	3	0	0	1	1	1	1	0	0	3	0	0	0	0	0	0	0	3	3	0	3	0	3	0	0	0	0	0	0	1	3	3	1	0	1	0	3	1	0	3	0	3	0	3	3	0	0	0	0	0	0	0	0	0	0	0	3	0
"cell334"	0	0	0	0	1	1	1	1	1	0	0	0	0	0	3	0	0	3	0	0	0	0	0	0	0	3	0	3	0	0	1	3	1	1	1	3	3	1	1	3	0	0	3	0	0	0	0	0	3	0	0	0	0	0	0	0	0	0	0
"cell335"	0	3	0	3	1	1	3	3	3	0	0	3	3	0	3	3	0	0	0	0	0	0	0	0	0	3	3	3	0	0	1	1	1	0	1	1	1	1	0	1	0	3	0	0	0	0	0	0	0	0	0	0	0	0	3	0	0	0	0
"cell336"	0	0	0	3	1	1	1	3	3	0	0	0	0	0	1	0	0	0	3	3	0	0	0	3	0	0	0	0	0	0	1	3	1	1	1	1	1	1	1	1	0	3	0	0	0	0	0	0	0	0	0	0	0	3	3	0	1	0	0
"cell337"	3	0	3	0	1	0	1	1	1	0	0	0	0	3	0	0	0	0	0	0	0	0	3	0	0	0	0	0	0	0	1	1	1	3	1	1	1	1	3	0	0	0	0	3	3	0	0	0	0	0	0	0	0	0	0	0	3	0	0
"cell338"	0	0	0	0	0	1	1	3	1	0	0	0	0	0	0	0	3	0	0	3	0	0	3	0	0	0	0	0	0	0	1	1	3	3	0	1	3	1	0	3	0	0	3	0	0	0	0	0	0	0	0	0	0	0	0	3	0	0	0
"cell339"	3	0	0	0	1	3	1	1	1	0	0	0	3	0	0	3	0	0	3	0	0	3	0	0	3	0	0	0	0	3	1	1	1	3	1	1	3	3	0	3	0	0	0	0	0	0	1	0	3	0	0	3	0	0	0	0	0	0	0
"cell340"	0	0	3	0	1	1	1	1	1	0	0	3	3	0	0	0	0	0	0	0	0	0	0	3	0	0	0	3	3	0	1	1	3	1	1	1	1	3	1	3	0	0	0	0	3	3	0	0	0	0	0	0	0	0	0	0	0	0	0
"cell341"	0	0	0	0	1	1	1	1	1	0	3	0	3	0	0	0	0	3	0	3	0	0	0	3	3	3	0	0	0	0	1	3	1	1	3	1	1	3	0	1	0	3	0	3	0	0	0	0	0	0	3	0	0	0	3	3	0	0	3
"cell342"	0	0	0	0	3	1	1	1	1	3	3	3	3	3	0	0	0	0	0	0	0	0	0	3	0	0	3	0	1	0	1	3	1	1	0	3	1	1	1	1	0	3	1	0	3	0	0	0	0	3	0	0	0	0	0	0	0	0	0
"cell343"	0	3	0	0	1	3	1	1	3	0	0	0	0	0	0	0	0	0	0	0	0	0	0	0	0	0	0	0	3	0	1	1	1	1	3	1	1	3	0	0	0	0	0	3	0	0	0	0	0	3	0	0	0	0	0	0	0	0	0
"cell344"	0	0	0	0	1	1	3	1	1	0	0	3	0	0	3	0	0	0	0	3	0	0	0	0	0	0	3	0	3	1	3	1	3	1	1	0	3	1	1	1	0	3	0	0	0	0	0	0	0	0	0	0	0	0	0	0	3	3	0
"cell345"	0	0	0	0	1	1	3	1	3	0	0	3	0	0	0	0	0	0	0	0	3	3	0	0	0	3	3	3	0	0	1	1	0	1	1	1	1	3	1	1	0	0	3	0	0	0	3	0	0	0	0	0	0	0	3	0	0	3	0
"cell346"	0	0	0	0	1	3	1	1	1	0	0	0	0	0	0	3	0	0	0	0	0	0	0	0	0	0	0	0	3	0	0	3	1	1	1	3	1	3	3	3	0	1	0	3	0	3	0	0	0	0	0	0	0	0	0	0	0	0	0
"cell347"	0	0	3	0	1	1	1	1	1	3	0	0	0	0	0	0	0	0	0	3	0	0	3	3	3	0	3	0	0	0	1	1	1	1	3	1	1	0	1	1	3	0	0	0	0	0	0	3	0	0	0	0	0	0	0	0	0	0	0
"cell348"	0	0	0	0	1	1	3	1	1	0	0	3	0	0	0	3	0	0	0	0	0	0	0	0	0	0	0	0	0	0	1	0	1	1	1	1	3	1	3	1	0	3	0	0	3	0	0	0	0	1	0	0	0	0	0	0	0	0	0
"cell349"	0	0	0	0	1	1	1	0	3	3	0	0	3	3	3	0	0	3	0	3	0	0	0	0	0	0	0	0	3	0	1	1	0	1	1	3	1	1	1	1	0	0	0	3	3	3	3	0	0	0	3	0	0	3	0	0	0	0	0
"cell350"	3	0	3	0	0	1	1	3	1	1	0	0	0	0	0	0	0	0	3	0	0	0	0	0	3	0	0	0	0	0	0	1	3	3	1	1	1	1	0	0	3	1	0	0	0	0	0	0	0	0	0	0	0	0	0	0	0	0	3
"cell351"	0	0	0	0	1	3	1	1	1	3	0	0	0	0	0	0	0	0	0	0	0	0	0	0	0	3	0	0	0	0	1	0	1	1	0	1	1	1	3	1	3	0	0	0	0	0	3	3	3	0	0	3	0	0	0	0	0	0	0
"cell352"	0	0	0	0	0	1	3	3	3	0	0	3	3	1	0	0	0	0	3	0	3	0	0	0	0	0	0	3	3	0	3	1	3	1	1	1	1	3	3	1	0	0	0	0	3	0	0	0	0	0	0	0	0	3	3	0	3	3	0
"cell353"	3	0	0	0	1	1	3	0	1	0	0	0	0	0	0	0	0	3	0	3	3	0	0	0	3	0	3	0	3	3	3	3	1	3	1	1	1	3	1	1	0	0	0	0	0	3	0	0	3	0	0	0	0	0	0	0	3	0	3
"cell354"	0	0	0	0	0	0	1	3	1	0	0	0	0	0	0	0	3	0	0	0	0	0	3	0	0	0	0	0	3	3	3	0	3	1	1	1	3	1	1	1	0	0	0	0	0	3	0	0	0	0	0	0	0	0	0	0	0	0	0
"cell355"	0	0	0	0	1	3	1	3	0	0	3	0	0	0	1	0	0	0	0	0	0	0	3	0	0	0	0	0	0	3	1	3	1	1	1	3	0	3	1	1	3	0	3	0	0	0	0	0	3	0	0	0	0	0	0	0	0	3	0
"cell356"	0	0	0	3	1	1	0	1	1	0	0	0	0	0	0	0	0	0	3	0	0	3	3	0	0	0	3	0	0	0	0	0	3	1	3	1	3	1	3	0	0	0	0	0	0	0	0	0	0	0	0	0	0	0	0	0	0	0	0
"cell357"	3	0	0	3	1	0	0	1	1	0	0	0	0	3	1	3	3	0	0	0	0	0	0	0	0	3	0	0	0	3	0	1	1	3	1	1	1	3	1	0	0	0	0	0	0	0	0	0	0	3	3	3	0	0	0	0	3	0	3
"cell358"	0	0	0	0	3	0	0	1	0	0	3	0	0	0	0	0	0	3	3	0	0	0	0	0	0	0	0	3	3	0	1	3	1	1	1	1	1	3	1	1	0	0	0	0	3	0	0	0	0	3	0	0	0	0	0	0	0	0	0
"cell359"	0	0	0	0	1	1	1	1	1	0	0	0	0	0	0	0	0	3	0	3	0	3	0	0	0	0	0	0	0	0	0	3	3	3	0	0	1	1	1	1	0	0	0	0	0	0	0	0	0	0	3	3	0	0	3	3	3	0	3
"cell360"	0	0	0	3	1	0	0	1	1	0	0	0	0	0	3	0	1	0	0	0	3	0	0	0	3	0	0	0	3	0	3	1	1	1	1	1	1	1	1	0	0	0	0	3	0	3	3	0	0	0	0	0	0	0	0	0	0	0	3
"cell361"	0	0	0	0	1	1	1	1	1	0	0	0	0	0	0	0	0	0	0	0	0	0	0	0	0	0	0	0	0	3	3	1	3	0	1	1	1	1	3	1	0	0	0	0	0	0	0	0	0	0	0	0	0	0	3	0	0	3	0
"cell362"	0	0	0	0	1	1	1	0	0	0	0	0	0	0	0	0	0	0	0	3	0	0	0	0	3	0	3	0	0	0	3	0	0	1	1	1	1	1	3	1	0	0	0	0	0	0	0	0	0	0	0	3	0	0	3	0	0	3	0
"cell363"	3	0	0	0	1	3	1	3	1	0	0	0	0	0	0	3	0	0	0	0	0	0	0	0	0	0	0	0	0	0	1	3	1	1	1	0	1	3	1	0	0	0	0	3	0	0	0	0	0	0	3	0	3	3	0	0	3	0	0
"cell364"	0	0	3	0	0	1	1	1	1	0	0	0	0	0	0	0	0	0	0	0	0	0	0	3	0	0	0	0	3	0	1	3	1	0	3	1	1	1	1	0	3	0	3	0	0	0	0	0	3	3	0	0	0	3	3	0	0	0	0
"cell365"	0	0	0	3	1	1	0	3	0	0	0	3	0	0	0	3	3	0	0	0	0	0	0	0	0	0	0	0	0	0	1	0	0	1	0	1	3	3	1	1	0	3	3	3	0	0	0	0	0	3	0	0	0	3	0	0	0	0	0
"cell366"	0	0	3	0	3	1	0	1	1	0	0	0	0	0	0	0	0	0	1	0	0	0	0	3	3	0	0	0	0	0	1	1	0	1	1	1	1	1	3	1	0	0	0	0	0	0	0	0	0	3	0	0	0	0	0	0	0	0	3
"cell367"	0	0	0	3	1	3	1	0	1	0	0	0	3	0	0	3	0	0	0	0	0	0	0	0	0	0	0	0	3	0	0	1	1	1	1	0	1	1	1	1	3	3	0	0	3	0	0	0	0	0	0	3	0	0	3	0	0	0	3
"cell368"	0	3	0	0	1	1	1	3	1	0	3	0	0	3	0	0	0	0	0	0	0	0	0	0	3	0	0	0	0	0	0	1	0	1	1	0	1	1	3	1	0	0	0	0	0	3	0	0	0	3	0	0	0	0	0	0	0	0	3
"cell369"	0	3	0	1	3	1	1	1	1	3	0	0	0	0	0	0	3	0	0	0	0	0	0	0	0	0	0	0	0	3	1	1	3	1	1	1	3	3	3	0	0	0	0	0	0	3	0	0	0	0	0	3	0	0	0	0	0	3	0
"cell370"	0	0	0	0	1	1	1	1	3	0	0	0	0	0	0	0	0	0	0	0	0	0	0	0	0	3	3	0	0	0	1	0	1	1	3	3	0	0	1	1	0	0	0	0	0	3	0	0	0	0	0	0	0	3	0	0	0	3	0
"cell371"	0	0	0	3	0	1	0	0	3	0	0	0	3	0	0	0	3	0	0	0	0	0	0	0	0	0	3	0	3	3	1	1	1	3	1	1	1	1	1	3	0	0	0	0	0	0	3	3	3	0	0	0	0	0	0	0	3	0	0
"cell372"	0	0	3	0	1	0	0	1	0	0	3	3	0	0	3	0	0	0	0	0	0	0	0	0	0	3	0	0	0	0	1	1	3	1	0	1	0	1	3	1	0	0	0	3	3	0	0	3	0	0	0	0	0	0	0	3	0	0	0
"cell373"	0	3	0	0	1	1	1	1	0	0	0	3	0	3	3	0	0	0	0	0	0	0	3	0	0	3	0	0	0	0	1	1	0	1	3	1	1	3	0	0	0	0	3	0	0	0	0	0	0	0	0	3	0	0	0	3	3	0	3
"cell374"	3	3	0	0	0	1	1	1	1	0	0	0	0	3	3	3	0	0	0	0	3	3	0	0	3	0	0	0	0	0	1	3	0	1	0	3	1	0	0	1	0	0	3	0	0	0	3	0	0	0	0	0	0	3	0	0	0	3	0
"cell375"	0	0	3	0	1	3	0	1	3	0	0	0	3	3	0	0	0	0	0	3	0	0	0	0	0	0	0	0	0	0	1	3	1	3	1	3	1	3	1	3	3	0	0	0	0	0	3	3	0	0	0	0	0	0	0	0	0	0	0
"cell376"	0	0	0	0	1	1	3	1	1	0	0	0	0	0	0	0	0	0	0	0	0	3	0	0	0	0	0	0	3	0	1	1	3	0	1	1	1	1	3	3	0	0	0	0	0	0	0	0	0	0	3	0	0	0	0	0	3	0	0
"cell377"	0	0	0	0	1	0	1	3	1	0	3	0	3	0	3	0	0	0	3	0	3	0	0	0	0	3	0	0	0	0	1	0	0	1	1	1	1	1	1	1	0	3	0	3	0	0	3	0	0	0	3	0	3	0	0	0	0	0	0
"cell378"	3	0	0	0	3	0	1	1	3	0	3	0	0	3	0	0	0	3	0	0	3	0	3	0	0	0	0	0	0	0	1	3	3	1	3	1	1	1	1	3	0	0	3	0	0	3	0	0	0	0	0	0	3	3	0	3	1	0	0
"cell379"	0	0	3	0	1	1	3	1	1	0	0	0	0	0	0	3	3	0	0	0	0	0	0	0	0	3	0	0	0	0	1	1	1	0	3	1	1	1	1	1	0	0	0	0	0	3	0	0	0	3	0	0	0	0	0	0	0	3	0
"cell380"	0	3	0	0	1	1	3	1	0	0	0	0	0	3	3	0	0	3	3	0	0	0	0	0	0	0	0	3	0	3	1	1	1	1	1	3	1	0	1	1	3	0	0	0	3	3	0	0	3	0	3	0	3	0	0	3	0	0	3
"cell381"	0	3	0	3	1	1	1	1	0	0	0	0	0	0	0	0	3	0	0	0	0	0	0	3	0	0	0	0	0	0	1	0	3	1	1	1	0	1	1	0	0	0	0	0	0	3	0	3	0	0	0	3	3	3	3	0	3	0	0
"cell382"	0	0	0	3	0	3	1	0	1	3	0	0	0	0	0	0	0	0	0	0	0	3	0	0	0	0	3	0	0	0	1	1	3	1	1	1	1	1	1	3	0	0	0	0	0	0	3	0	0	3	0	0	0	0	0	3	0	0	0
"cell383"	0	0	0	0	1	1	1	1	0	3	3	3	0	3	0	0	0	0	3	0	0	0	0	0	0	3	0	3	0	0	1	3	1	1	3	1	3	3	1	1	0	0	0	0	0	0	0	0	0	3	0	0	3	0	0	0	0	0	3
"cell384"	0	3	3	0	3	1	1	1	1	3	0	0	0	3	0	0	0	0	0	0	1	0	0	0	3	0	0	0	0	0	1	3	0	1	1	1	1	1	1	0	0	0	0	3	0	3	0	0	0	3	0	0	0	3	0	0	0	3	0
"cell385"	3	0	0	3	1	0	3	1	0	3	0	0	0	0	0	0	0	0	0	0	0	0	0	0	0	0	0	3	0	0	1	1	1	0	1	1	1	1	3	0	3	0	3	0	0	0	0	0	3	0	0	3	0	0	0	0	0	0	0
"cell386"	0	0	3	3	3	0	0	1	0	0	0	0	0	0	0	0	0	0	3	0	3	0	0	0	0	0	0	0	3	0	1	1	1	0	1	1	0	1	3	0	0	0	0	0	0	0	0	0	0	0	1	0	0	0	3	0	0	3	0
"cell387"	0	0	0	0	0	0	1	1	0	3	0	3	3	0	0	0	0	0	0	0	0	3	3	1	0	0	0	3	3	0	1	1	0	1	1	1	3	3	1	1	0	3	0	0	0	0	0	0	0	0	0	0	3	0	0	0	0	0	0
"cell388"	0	0	0	0	0	1	1	1	1	0	0	0	0	0	0	0	3	0	0	0	0	0	3	0	0	0	0	0	0	0	0	0	3	1	1	1	1	1	0	3	3	0	3	0	0	0	0	0	0	0	0	3	0	0	3	3	0	0	0
"cell389"	0	0	0	3	1	1	3	1	1	0	0	0	0	3	0	3	0	0	3	0	0	0	0	0	3	3	0	0	0	3	3	0	0	1	1	0	0	1	1	1	0	3	0	0	0	0	0	0	0	0	0	0	0	0	3	0	3	0	0
"cell390"	0	0	0	0	1	1	1	1	1	0	0	0	0	3	0	0	0	0	0	0	0	0	0	0	0	0	3	0	0	0	1	1	1	3	0	3	1	1	1	3	3	0	0	0	0	0	0	3	1	0	0	0	0	0	0	0	0	0	0
"cell391"	0	0	3	0	3	1	0	3	1	1	3	0	0	0	0	0	3	3	0	0	0	3	0	0	3	3	0	0	0	0	1	1	3	0	0	3	1	3	3	0	0	3	3	0	0	0	0	0	0	0	0	0	3	0	0	3	0	0	0
"cell392"	0	3	0	0	3	1	1	1	1	0	0	0	0	0	0	0	3	3	0	0	0	0	0	0	0	0	1	3	0	0	1	1	1	1	1	3	3	3	1	1	0	3	0	0	3	0	0	0	0	0	0	3	0	3	0	0	0	0	0
"cell393"	0	0	0	0	1	1	0	0	3	0	0	3	3	0	0	0	0	0	0	0	3	0	0	0	0	0	0	3	0	0	0	1	0	0	3	3	3	1	1	1	3	0	0	0	0	0	0	0	0	0	0	0	0	0	0	0	0	0	0
"cell394"	1	0	3	3	0	1	3	1	0	0	0	0	3	0	3	0	0	0	0	0	3	0	0	0	3	0	0	0	0	0	3	1	1	0	3	1	3	1	3	0	0	0	0	3	0	0	0	3	3	0	0	0	0	0	0	3	0	0	3
"cell395"	0	0	3	0	1	0	3	1	0	0	3	0	0	0	0	0	0	0	0	0	0	0	0	0	0	0	0	0	3	3	3	1	3	1	1	1	3	1	1	1	0	3	0	0	3	0	0	0	0	0	0	0	0	0	0	0	0	0	0
"cell396"	0	3	0	0	1	1	3	3	1	0	3	0	0	0	0	0	0	0	0	0	3	0	0	0	0	0	0	0	0	3	1	1	0	0	1	3	1	1	1	1	0	3	0	3	0	0	0	0	0	0	3	0	3	3	3	3	0	0	0
"cell397"	0	0	0	0	1	0	1	3	1	0	0	0	0	0	0	0	3	0	0	0	0	0	0	0	3	3	0	0	0	3	1	1	1	1	1	1	3	3	1	1	0	0	0	0	0	0	0	0	0	0	0	3	0	0	0	0	0	0	3
"cell398"	0	0	0	0	1	1	0	1	0	3	0	3	3	0	3	0	0	3	3	0	0	3	0	3	0	1	3	0	0	3	3	1	1	1	1	1	3	1	1	1	0	0	0	0	0	0	3	3	0	0	0	0	3	0	3	0	0	0	3
"cell399"	0	3	0	3	0	1	1	1	1	0	0	0	0	0	0	0	3	0	3	0	3	0	3	3	0	0	0	3	0	3	1	1	1	3	1	0	0	1	1	0	0	0	0	3	0	0	0	0	0	0	0	0	0	3	0	3	0	0	3
"cell400"	0	3	0	0	1	3	1	1	1	0	0	0	0	0	0	0	0	0	0	0	0	0	0	0	0	3	0	0	0	0	1	1	1	1	1	1	1	3	1	1	3	0	0	0	0	0	0	0	3	0	0	0	0	0	0	3	0	0	3
"cell401"	0	0	0	0	3	1	1	1	3	0	3	3	0	3	0	0	3	3	0	0	0	0	0	3	0	0	0	0	1	0	1	0	0	1	1	1	0	3	1	1	3	0	0	3	0	0	0	1	0	0	0	0	0	0	0	0	0	0	1
"cell402"	0	0	0	3	3	1	3	1	0	3	0	0	0	0	0	0	0	0	0	0	0	3	0	0	0	0	3	0	0	3	1	1	1	1	0	1	1	1	3	1	0	0	0	0	0	0	0	0	0	0	0	3	3	0	0	0	3	3	0
"cell403"	0	0	0	0	1	1	1	1	1	0	0	0	0	0	3	0	0	0	0	0	0	0	0	0	0	3	0	0	0	0	1	1	0	3	0	1	0	1	1	1	3	0	0	0	0	3	0	0	0	0	0	0	0	3	0	0	0	0	0
"cell404"	0	0	3	0	3	1	3	1	1	0	0	0	0	0	0	0	0	0	0	0	0	3	0	3	0	0	0	0	0	3	1	1	1	1	3	1	1	1	1	3	0	3	0	0	3	0	0	0	0	3	0	0	1	0	3	0	0	0	0
"cell405"	0	0	0	0	1	1	1	1	1	0	0	0	0	0	0	3	0	0	0	0	0	0	3	3	0	3	0	0	0	0	1	1	1	3	1	1	0	0	1	1	0	0	3	3	3	3	0	0	3	0	0	3	0	0	0	3	3	0	0
"cell406"	0	0	0	0	1	1	1	1	1	0	0	0	0	0	0	0	3	3	0	0	0	3	0	0	0	3	3	0	0	0	1	0	1	1	1	1	3	0	1	3	0	0	0	0	3	0	0	3	0	0	0	0	0	0	0	0	3	0	0
"cell407"	0	0	3	0	1	1	1	1	1	0	3	3	0	0	0	0	0	0	0	3	0	3	0	0	0	0	0	0	0	0	1	1	3	1	1	3	1	3	1	1	0	0	0	0	0	3	0	3	0	0	0	0	3	0	0	0	3	0	0
"cell408"	0	0	0	0	1	1	1	1	0	0	3	0	0	3	0	3	0	0	0	0	0	0	3	0	3	0	0	0	0	0	3	1	1	1	0	1	3	1	1	3	1	0	0	0	3	0	0	3	0	3	0	0	0	3	0	0	0	0	3
"cell409"	3	0	0	0	3	3	1	1	3	0	0	3	0	0	0	0	3	1	0	0	0	0	0	0	0	0	3	3	0	3	1	0	1	3	1	1	1	3	3	1	0	0	0	0	0	0	0	0	0	0	0	0	3	0	0	0	3	3	0
"cell410"	0	0	0	0	1	1	0	1	1	0	0	0	0	3	0	3	0	0	3	0	0	3	0	0	0	3	0	0	0	1	1	1	3	0	1	1	1	0	1	1	0	0	0	0	0	0	0	0	0	3	0	0	0	0	0	0	0	0	0
"cell411"	0	3	0	3	1	1	1	3	1	0	0	0	0	0	0	3	0	3	0	0	0	0	0	0	0	3	0	0	0	0	3	0	1	1	1	1	1	1	1	1	3	3	0	0	3	0	0	0	0	3	0	0	0	0	0	0	0	3	0
"cell412"	0	3	0	0	3	1	1	1	1	0	0	3	0	0	0	0	3	0	0	3	0	0	3	0	0	0	0	0	0	0	1	0	0	1	1	1	1	1	3	1	0	3	0	0	3	3	0	0	0	0	0	0	0	0	0	0	0	0	0
"cell413"	3	0	0	0	0	1	0	3	1	0	0	0	3	0	0	0	0	0	3	0	3	0	0	0	0	0	0	0	0	3	3	0	1	1	0	1	1	1	1	3	0	0	0	0	0	0	0	0	0	0	0	0	0	3	0	0	0	0	3
"cell414"	0	0	0	3	0	1	1	3	1	0	0	0	0	0	0	3	0	0	3	0	3	0	3	0	0	0	0	0	3	0	1	3	1	1	1	1	1	0	1	3	0	3	0	3	0	0	0	0	0	0	0	0	0	0	0	0	0	0	0
"cell415"	0	0	3	0	0	3	0	3	1	0	0	0	3	0	3	0	0	0	0	0	0	0	0	0	0	0	0	0	0	0	1	1	3	0	3	0	3	3	1	1	3	0	3	0	0	3	0	0	0	0	0	0	0	3	0	0	0	0	0
"cell416"	3	0	0	0	1	3	1	3	1	0	0	0	0	0	0	0	0	0	0	0	0	0	0	0	1	0	3	0	0	0	1	1	1	1	1	1	3	1	0	1	0	0	0	0	0	0	0	0	0	3	3	0	0	3	0	0	0	0	0
"cell417"	0	3	0	0	1	1	0	3	3	0	3	0	0	0	0	0	0	3	0	0	0	0	0	3	0	0	0	0	0	0	1	1	1	1	1	1	1	3	1	1	3	0	0	0	0	0	0	0	0	0	3	0	0	3	0	0	0	0	0
"cell418"	0	0	0	0	1	1	1	1	3	0	0	0	0	0	0	0	0	1	0	0	3	0	0	3	0	0	0	0	0	3	1	1	1	1	0	1	1	0	0	1	0	0	0	0	0	0	3	0	0	0	3	0	0	3	0	0	3	3	0
"cell419"	0	0	0	3	1	3	1	1	1	0	0	3	0	0	0	0	0	0	0	0	0	3	1	1	3	0	0	0	0	0	3	3	1	0	1	1	3	3	0	1	3	0	3	0	0	0	0	0	0	0	0	0	0	3	0	0	0	0	0
"cell420"	0	0	0	0	3	1	1	1	3	0	0	0	0	0	3	0	0	3	0	0	3	0	0	3	3	0	3	0	0	0	0	1	0	1	3	1	1	1	1	1	3	0	0	0	3	0	0	3	0	0	0	0	0	3	0	0	0	3	3
"cell421"	3	0	0	0	1	0	0	3	0	0	0	3	0	0	3	0	0	3	3	0	3	0	0	0	0	0	0	3	0	0	1	0	3	1	1	1	0	3	1	3	0	3	0	0	3	0	0	0	0	0	0	3	0	0	0	0	3	0	0
"cell422"	0	0	3	0	0	0	1	1	1	0	0	3	0	0	0	0	0	0	0	3	0	3	0	0	3	0	3	0	3	0	1	1	0	0	0	3	1	0	3	1	0	0	3	3	0	0	0	3	0	0	0	0	3	0	3	3	3	3	0
"cell423"	0	0	0	0	1	1	3	1	3	3	0	0	0	0	0	0	0	0	0	0	0	0	0	0	0	0	0	0	0	3	1	1	0	0	3	1	3	3	0	0	3	0	0	3	0	0	0	0	3	0	0	3	0	3	0	0	0	0	0
"cell424"	0	0	0	3	3	1	3	1	1	0	0	0	3	0	0	3	3	0	3	0	3	0	0	0	0	3	0	0	0	0	1	3	1	0	1	1	0	1	3	0	3	0	0	3	0	0	3	0	0	3	3	0	0	0	0	0	0	0	0
"cell425"	0	0	3	0	1	1	3	1	1	3	3	3	0	0	0	0	0	0	0	0	0	0	0	0	0	0	0	3	0	0	1	1	0	3	0	1	0	1	3	1	0	0	0	0	3	3	3	3	0	1	1	1	1	1	3	1	0	0	1
"cell426"	0	0	0	0	3	1	3	1	1	0	0	0	0	0	3	0	0	0	0	0	0	0	3	0	0	3	0	0	0	0	1	1	1	1	1	1	3	3	1	0	0	3	0	0	0	0	0	0	3	1	1	3	1	1	1	0	1	1	1
"cell427"	0	0	3	0	1	1	0	0	0	0	0	0	0	0	3	3	0	0	0	0	0	0	0	0	0	0	0	0	0	3	3	3	1	1	3	1	1	1	0	1	3	3	0	0	0	0	3	0	1	0	0	1	1	1	3	1	3	1	3
"cell428"	0	3	0	0	1	1	1	3	3	0	0	0	3	0	0	0	3	0	0	0	0	0	0	0	0	0	0	0	0	0	1	1	1	1	1	1	0	1	1	3	0	0	3	3	0	0	3	0	0	0	1	1	0	1	3	1	0	0	3
"cell429"	0	0	0	3	1	3	1	0	3	3	3	0	0	0	0	0	3	0	0	0	0	0	0	0	0	0	0	0	0	0	1	0	0	1	3	1	3	1	3	3	0	3	0	3	3	3	0	3	1	1	1	1	1	1	1	1	1	1	1
"cell430"	3	0	0	0	3	0	1	1	3	0	0	0	3	0	0	0	3	0	0	0	1	0	0	0	0	0	0	0	0	0	3	1	3	1	1	1	1	1	1	1	0	0	3	0	0	0	0	3	1	1	1	1	3	1	3	1	0	1	1
"cell431"	0	0	0	0	1	1	1	1	1	3	0	0	0	0	0	0	0	0	3	0	0	0	3	0	3	0	0	0	0	0	1	0	1	1	0	1	1	1	3	1	0	0	0	3	3	0	0	0	3	1	1	3	1	0	3	1	1	1	1
"cell432"	0	0	0	0	3	0	1	1	1	0	0	0	0	0	0	1	0	0	0	3	0	0	0	0	0	0	3	0	0	0	1	1	3	1	1	1	1	1	1	3	0	0	0	0	3	3	0	3	1	3	1	3	1	3	3	1	0	1	3
"cell433"	0	0	0	0	3	1	1	3	1	0	0	0	0	0	0	0	0	0	0	0	0	3	0	0	3	3	0	0	0	0	3	0	1	3	3	3	3	1	1	1	0	0	0	0	3	0	0	0	3	1	1	1	1	3	1	1	0	3	1
"cell434"	0	3	0	0	1	0	1	3	1	0	3	0	0	0	0	0	0	0	0	0	0	0	0	0	0	0	0	0	0	0	1	1	1	1	1	1	1	1	1	0	0	0	0	0	3	3	0	0	1	3	0	1	3	1	1	0	1	1	1
"cell435"	3	0	0	0	1	1	3	1	1	0	0	0	0	0	0	0	0	0	3	0	0	3	0	0	0	0	0	0	0	0	3	0	0	3	0	1	1	3	1	1	0	0	0	0	0	3	0	0	1	1	1	1	1	3	0	1	0	3	1
"cell436"	0	0	0	3	1	1	1	1	1	0	0	3	0	0	3	3	0	0	3	0	0	3	0	0	3	0	0	0	3	3	0	1	1	0	3	1	1	3	1	1	0	0	0	0	0	3	0	0	1	1	1	1	0	1	1	1	1	1	3
"cell437"	0	0	3	0	1	0	1	1	1	3	0	3	0	0	0	0	0	0	0	0	0	0	0	0	0	3	0	3	3	0	1	0	1	0	1	0	1	0	1	1	3	0	0	0	0	0	0	0	1	3	1	1	1	1	1	1	3	1	1
"cell438"	0	0	0	3	1	1	0	1	1	0	0	0	3	0	3	0	0	0	0	0	3	0	0	0	3	0	3	0	0	0	1	1	1	1	3	1	0	1	1	3	0	3	0	0	0	3	0	0	1	3	0	3	1	1	1	0	1	1	1
"cell439"	0	0	0	3	1	1	0	1	1	0	0	0	3	3	0	0	0	0	3	0	0	0	0	0	0	0	0	0	0	0	1	1	3	1	1	3	3	1	1	1	0	0	0	3	0	0	0	0	1	3	1	1	3	3	1	1	1	1	1
"cell440"	0	0	0	0	1	1	1	0	1	0	0	3	0	0	0	0	0	0	0	1	0	0	0	0	3	3	0	0	0	0	1	3	1	1	1	1	1	1	3	1	0	0	0	3	0	0	0	0	1	3	0	1	1	1	1	1	1	1	1
"cell441"	0	0	0	0	1	3	0	1	1	0	0	0	3	0	3	0	0	0	0	3	0	0	0	0	0	0	0	0	1	0	1	1	1	1	0	1	1	1	1	3	0	0	0	0	0	0	0	0	3	3	1	1	1	3	3	3	1	1	0
"cell442"	0	3	0	0	0	1	1	0	1	0	0	0	0	3	3	0	0	0	3	0	0	0	3	0	0	0	0	0	0	3	1	3	3	3	3	1	1	1	1	3	0	3	3	0	0	3	0	0	3	1	1	0	1	1	1	1	3	3	3
"cell443"	0	0	0	0	1	1	1	3	0	0	3	0	0	0	3	0	0	0	0	0	0	0	0	0	0	0	0	3	0	3	3	1	1	3	0	1	3	1	1	1	3	3	3	0	0	3	0	3	1	1	1	1	1	1	1	3	1	3	1
"cell444"	0	3	0	3	1	1	3	1	0	0	0	1	3	3	0	1	1	3	0	3	3	0	0	0	0	0	3	0	0	0	1	3	0	3	1	3	1	1	1	0	0	0	0	0	0	0	0	0	3	1	3	0	0	0	0	1	1	1	3
"cell445"	0	0	0	0	1	0	0	1	0	0	0	0	0	3	0	0	0	0	3	0	0	0	0	3	0	0	3	0	0	0	3	1	1	1	1	1	0	1	1	0	0	0	0	0	3	0	0	0	1	1	1	1	1	0	0	3	3	3	1
"cell446"	0	0	0	3	1	1	1	1	3	0	0	0	0	0	0	3	0	0	0	0	3	3	3	0	0	3	3	0	0	0	0	1	1	1	1	1	3	1	1	3	0	3	0	0	3	0	0	3	1	1	1	0	1	1	3	3	1	3	0
"cell447"	3	0	3	0	1	3	1	1	0	0	0	0	0	0	0	3	0	0	3	3	3	0	0	3	0	3	0	0	0	3	1	1	3	3	3	3	1	3	3	3	0	0	3	3	0	0	0	3	3	0	3	1	1	1	1	0	1	1	1
"cell448"	3	0	0	0	0	3	1	1	0	0	0	0	0	0	0	0	0	0	0	0	0	3	0	0	0	0	0	3	0	0	1	1	1	1	1	1	0	0	1	1	0	3	3	0	0	0	0	0	1	0	1	1	0	3	3	1	3	3	1
"cell449"	0	3	0	0	0	0	1	1	1	0	0	0	0	0	3	0	0	0	0	0	0	3	0	1	0	0	0	1	0	0	0	1	0	3	3	1	1	0	1	3	0	0	0	0	0	0	0	0	1	0	1	1	1	1	3	1	1	1	1
"cell450"	0	0	0	0	1	3	3	3	1	0	0	0	0	3	3	0	3	0	0	0	0	0	3	0	0	0	0	0	0	0	0	3	1	0	3	1	1	3	0	3	0	0	3	3	0	0	0	0	1	1	0	1	1	1	0	3	0	1	1
"cell451"	0	0	0	3	0	1	3	1	1	0	0	0	3	0	3	0	3	0	0	0	3	0	0	1	3	3	3	0	0	0	3	1	1	1	1	1	1	1	1	1	0	0	0	3	0	0	0	3	3	0	0	3	1	1	1	3	1	1	1
"cell452"	0	0	0	0	1	1	1	3	1	0	0	1	0	3	0	0	0	0	0	0	0	0	0	3	0	0	3	3	0	3	3	1	1	1	1	1	1	0	1	1	0	0	0	0	0	0	0	0	0	1	0	1	3	1	1	1	1	1	0
"cell453"	0	3	0	0	1	1	1	3	0	0	0	0	3	0	3	0	0	0	0	0	0	0	0	0	0	0	0	0	0	0	0	1	3	1	1	1	1	3	0	3	0	3	0	0	0	3	0	3	0	1	3	1	1	3	1	3	1	1	1
"cell454"	0	0	0	0	1	1	3	1	0	0	0	0	0	0	0	3	0	0	0	0	0	0	0	0	3	0	0	0	0	0	1	1	1	1	1	3	3	3	0	1	0	3	3	3	0	0	0	0	1	1	3	1	0	1	1	1	1	1	1
"cell455"	0	0	0	3	1	1	1	1	1	0	0	0	0	0	0	0	0	3	0	0	0	0	3	0	0	0	0	0	3	0	1	1	0	1	3	0	1	1	1	1	0	0	0	0	0	0	0	0	1	0	3	0	1	1	1	0	1	1	1
"cell456"	0	0	0	0	1	1	0	3	3	0	0	3	0	3	0	0	0	0	0	0	0	3	0	0	3	0	0	3	0	0	3	1	1	1	3	1	1	1	1	1	0	0	3	0	3	0	0	0	0	1	1	1	1	1	3	0	3	1	1
"cell457"	0	3	0	3	3	1	0	1	1	0	0	0	3	0	3	0	0	0	0	0	0	0	3	0	0	0	0	0	0	0	3	1	1	1	3	1	1	1	3	1	0	0	0	0	0	0	0	3	1	1	0	1	1	1	1	1	3	3	1
"cell458"	0	0	0	0	3	3	1	3	3	3	0	0	0	0	3	0	0	0	3	3	3	0	0	0	3	3	0	0	0	0	1	1	1	3	0	0	3	1	1	1	3	0	0	0	0	0	3	0	0	0	0	1	0	1	1	1	0	1	1
"cell459"	0	0	0	0	1	1	1	0	3	0	3	3	0	0	0	0	3	0	0	0	0	0	0	0	0	0	0	0	3	0	3	0	0	3	1	1	3	1	1	1	0	0	0	0	0	0	0	0	1	1	1	1	1	3	1	1	1	3	1
"cell460"	0	3	0	0	1	3	3	1	1	0	3	0	0	0	0	0	0	0	0	3	0	0	3	3	0	0	0	0	0	3	3	1	3	3	1	1	3	1	1	1	0	0	3	0	0	0	0	3	1	3	1	1	0	3	1	1	1	1	1
"cell461"	0	3	0	0	3	1	1	1	1	3	0	0	0	0	0	0	3	3	0	0	0	0	3	0	0	0	0	0	0	0	0	1	1	3	3	0	1	1	1	1	0	0	0	3	0	0	0	0	0	1	1	1	1	1	1	1	1	3	0
"cell462"	0	0	0	0	1	1	1	3	1	0	0	0	0	0	0	0	0	0	1	0	0	0	0	0	3	0	0	0	3	0	1	1	0	3	1	1	1	0	1	1	0	0	0	0	0	0	3	3	1	1	1	1	1	1	0	0	0	0	1
"cell463"	0	0	0	0	0	3	1	1	1	0	0	0	3	0	0	3	0	0	3	0	3	3	0	3	0	0	3	0	0	3	1	1	1	1	1	1	1	1	1	1	0	0	0	0	0	0	0	0	1	1	1	0	1	1	1	1	1	1	1
"cell464"	0	0	0	3	3	1	1	3	1	0	0	0	3	0	0	0	0	0	0	0	0	3	0	3	0	0	0	0	0	0	1	1	1	3	3	3	1	1	1	3	0	0	0	0	0	0	3	3	1	1	1	3	3	1	0	3	1	1	1
"cell465"	0	0	0	0	1	1	3	0	1	0	3	0	0	0	0	0	0	0	3	0	0	0	0	3	0	0	3	0	0	0	1	1	0	3	3	1	0	1	1	0	0	0	0	0	0	0	0	0	3	1	0	0	1	1	1	1	1	0	1
"cell466"	0	0	0	0	3	0	3	1	3	0	3	3	0	3	0	0	0	0	0	0	0	0	0	0	0	0	0	0	0	0	1	1	1	1	1	1	1	1	3	1	0	0	0	0	0	0	3	3	1	1	3	1	1	1	0	1	1	1	1
"cell467"	0	0	0	0	1	1	0	3	3	3	0	0	0	0	0	0	0	0	0	0	0	0	3	3	3	0	0	0	0	0	1	1	0	1	0	1	3	1	0	3	0	3	0	0	0	0	0	3	1	3	1	1	3	0	0	1	1	1	1
"cell468"	0	0	3	0	1	3	0	3	1	0	3	0	0	0	3	3	0	3	0	0	0	0	0	0	0	0	0	0	3	0	1	1	3	1	3	3	1	1	0	0	0	3	0	3	0	0	0	0	1	1	3	1	1	1	1	1	3	1	3
"cell469"	0	0	0	3	1	1	1	0	1	0	0	0	0	0	0	0	0	0	0	0	0	0	0	0	0	0	0	0	0	0	3	1	3	3	3	0	3	1	1	0	0	0	3	0	0	0	3	0	1	1	1	0	1	0	1	1	1	3	1
"cell470"	0	0	0	0	1	1	3	1	1	0	3	0	0	0	0	0	0	0	0	0	0	0	3	0	0	0	0	0	0	0	1	1	1	1	1	1	1	1	1	1	0	0	0	3	0	0	0	3	1	1	3	0	3	0	1	1	0	1	0
"cell471"	0	0	0	0	0	1	1	1	1	3	3	0	0	3	3	0	0	0	3	0	0	3	3	3	0	3	0	0	0	0	1	1	1	1	1	0	1	1	1	1	0	0	0	0	0	0	0	0	3	1	1	0	1	1	3	1	1	1	1
"cell472"	0	0	0	0	3	1	0	1	3	3	0	3	0	3	0	0	0	0	0	0	0	0	0	3	0	0	3	0	0	0	3	0	1	0	1	1	3	3	1	1	0	0	0	0	0	0	3	0	3	1	1	1	3	1	0	1	1	1	0
"cell473"	0	0	0	0	1	0	0	0	1	0	0	3	0	0	0	3	3	3	0	0	0	3	0	3	0	0	0	0	0	0	1	1	1	1	3	1	1	0	1	0	0	3	0	0	0	0	3	0	3	3	1	1	3	1	0	1	0	0	1
"cell474"	0	3	0	3	1	3	1	1	1	3	0	0	3	0	0	3	3	0	0	3	0	0	0	0	0	3	0	0	0	0	1	3	1	1	3	0	0	1	3	3	0	0	0	0	0	0	3	0	1	1	1	0	1	1	0	0	1	1	1
"cell475"	0	0	0	0	0	1	1	1	0	0	3	0	0	0	3	0	0	0	0	0	0	0	0	3	0	0	0	0	0	0	1	1	1	1	1	1	0	1	1	3	0	0	0	0	3	0	0	0	1	1	1	3	1	3	3	3	3	1	1
"cell476"	0	0	0	0	0	3	3	1	1	0	3	3	0	0	0	0	0	0	0	0	0	0	0	0	3	3	0	0	0	0	0	1	1	1	1	1	0	1	1	1	0	0	0	0	0	3	0	0	3	3	0	3	1	3	1	1	1	0	0
"cell477"	0	0	0	0	1	3	1	1	1	3	0	0	0	0	0	0	0	0	0	0	3	0	0	3	0	0	0	0	3	0	1	1	1	1	0	0	1	0	0	1	0	0	0	0	3	0	0	0	3	0	0	3	1	1	1	1	3	1	3
"cell478"	0	0	0	0	1	3	3	3	0	0	3	0	0	0	0	0	0	0	0	0	0	0	3	0	0	0	3	0	0	3	3	1	1	0	0	1	1	1	1	1	0	3	3	0	0	0	3	3	1	1	1	1	3	1	1	3	1	1	1
"cell479"	0	0	0	3	3	3	1	1	3	3	0	0	0	0	0	0	0	0	0	0	0	0	0	0	0	0	0	0	0	0	0	1	0	3	1	1	3	0	1	1	0	3	0	3	0	0	3	0	0	1	0	1	1	3	1	0	1	0	3
"cell480"	0	0	0	0	1	3	1	1	1	0	0	0	0	3	3	0	0	0	0	3	0	0	3	3	0	0	0	0	0	0	1	1	1	3	1	3	1	1	1	3	0	0	0	0	3	0	1	0	0	1	3	1	1	0	1	0	1	0	3
"cell481"	0	0	0	0	3	1	1	3	3	3	0	3	0	0	0	0	0	3	0	3	0	0	0	0	3	0	0	3	0	0	1	3	3	1	1	1	1	1	1	1	0	0	0	0	3	0	3	0	1	1	1	0	0	1	1	1	1	3	1
"cell482"	0	0	3	0	3	1	1	0	1	0	0	1	0	0	0	3	0	0	0	0	3	3	0	0	3	0	3	0	0	0	1	1	1	0	1	0	3	1	1	1	3	0	0	3	0	0	0	0	1	1	1	3	3	1	3	0	1	0	0
"cell483"	0	3	0	0	1	3	1	1	0	0	0	0	0	0	0	0	0	0	0	0	0	0	0	0	0	0	0	0	0	0	1	3	3	1	1	1	1	1	1	0	0	0	0	0	0	3	0	0	3	1	3	1	1	1	1	0	1	1	1
"cell484"	0	0	0	3	0	1	1	0	1	0	3	0	3	0	0	0	0	0	0	3	0	0	3	0	0	0	0	0	3	0	1	3	1	0	3	1	1	0	1	1	0	0	0	0	0	3	0	3	0	1	0	1	1	1	1	0	0	1	3
"cell485"	0	0	0	0	0	1	1	1	1	0	0	3	0	3	0	0	0	0	0	0	0	0	0	0	0	0	3	0	3	0	0	1	0	1	1	3	1	3	1	3	3	0	0	0	0	0	0	3	3	1	1	1	1	1	0	1	3	3	0
"cell486"	3	3	0	0	1	0	3	1	1	0	0	0	0	0	3	0	3	0	3	0	0	0	0	0	3	0	0	0	0	0	3	3	1	0	3	1	0	1	3	1	3	0	0	0	3	0	0	0	0	0	1	3	1	3	1	1	1	3	1
"cell487"	0	0	0	0	1	1	1	3	1	0	0	0	0	3	0	3	0	3	0	0	3	0	0	0	3	3	0	0	0	0	1	3	1	0	1	0	1	1	1	0	0	0	0	0	0	0	0	0	3	1	1	3	1	1	3	0	1	1	1
"cell488"	3	0	0	0	1	0	1	0	1	3	0	3	0	3	3	0	0	0	0	0	0	3	0	0	3	0	0	0	0	0	0	0	3	1	0	3	1	1	1	3	3	3	0	0	0	0	0	0	3	1	1	1	0	3	1	1	1	1	1
"cell489"	0	0	0	0	1	3	1	1	1	0	0	0	0	0	0	0	3	0	0	0	0	0	0	0	0	0	0	0	0	3	1	1	1	0	1	3	1	1	1	1	0	0	0	0	0	0	0	0	1	3	1	0	1	1	1	1	1	1	1
"cell490"	0	3	3	0	3	1	0	1	1	3	3	0	0	0	0	0	0	0	0	0	0	0	0	3	0	0	0	0	0	3	1	3	1	1	1	0	1	1	3	0	3	0	0	3	0	3	0	0	1	0	1	0	1	1	3	1	0	0	3
"cell491"	3	0	0	3	1	1	3	0	1	0	0	0	0	0	0	0	3	3	0	0	0	0	0	0	0	0	0	0	0	0	1	0	1	0	3	1	1	1	3	1	3	0	0	0	0	0	0	0	1	1	1	1	1	0	1	1	1	1	1
"cell492"	0	0	0	0	0	1	1	1	1	0	0	0	0	3	0	0	0	0	3	3	0	0	0	3	0	0	0	0	0	0	1	3	1	1	1	0	1	1	3	1	0	3	0	0	0	0	0	0	0	3	1	1	1	0	1	1	1	1	1
"cell493"	0	3	3	0	1	1	1	1	1	0	0	3	3	0	0	0	0	0	0	0	0	0	0	3	3	3	0	0	3	0	1	1	1	1	3	0	3	1	1	1	0	0	0	0	0	0	0	0	3	1	1	0	0	0	1	3	3	1	1
"cell494"	3	0	0	0	0	0	1	0	1	0	3	0	3	0	0	0	0	1	0	0	3	3	0	0	3	0	0	0	0	0	3	1	1	0	1	1	1	1	1	0	0	3	0	3	0	0	0	3	3	3	3	1	3	3	3	1	1	1	1
"cell495"	0	0	0	0	1	3	1	1	3	0	0	0	0	0	3	0	0	0	0	0	0	0	0	3	0	0	0	0	3	3	1	1	1	3	1	1	1	1	1	3	0	3	0	0	0	0	0	0	0	3	1	1	0	3	1	1	1	3	1
"cell496"	0	3	0	0	1	1	0	0	3	3	0	0	0	0	0	0	0	0	0	0	0	0	0	0	0	0	3	0	0	0	1	1	1	0	1	1	1	1	1	1	0	0	0	3	0	0	0	3	1	1	1	3	1	1	0	1	1	1	1
"cell497"	0	0	3	0	1	1	1	0	1	0	0	0	0	0	0	0	0	0	0	3	0	0	1	0	0	3	3	0	0	0	1	1	1	1	1	0	1	3	3	1	3	0	0	3	0	3	0	0	0	3	0	3	1	1	0	1	1	1	1
"cell498"	0	0	3	3	1	3	1	0	1	0	0	0	3	0	0	3	3	0	0	0	0	0	0	0	0	0	0	0	3	3	1	1	3	1	1	1	1	1	1	1	0	0	0	0	0	3	0	0	1	1	3	1	1	1	3	3	1	1	3
"cell499"	0	0	0	0	1	1	1	1	1	3	0	0	0	0	3	0	0	0	0	0	0	3	0	0	0	0	0	0	0	0	1	1	1	0	1	1	1	1	1	3	0	0	0	3	0	0	0	3	1	1	3	1	1	3	1	3	1	1	1
"cell500"	0	0	0	0	1	0	0	1	3	0	3	0	0	0	0	3	0	1	0	1	0	0	3	0	0	0	0	3	0	0	1	3	1	1	1	1	1	1	0	1	0	3	0	3	0	3	0	0	0	1	1	3	1	1	3	1	3	1	1
"cell501"	0	3	0	3	1	1	0	1	1	0	0	0	0	0	0	3	0	0	3	0	0	0	0	3	0	0	0	0	0	0	1	3	0	1	1	0	1	0	1	1	0	0	0	3	0	0	0	0	3	1	1	1	3	1	1	3	1	1	0
"cell502"	0	0	0	3	3	1	1	0	1	3	0	0	0	0	0	0	0	0	0	0	0	0	0	0	3	0	0	0	0	0	1	1	3	1	0	1	0	1	1	0	3	0	0	3	0	0	0	0	1	1	1	3	1	1	1	1	1	3	3
"cell503"	0	3	0	3	1	1	3	0	3	0	0	0	0	0	0	0	0	0	0	3	0	0	0	0	0	0	0	0	0	0	3	0	0	0	3	3	0	1	1	3	0	0	0	3	0	3	0	0	1	0	1	1	1	1	1	1	3	1	1
"cell504"	0	0	3	3	1	0	3	1	1	3	0	0	0	0	0	0	0	0	0	0	0	0	3	0	0	3	0	3	0	0	1	1	1	0	1	0	1	1	1	3	0	0	0	0	1	3	0	0	1	1	1	1	0	0	1	3	0	1	0
"cell505"	0	0	0	0	0	0	1	1	1	0	0	0	0	0	0	0	0	0	0	0	0	0	0	0	3	0	3	0	0	3	1	1	3	1	0	1	3	1	1	3	0	0	0	0	3	0	0	3	1	1	0	1	1	0	3	1	1	1	1
"cell506"	3	0	0	0	1	1	1	1	0	0	3	0	0	3	0	3	0	0	0	3	0	0	0	0	3	3	3	0	0	0	1	1	1	3	0	1	3	1	1	3	0	0	0	0	0	3	0	0	0	3	1	1	1	3	1	1	0	1	0
"cell507"	0	0	0	0	1	1	1	1	3	0	0	0	3	0	1	0	0	3	0	0	0	0	0	3	0	0	0	0	0	0	1	1	1	1	1	1	0	1	1	1	0	0	0	3	0	3	3	3	1	1	3	1	0	1	0	1	1	0	3
"cell508"	0	0	0	0	1	1	0	1	0	0	0	0	0	0	0	0	0	3	0	3	3	3	0	3	0	0	0	0	0	0	1	1	0	1	1	3	3	3	3	1	3	0	0	3	0	0	0	3	1	1	1	0	1	3	1	1	1	1	3
"cell509"	3	0	0	3	1	3	0	1	0	0	0	0	0	0	0	0	0	3	0	0	0	0	0	0	0	0	3	0	0	0	3	1	3	1	1	3	3	1	1	1	0	0	0	0	0	0	0	3	0	3	0	3	0	1	1	1	0	3	0
"cell510"	0	3	0	3	1	1	1	3	1	3	0	0	0	0	0	0	0	0	3	0	0	0	0	0	0	3	0	0	3	3	0	1	0	3	1	1	1	0	3	3	0	0	0	0	3	0	0	0	1	1	1	3	1	0	1	3	0	1	1
"cell511"	3	0	0	0	1	0	1	1	0	0	0	0	3	0	3	0	0	0	0	0	0	0	0	0	3	0	0	3	3	3	1	0	1	3	0	1	3	1	1	1	1	0	3	0	0	0	0	0	1	0	1	3	1	1	1	1	3	0	1
"cell512"	0	3	3	0	1	3	1	0	0	0	0	0	0	0	1	0	0	0	0	3	0	0	0	0	0	0	0	0	0	0	1	1	1	0	1	1	1	1	1	1	0	0	3	0	3	0	0	3	1	1	1	0	0	1	1	1	1	3	1
"cell513"	0	0	0	0	0	1	1	0	1	0	0	0	0	0	0	0	0	3	0	0	0	0	0	3	3	0	0	0	0	0	0	3	1	1	1	1	1	1	1	0	0	0	0	0	3	0	0	0	1	1	1	1	1	1	0	1	1	0	1
"cell514"	0	0	3	0	1	1	3	1	3	0	0	3	0	0	0	0	0	0	0	0	0	0	0	0	3	0	3	0	3	3	1	1	1	3	1	1	3	1	1	1	0	0	3	0	0	3	0	0	0	1	1	1	1	1	0	1	1	3	1
"cell515"	0	0	0	3	1	3	0	0	0	0	0	0	0	0	1	0	0	0	3	0	0	0	0	0	0	3	0	0	0	0	1	1	1	0	0	1	1	1	1	1	3	0	0	3	0	0	0	0	1	1	1	1	1	1	0	1	1	0	0
"cell516"	0	3	0	0	1	1	1	3	3	0	0	0	0	0	3	0	0	0	0	0	0	0	0	0	0	0	0	0	1	0	1	1	1	1	1	3	1	3	1	1	0	3	0	0	0	0	0	3	3	0	1	1	1	3	1	1	0	0	0
"cell517"	0	3	3	0	1	0	0	1	1	0	0	0	3	0	0	0	0	0	0	0	0	3	0	0	3	0	0	3	0	0	1	0	0	1	1	1	1	3	3	1	3	3	0	3	0	0	0	0	1	0	1	1	3	1	1	1	3	3	1
"cell518"	0	0	0	0	1	1	1	1	1	3	0	0	0	0	0	3	0	3	0	0	0	0	0	0	0	0	0	0	0	0	3	1	3	3	3	3	1	1	3	3	0	0	0	3	0	0	0	3	1	1	3	1	3	0	1	1	3	1	0
"cell519"	0	0	0	0	0	3	1	1	0	0	0	3	0	3	0	0	3	0	0	3	0	0	0	3	0	0	0	3	0	0	3	0	0	1	1	1	3	1	3	1	0	0	0	0	3	0	0	3	3	1	1	1	0	1	3	3	1	1	1
"cell520"	3	0	0	0	0	1	1	1	1	0	0	0	0	0	3	0	0	0	0	0	0	0	3	0	3	0	0	0	0	0	1	1	0	3	3	1	0	1	1	1	3	0	0	3	0	0	0	0	1	1	3	1	1	1	3	0	1	3	0
"cell521"	0	0	3	0	1	1	3	0	1	3	0	0	3	0	0	3	0	0	0	0	0	0	3	0	0	0	0	3	0	3	1	0	1	1	1	3	1	1	0	1	0	0	0	0	0	0	0	0	1	1	0	1	1	0	0	1	1	1	1
"cell522"	0	0	3	0	1	3	1	1	1	0	0	0	0	0	0	0	0	0	0	0	0	0	0	0	0	0	0	0	0	0	3	1	1	1	1	3	1	1	1	1	0	0	0	3	0	3	0	0	1	1	1	0	1	1	3	3	1	1	0
"cell523"	0	0	0	0	0	1	1	1	0	3	0	0	0	3	3	0	0	3	0	0	0	0	3	3	0	0	3	0	0	3	0	1	0	1	1	3	1	3	1	3	3	0	0	0	3	0	0	3	1	1	1	1	0	1	1	1	1	3	3
"cell524"	3	0	0	3	0	1	0	1	3	3	0	0	3	0	3	3	0	3	0	0	3	0	0	3	3	3	0	0	0	0	1	1	3	0	0	1	3	1	1	1	0	3	0	3	3	0	0	0	0	1	1	1	3	3	1	1	1	0	1
"cell525"	0	0	0	0	1	0	1	3	1	3	0	0	0	0	0	0	0	0	3	3	0	0	3	3	0	0	0	0	0	0	0	1	0	3	1	1	1	1	3	1	3	0	0	3	0	0	0	0	1	3	0	1	1	1	3	3	0	1	1
"cell526"	0	0	3	0	0	1	3	1	1	3	0	0	0	0	0	0	3	0	0	0	3	3	0	0	0	0	0	0	0	0	1	1	3	3	3	3	1	1	3	0	0	1	0	0	0	0	0	0	1	1	3	1	1	1	1	0	1	1	1
"cell527"	0	3	3	0	0	1	1	1	1	0	0	0	0	0	0	0	0	3	0	0	0	0	0	0	0	3	0	0	0	0	1	0	1	0	3	1	1	1	1	0	0	0	0	0	0	0	3	0	1	0	1	0	1	1	3	3	1	1	3
"cell528"	0	0	0	0	3	1	3	1	1	0	3	0	0	0	0	0	0	0	3	0	0	0	0	0	0	0	0	0	0	0	1	3	3	1	1	3	3	1	3	1	0	3	0	0	0	0	0	0	3	3	0	3	1	1	1	1	1	3	3
"cell529"	0	1	0	0	1	1	1	3	3	0	0	0	3	0	0	3	0	0	0	0	0	0	3	3	3	0	3	0	3	0	1	1	1	1	1	1	1	1	1	0	0	1	3	3	0	3	0	3	0	0	1	3	1	1	1	3	1	0	1
"cell530"	0	0	0	0	1	1	1	3	3	0	0	3	0	3	3	0	0	0	0	0	3	0	0	0	3	0	0	0	0	0	3	0	1	1	1	1	1	0	0	3	0	0	0	0	0	0	0	0	1	1	1	1	0	1	1	1	0	1	1
"cell531"	0	0	0	0	1	3	0	1	1	0	0	3	0	0	0	0	0	0	0	0	3	0	0	0	0	0	0	0	3	0	3	0	1	3	1	1	1	0	3	3	3	0	0	0	0	3	0	0	1	1	0	1	1	3	1	3	3	3	3
"cell532"	3	0	0	0	1	1	1	1	1	3	0	0	0	0	0	0	3	0	0	0	0	0	0	0	0	3	0	0	1	0	3	1	3	1	1	1	1	1	1	1	0	0	0	0	0	0	0	3	1	1	3	1	3	1	3	1	1	1	1
"cell533"	0	0	0	0	1	1	1	1	1	0	0	0	0	0	0	0	0	3	0	0	0	0	0	0	0	0	3	0	3	0	1	3	3	0	0	3	3	0	3	1	0	3	0	3	3	0	0	0	1	3	3	1	1	1	1	1	0	1	1
"cell534"	0	3	0	0	1	1	3	1	3	0	0	0	0	0	0	0	3	3	0	0	0	0	0	0	0	0	0	0	0	0	1	1	1	1	1	1	1	1	1	1	0	0	0	0	0	0	0	0	1	1	3	1	1	0	3	3	1	3	0
"cell535"	3	3	0	0	1	1	3	3	1	0	0	0	0	0	0	0	3	0	0	3	0	0	3	0	0	0	0	0	0	3	0	3	1	0	1	1	3	3	1	3	0	0	0	0	3	0	0	3	3	1	1	1	1	1	1	0	3	1	1
"cell536"	0	0	0	3	1	1	1	1	3	3	0	3	0	0	0	0	0	0	3	0	0	0	3	3	0	0	3	0	0	0	3	1	1	1	1	3	1	1	0	1	3	0	0	0	0	0	0	0	1	1	1	3	0	1	0	3	1	1	1
"cell537"	3	0	0	3	3	1	0	1	1	0	3	0	3	0	0	0	0	0	0	0	0	0	0	3	0	0	0	0	0	0	1	1	1	3	1	3	0	1	3	1	0	0	3	3	0	3	0	0	3	3	1	1	3	1	0	3	0	1	1
"cell538"	0	0	0	0	1	0	0	3	1	0	0	1	0	3	0	3	0	0	0	0	3	0	0	0	3	0	3	0	0	0	0	1	0	3	0	3	1	1	1	1	0	0	3	0	0	0	0	0	3	1	1	1	0	1	1	0	1	0	0
"cell539"	3	0	0	0	1	1	1	1	1	0	3	0	0	3	0	0	3	0	0	0	0	0	3	3	0	0	0	0	0	0	1	0	0	1	1	1	1	1	1	1	3	0	3	0	0	0	0	0	1	3	3	0	3	1	1	1	1	1	1
"cell540"	3	3	0	0	1	1	1	1	3	0	0	0	3	0	3	0	0	0	0	3	3	3	3	0	3	0	0	0	0	0	1	1	1	1	1	3	1	1	0	3	0	0	3	0	0	3	0	0	1	0	1	1	3	1	3	1	1	1	1
"cell541"	0	3	0	0	1	1	1	1	1	0	0	0	0	0	0	0	0	0	0	0	3	0	0	0	0	0	0	0	0	0	1	1	1	1	3	3	3	1	1	3	0	0	0	0	0	0	0	0	1	1	3	3	1	3	1	3	1	1	1
"cell542"	0	3	0	0	1	1	1	3	0	0	0	0	3	0	0	0	0	0	3	0	0	0	0	0	0	3	0	0	3	0	1	0	0	1	3	3	1	1	1	1	0	0	0	3	0	0	0	0	3	1	1	1	3	3	1	1	0	3	1
"cell543"	0	0	0	0	1	3	1	0	0	0	0	0	3	3	0	0	3	0	3	3	0	3	0	3	0	0	0	0	0	0	1	1	3	0	3	1	1	1	1	1	0	0	0	3	0	3	3	0	1	1	1	1	3	3	1	1	3	1	1
"cell544"	0	0	0	0	3	1	3	3	1	0	0	0	3	0	3	0	3	0	0	0	3	0	0	0	0	0	3	0	0	3	3	0	0	1	0	1	1	1	1	1	3	0	0	0	0	0	0	0	1	1	1	1	1	3	1	1	1	0	3
"cell545"	0	3	0	0	1	1	1	1	1	0	0	0	0	3	0	0	3	0	0	0	0	0	3	3	3	0	0	0	3	3	1	1	1	0	1	1	1	1	1	1	0	3	0	0	0	0	0	0	1	1	3	1	1	0	1	1	1	3	1
"cell546"	0	3	0	0	1	3	1	1	1	0	0	0	0	3	0	0	0	0	0	3	3	0	0	0	0	0	0	0	0	0	3	1	3	1	1	1	1	1	0	0	0	0	0	0	0	0	0	0	1	3	1	3	3	1	1	3	3	1	1
"cell547"	0	0	3	3	3	0	1	0	1	0	0	0	0	0	3	0	0	0	0	0	0	3	0	0	0	0	0	0	0	0	1	1	1	1	1	3	0	0	1	3	3	0	0	0	0	0	0	3	3	3	0	0	1	3	1	3	1	0	1
"cell548"	3	0	0	0	1	1	1	3	1	0	0	3	0	0	0	0	0	0	0	0	3	0	0	0	0	0	0	0	0	3	1	1	1	1	1	1	1	1	3	0	0	0	3	0	0	0	0	0	1	1	1	0	1	1	1	1	1	3	1
"cell549"	3	1	0	0	1	1	3	1	1	0	0	3	0	0	0	0	0	0	0	0	0	0	0	0	0	3	0	0	3	0	1	1	1	3	3	1	0	3	1	3	3	0	0	3	0	3	0	0	1	0	1	0	0	1	1	1	1	1	3
"cell550"	0	0	3	0	1	1	0	1	1	0	0	0	3	3	0	3	0	3	0	0	0	0	0	0	0	0	0	3	0	0	1	1	0	1	1	1	1	1	1	3	0	0	0	0	0	3	0	0	1	0	1	1	1	1	3	1	1	1	3
"cell551"	0	0	0	3	1	1	0	3	1	0	0	0	0	0	0	0	0	0	0	0	0	0	0	0	0	0	0	3	0	0	1	3	0	3	1	1	1	0	1	1	3	0	0	0	3	3	0	0	1	0	1	3	3	1	1	1	1	1	3
"cell552"	0	0	0	3	1	1	0	1	0	0	0	0	0	0	3	0	0	0	0	0	0	0	0	3	3	0	0	3	0	0	0	0	1	1	1	1	0	1	1	1	0	0	0	3	3	3	3	0	1	1	3	1	3	1	3	1	3	0	1
"cell553"	0	0	3	0	1	1	1	1	1	3	0	0	3	0	3	0	0	0	0	0	0	0	0	0	0	3	0	0	3	3	1	1	1	1	1	0	1	1	1	1	0	0	0	0	0	3	0	0	1	1	0	0	0	1	0	0	0	1	0
"cell554"	0	0	0	0	1	1	1	0	0	3	0	0	0	0	3	0	0	0	3	3	0	0	0	0	0	0	0	0	0	3	1	1	3	1	3	0	1	1	3	0	0	3	0	0	0	0	0	3	0	1	1	1	0	3	0	1	1	1	1
"cell555"	3	3	0	0	1	1	0	1	1	0	0	0	0	0	0	0	0	0	3	0	0	0	3	3	3	0	3	0	0	3	0	0	3	1	0	1	1	0	0	3	0	3	0	3	3	0	0	0	1	1	3	0	1	1	3	1	1	1	1
"cell556"	0	0	3	0	3	1	3	1	1	0	0	0	0	3	0	0	3	3	0	0	1	0	0	3	0	3	0	0	3	0	0	3	1	1	1	3	0	1	3	3	0	3	0	0	0	0	0	0	1	1	3	1	3	1	1	1	1	3	1
"cell557"	0	0	3	0	3	1	1	3	1	0	3	0	0	0	0	0	0	0	0	0	0	0	0	0	1	0	3	0	0	0	1	1	3	1	1	3	1	1	1	1	0	3	0	3	0	3	0	0	1	1	1	1	1	1	0	0	0	1	1
"cell558"	3	0	0	0	1	1	1	1	1	0	0	0	0	0	0	0	0	0	3	3	0	0	0	3	0	0	0	0	0	3	1	0	1	0	3	1	1	0	1	1	0	3	0	0	0	3	0	3	1	3	1	3	1	3	3	1	1	1	1
"cell559"	0	0	0	3	1	1	1	3	3	0	3	0	0	0	0	3	3	0	0	0	0	0	0	0	0	3	0	3	0	0	1	3	1	1	1	1	1	1	1	1	0	0	0	3	0	0	0	0	0	3	0	0	0	1	1	1	1	1	3
"cell560"	0	0	0	0	0	3	1	1	0	0	0	0	0	0	0	0	0	0	0	0	0	0	0	0	0	0	0	0	0	0	1	3	1	1	3	1	3	1	1	1	0	0	0	0	0	0	3	0	1	3	1	3	1	1	1	1	1	1	1
"cell561"	0	3	0	0	3	3	1	1	3	0	0	0	3	0	0	3	0	0	3	0	0	0	0	0	0	0	0	0	3	3	1	1	1	1	1	1	1	1	1	1	0	3	0	3	0	0	0	0	1	0	3	1	0	1	1	0	3	1	3
"cell562"	0	0	3	0	0	3	0	1	3	0	0	0	0	1	0	0	0	3	0	0	0	3	0	3	0	0	0	0	0	0	3	3	3	1	1	1	1	3	1	3	0	3	3	0	0	0	3	0	1	1	1	1	1	0	1	0	1	1	3
"cell563"	0	3	3	0	3	3	1	0	3	3	0	0	0	0	0	0	0	0	3	0	0	0	0	0	0	0	0	0	0	0	3	0	1	1	1	1	1	0	0	3	0	0	0	0	0	0	0	0	0	0	0	1	1	1	1	3	1	3	1
"cell564"	0	0	0	0	3	0	0	3	1	0	3	0	0	0	0	0	0	0	0	0	0	0	0	0	0	0	3	0	0	0	1	1	1	1	3	1	1	3	1	1	0	0	0	0	0	0	3	0	1	1	1	1	1	1	1	0	1	1	3
"cell565"	0	0	3	0	1	1	1	1	1	0	0	3	0	0	0	0	3	3	0	0	3	0	0	0	3	0	0	0	3	0	1	1	1	1	3	1	3	1	3	1	0	0	3	0	0	3	0	0	1	1	1	1	3	1	1	0	1	1	1
"cell566"	0	0	3	0	1	0	1	0	1	0	0	0	0	0	0	3	0	0	0	0	0	0	0	0	0	0	0	3	0	0	3	1	1	3	1	3	1	1	3	1	1	0	3	0	0	0	0	0	1	1	1	1	1	1	3	1	1	1	1
"cell567"	0	0	0	0	1	1	3	3	1	0	0	0	3	0	0	0	0	3	0	0	3	0	0	0	0	0	3	0	0	0	1	0	1	1	1	1	1	0	1	1	0	0	0	0	0	3	3	0	1	3	3	3	3	1	0	1	1	1	1
"cell568"	0	0	0	0	1	3	1	3	0	0	0	0	0	0	0	0	3	3	0	0	3	3	3	3	0	3	0	0	0	0	1	3	1	0	1	1	1	1	1	1	0	0	0	0	3	0	0	0	1	1	3	0	1	3	1	1	1	1	1
"cell569"	0	3	0	3	1	1	1	1	1	0	0	0	0	0	0	0	0	0	0	0	0	0	0	3	0	0	0	0	0	0	1	1	3	1	0	1	1	1	1	1	3	0	0	3	0	0	0	0	1	1	1	1	0	1	0	1	3	0	3
"cell570"	0	0	0	0	1	1	1	1	1	3	0	0	3	0	1	0	0	0	0	3	0	0	3	0	0	0	3	0	0	0	1	1	1	1	1	1	1	0	1	1	0	0	0	0	0	0	0	3	3	1	0	0	1	1	0	0	1	1	1
"cell571"	0	0	0	0	0	3	1	1	1	0	0	3	0	0	0	0	0	0	0	3	0	0	3	0	0	0	0	0	0	0	0	1	1	1	3	1	1	1	1	1	0	0	0	3	0	3	0	0	3	0	1	1	1	1	3	0	0	1	1
"cell572"	0	0	0	0	1	1	1	1	1	0	3	0	3	3	0	0	0	0	0	3	0	3	0	0	3	0	0	3	0	0	0	0	1	1	0	3	1	0	3	0	0	0	0	0	0	0	0	0	0	1	3	1	1	0	1	1	3	1	0
"cell573"	0	0	0	0	3	3	1	0	1	3	0	0	0	0	3	0	0	0	0	0	0	0	0	0	0	3	3	0	0	0	3	3	1	3	1	0	1	1	1	1	0	0	0	0	0	0	0	3	3	1	1	1	1	1	1	0	3	1	1
"cell574"	3	0	0	3	1	1	1	1	1	0	0	0	3	0	0	0	0	3	3	0	0	3	0	0	3	0	0	0	0	0	1	3	1	3	3	3	1	3	3	1	0	3	0	0	0	0	0	0	1	3	1	1	1	1	1	3	0	1	1
"cell575"	0	0	0	0	1	1	3	1	1	3	0	0	0	0	0	3	3	0	0	0	3	3	0	0	0	0	0	0	0	0	1	3	1	1	1	0	0	1	1	3	0	0	0	3	3	0	3	0	1	1	1	1	1	1	1	1	1	3	1
"cell576"	0	0	0	0	3	1	1	1	3	3	0	0	0	3	0	3	3	0	0	0	0	0	0	3	0	0	0	0	0	0	1	1	1	3	1	1	3	1	1	1	0	0	3	3	0	0	0	0	1	1	1	1	3	3	1	1	1	0	0
"cell577"	0	3	0	0	1	3	3	1	1	3	0	0	0	0	3	3	0	3	0	0	0	0	0	0	0	3	0	3	3	0	0	1	1	1	1	1	0	1	0	0	3	0	0	3	0	0	0	0	1	1	3	1	0	1	1	1	1	1	1
"cell578"	0	0	0	0	1	1	1	1	3	0	0	0	0	0	0	0	0	0	3	0	0	0	0	0	0	0	3	0	3	0	3	1	0	0	1	1	0	1	1	0	0	0	0	3	0	0	0	0	1	0	1	1	3	1	0	3	1	1	3
"cell579"	0	0	0	0	1	1	1	1	1	3	0	3	0	0	0	0	3	0	0	3	0	0	0	0	0	3	0	0	0	0	0	3	1	1	1	1	1	3	1	1	0	0	3	3	0	0	0	0	1	1	1	1	1	1	0	1	0	1	3
"cell580"	0	0	3	3	1	0	1	1	0	0	0	0	0	0	0	0	0	0	0	0	3	0	0	0	1	0	0	0	0	0	1	1	1	1	1	0	0	1	1	1	0	0	0	3	0	0	3	0	1	1	1	1	1	1	0	1	1	3	1
"cell581"	0	0	0	0	3	0	1	1	3	0	3	0	0	0	3	0	0	0	3	0	0	3	0	0	0	0	0	3	0	0	3	3	1	1	1	1	1	1	1	1	0	0	3	3	0	0	0	3	1	1	3	3	1	3	1	1	1	1	1
"cell582"	0	0	3	3	1	1	1	1	0	0	0	3	0	0	0	0	0	0	0	0	0	3	3	0	0	0	0	0	0	0	3	1	3	1	1	1	1	1	1	1	0	0	3	0	0	0	3	0	1	1	1	0	0	3	1	3	3	0	1
"cell583"	3	0	0	0	0	1	1	1	1	3	0	0	0	0	0	0	0	3	0	3	3	3	0	0	0	3	3	0	0	0	0	3	1	1	3	3	1	1	1	1	3	0	0	0	3	0	0	0	3	0	1	1	1	1	1	1	1	3	1
"cell584"	0	0	0	0	1	1	1	1	0	0	3	0	0	0	0	0	0	0	3	0	0	3	0	0	3	0	0	0	0	0	0	1	1	0	0	1	1	3	3	0	3	0	0	3	0	0	0	0	1	1	3	0	0	0	1	3	1	3	1
"cell585"	1	0	0	0	0	1	1	1	1	0	0	3	3	0	0	0	0	0	3	0	3	0	3	0	3	3	0	3	0	3	3	1	1	1	3	1	1	0	1	3	0	0	0	0	3	0	0	0	1	1	1	0	1	1	3	1	1	1	3
"cell586"	0	0	0	3	1	1	0	1	3	0	3	0	0	0	0	0	3	0	3	0	3	0	0	0	0	3	0	0	0	0	1	1	1	1	3	1	0	3	0	1	3	0	0	0	0	0	0	0	1	1	0	1	1	1	1	0	1	3	3
"cell587"	3	0	0	0	1	1	0	1	1	0	0	3	0	0	0	0	0	0	3	3	0	0	0	0	0	0	0	0	0	0	3	1	1	1	1	1	3	1	1	1	0	0	3	0	0	0	0	0	3	1	0	1	0	1	3	3	3	1	1
"cell588"	0	0	3	0	1	1	1	1	1	0	0	3	0	0	0	0	3	0	0	3	0	0	3	0	0	0	3	3	0	0	1	1	1	1	1	1	0	3	1	1	0	3	3	3	0	0	3	0	1	3	3	1	3	3	1	3	3	1	3
"cell589"	0	0	0	0	1	3	1	1	1	0	3	3	0	0	0	3	0	3	0	0	0	0	0	0	0	3	0	0	0	3	1	0	1	1	1	3	3	0	1	0	0	0	0	3	0	0	3	0	1	1	1	1	1	1	1	1	3	1	1
"cell590"	3	0	0	0	0	3	1	0	1	3	0	0	0	3	0	0	0	0	0	0	0	0	0	0	0	0	0	3	0	0	1	1	1	1	1	1	3	1	0	0	0	3	0	0	0	3	0	0	1	1	1	1	1	0	1	0	1	1	1
"cell591"	0	1	0	3	1	0	3	1	0	0	3	0	0	3	0	3	0	3	0	0	0	0	0	3	0	0	0	0	3	0	1	1	0	1	1	3	1	3	1	1	3	3	3	0	0	0	0	0	3	1	0	0	1	1	1	3	0	1	3
"cell592"	3	0	0	3	1	1	3	0	1	0	0	0	3	0	0	0	3	0	0	0	0	3	0	0	3	0	3	0	0	0	1	0	0	1	1	1	1	0	0	1	0	3	0	0	0	0	0	0	1	3	1	1	1	3	3	3	1	1	1
"cell593"	0	0	0	3	1	1	0	1	1	0	3	0	0	3	0	0	0	0	3	3	0	0	3	0	3	3	3	0	0	0	3	0	1	1	1	1	3	1	1	1	3	0	0	0	0	0	0	0	1	1	1	3	0	1	1	1	1	0	1
"cell594"	0	0	0	0	0	1	0	1	3	3	0	0	3	0	0	0	0	0	0	0	0	0	3	0	0	0	0	0	0	0	1	1	1	3	0	0	0	1	0	1	0	0	0	0	0	0	0	0	1	3	1	1	3	1	0	3	0	1	1
"cell595"	0	0	0	0	0	0	3	3	1	0	0	0	0	0	3	3	3	0	0	0	0	3	0	0	0	0	0	0	3	0	1	1	3	3	1	1	1	1	0	1	0	3	0	0	0	0	0	0	1	1	1	3	1	1	1	1	1	1	3
"cell596"	0	0	0	3	1	1	1	1	1	3	0	3	0	3	0	0	3	0	0	3	0	0	0	0	3	0	0	0	0	3	1	1	1	1	3	1	1	1	0	1	3	3	0	0	0	0	0	3	3	3	1	1	3	3	1	1	3	1	3
"cell597"	0	3	0	3	1	0	1	1	1	0	0	0	0	0	0	0	0	0	0	0	0	3	0	0	0	3	0	0	0	3	1	1	1	0	1	3	1	0	1	1	0	0	0	0	3	0	0	0	3	3	1	1	1	1	1	1	1	1	1
"cell598"	0	0	0	0	3	1	3	3	0	3	0	0	0	0	3	0	0	0	0	0	3	0	0	0	0	0	0	0	3	0	1	1	1	1	1	3	3	0	1	3	0	0	0	0	0	0	0	0	1	1	1	1	1	1	1	3	1	1	3
"cell599"	0	0	3	0	1	0	0	1	3	0	0	0	0	0	0	0	3	0	0	3	0	0	0	0	3	0	0	0	0	0	3	1	1	1	0	1	1	1	3	1	0	0	0	0	0	3	0	0	1	1	1	1	0	3	1	1	1	1	1
"cell600"	0	0	0	0	1	1	3	3	0	1	0	0	0	0	0	0	3	3	0	3	0	0	0	0	0	0	0	0	3	0	0	1	1	3	0	3	1	1	1	3	0	0	0	3	0	0	0	0	3	3	1	1	1	1	0	1	3	0	1
