""	"SNV0"	"SNV1"	"SNV2"	"SNV3"	"SNV4"	"SNV5"	"SNV6"	"SNV7"	"SNV8"	"SNV9"	"SNV10"	"SNV11"	"SNV12"	"SNV13"	"SNV14"	"SNV15"	"SNV16"	"SNV17"	"SNV18"	"SNV19"	"SNV20"	"SNV21"	"SNV22"	"SNV23"	"SNV24"	"SNV25"	"SNV26"	"SNV27"	"SNV28"	"SNV29"	"SNV30"	"SNV31"	"SNV32"	"SNV33"	"SNV34"	"SNV35"	"SNV36"	"SNV37"	"SNV38"	"SNV39"	"SNV40"	"SNV41"	"SNV42"	"SNV43"	"SNV44"	"SNV45"	"SNV46"
"cell1"	1	3	1	1	1	1	0	0	0	0	0	0	3	0	3	3	0	3	3	0	0	0	0	0	0	0	3	0	0	0	0	0	0	0	0	0	0	0	0	0	0	3	0	0	0	3	3
"cell2"	1	1	1	3	1	1	0	0	0	0	0	0	0	0	0	3	0	0	0	0	0	0	0	0	0	0	0	0	3	0	3	0	0	3	0	0	3	0	0	0	0	1	0	0	0	3	3
"cell3"	1	1	3	1	1	1	0	3	3	0	0	0	0	0	0	0	0	0	0	3	0	0	3	0	0	0	3	0	0	0	0	0	0	0	3	0	0	0	0	0	0	0	0	0	0	0	3
"cell4"	3	1	1	1	1	1	0	0	0	0	0	0	0	0	0	0	0	0	0	0	3	3	0	0	0	0	0	3	0	0	0	0	0	0	0	3	0	3	0	0	0	0	0	3	0	0	0
"cell5"	1	3	0	3	1	3	3	3	3	0	0	0	0	0	0	0	0	0	0	3	0	0	0	0	0	3	0	3	0	0	0	3	0	0	3	0	0	0	0	3	3	0	0	3	0	0	0
"cell6"	3	1	3	3	3	3	0	1	0	0	0	0	0	0	0	3	0	0	0	0	0	0	0	3	0	0	0	0	0	0	0	0	0	0	3	3	0	0	0	3	0	0	0	0	0	3	0
"cell7"	0	0	1	1	3	3	3	3	0	0	3	0	0	0	3	0	0	0	0	0	0	0	3	0	0	0	0	0	0	0	0	0	0	0	0	0	0	0	0	0	0	0	0	0	0	0	0
"cell8"	1	3	1	1	0	3	1	0	0	0	0	0	0	0	0	0	0	3	3	3	0	0	0	0	3	0	0	0	0	0	0	0	0	3	0	0	0	0	0	0	0	3	0	0	0	0	0
"cell9"	3	1	3	1	1	3	0	0	0	0	0	0	0	3	0	0	0	0	0	0	0	0	0	0	0	0	0	0	3	0	3	0	0	3	3	0	0	0	3	0	0	0	0	0	0	0	3
"cell10"	1	1	3	1	1	1	0	0	0	0	0	0	0	0	0	0	3	0	3	0	0	0	0	0	0	1	0	0	0	0	3	3	0	0	0	0	3	0	0	0	0	0	0	0	0	3	0
"cell11"	0	0	1	1	1	1	0	0	3	0	0	3	0	3	3	3	0	3	0	0	0	0	0	0	0	3	0	0	0	0	3	0	0	0	3	0	3	0	0	0	0	3	0	0	0	0	0
"cell12"	1	1	0	3	1	0	3	0	0	3	0	0	3	0	0	0	0	0	0	0	0	3	0	0	0	0	3	0	0	0	0	0	0	0	3	0	0	0	3	0	0	0	0	0	0	0	0
"cell13"	1	1	3	3	1	0	0	0	0	0	0	0	3	0	0	0	0	0	0	3	0	0	0	0	0	0	0	0	0	0	0	0	0	0	0	3	0	0	0	0	0	0	0	0	0	0	0
"cell14"	1	1	0	0	1	1	0	0	0	3	0	0	0	0	0	0	0	0	0	0	0	0	0	0	3	0	0	3	0	0	0	0	0	0	0	3	0	0	0	0	0	0	0	0	3	3	0
"cell15"	1	0	1	1	3	0	0	0	3	0	0	0	0	0	3	0	0	0	3	3	0	0	3	0	0	0	3	3	0	0	0	0	0	0	0	0	0	3	0	0	0	3	3	0	0	0	0
"cell16"	1	1	0	0	3	1	0	0	0	0	3	0	0	0	0	0	0	0	0	0	0	0	0	3	0	0	3	3	3	0	0	0	0	0	0	0	0	0	3	0	0	0	0	0	0	0	0
"cell17"	0	1	0	1	3	1	0	0	0	0	0	3	3	0	0	0	0	3	0	0	0	3	0	0	3	0	0	0	0	0	0	0	0	3	0	0	0	0	0	0	0	0	0	3	0	0	0
"cell18"	0	3	1	0	1	1	0	0	0	0	0	0	0	0	0	0	0	0	0	0	0	0	1	0	0	3	0	3	0	0	0	0	0	0	0	0	0	0	3	0	3	0	0	0	3	3	0
"cell19"	3	1	1	1	3	3	0	3	0	0	3	0	0	0	0	0	0	3	3	0	0	0	0	3	0	0	0	0	0	0	0	0	0	3	0	3	0	0	3	3	0	3	0	0	3	0	0
"cell20"	1	0	1	1	3	1	0	0	3	0	0	0	3	0	0	3	0	0	0	0	0	0	0	0	0	3	0	0	3	0	3	3	0	0	0	0	0	0	0	0	0	0	0	0	0	0	0
"cell21"	1	1	1	0	1	3	0	0	0	0	0	3	0	0	0	0	3	0	0	0	0	0	0	3	0	0	0	0	0	0	0	0	0	0	0	3	0	0	0	0	3	0	0	0	0	0	0
"cell22"	0	3	3	3	3	1	0	0	0	3	0	0	3	0	0	0	0	3	0	0	0	0	0	0	0	3	0	3	3	0	0	0	0	3	0	0	3	0	0	0	0	0	0	3	0	1	0
"cell23"	1	1	3	1	3	1	0	0	0	3	0	0	0	0	0	0	0	0	0	0	0	0	0	0	3	0	0	0	3	0	0	0	0	0	0	0	0	0	0	0	0	0	0	0	3	0	3
"cell24"	1	1	3	1	1	1	3	0	0	0	0	0	0	0	3	0	0	3	0	0	0	0	0	0	0	0	3	1	0	0	3	0	0	0	0	0	0	0	0	0	0	3	0	0	0	0	3
"cell25"	1	1	1	0	1	1	0	3	0	0	0	0	3	3	3	3	0	0	3	0	0	0	0	0	3	0	0	0	0	0	0	0	0	0	0	0	0	0	0	0	0	0	0	0	0	3	0
"cell26"	1	1	1	1	0	1	0	0	0	1	0	0	0	0	3	0	0	0	0	0	0	0	0	0	0	0	0	0	0	3	0	3	3	0	0	0	0	0	0	0	0	0	0	0	0	0	0
"cell27"	1	0	1	3	1	3	3	0	3	0	0	0	0	0	0	0	0	0	3	0	0	0	0	0	0	0	3	0	0	0	0	0	0	0	3	0	0	0	0	0	0	0	0	3	0	3	3
"cell28"	0	1	1	1	1	1	0	3	0	0	0	0	0	0	0	0	0	3	0	0	0	0	0	0	0	0	0	3	0	0	3	0	0	0	0	0	0	0	0	0	0	0	0	0	0	3	0
"cell29"	1	1	1	1	1	1	3	0	0	3	0	0	0	0	0	0	0	0	0	0	0	0	0	3	3	0	0	0	0	0	0	0	0	0	0	0	0	0	0	0	1	3	3	0	0	0	0
"cell30"	1	1	0	0	1	3	0	0	0	0	0	0	0	0	0	0	3	0	0	0	0	0	0	0	0	0	3	0	0	0	0	0	0	3	0	0	0	0	3	3	0	0	0	0	0	0	0
"cell31"	1	3	1	3	0	1	0	0	0	3	0	3	0	0	0	0	0	0	0	0	0	0	0	0	0	0	0	3	3	0	0	0	3	0	3	0	0	0	3	0	0	3	0	0	0	0	0
"cell32"	3	3	1	1	1	1	3	0	0	0	0	0	0	0	0	3	0	0	0	0	0	0	0	3	0	0	0	0	0	0	3	0	0	0	0	0	3	0	0	3	0	3	0	3	0	0	0
"cell33"	1	3	1	1	1	1	3	3	0	0	0	0	3	3	0	0	0	0	0	0	0	0	0	0	0	0	0	0	3	0	3	0	3	0	0	0	0	0	0	0	0	0	0	0	3	0	0
"cell34"	3	3	1	0	1	3	3	0	0	0	0	0	0	0	3	0	0	0	0	0	0	0	0	0	3	0	3	0	0	0	0	0	0	0	0	0	0	0	3	3	0	0	0	0	0	0	3
"cell35"	1	3	1	1	0	0	0	0	0	0	0	0	0	0	3	3	0	0	0	3	0	0	3	0	0	0	0	0	0	0	0	3	0	0	0	0	0	0	0	1	0	0	0	0	0	0	0
"cell36"	1	1	1	1	3	1	0	0	0	0	0	0	0	0	0	0	0	3	0	0	3	1	0	0	0	0	0	0	0	0	0	0	0	0	0	0	0	0	0	0	0	0	0	0	0	3	0
"cell37"	3	0	3	1	1	1	3	0	0	0	0	3	0	3	0	0	0	0	0	0	0	0	3	0	0	0	0	0	0	0	0	0	0	3	0	0	0	0	3	3	0	0	3	0	0	0	0
"cell38"	1	1	1	0	3	1	0	0	3	0	0	0	0	0	3	0	0	0	3	0	0	0	0	3	0	3	0	0	0	0	3	0	0	0	0	0	0	3	0	0	0	1	0	0	0	0	0
"cell39"	3	1	3	3	1	1	0	0	0	0	0	0	0	0	0	0	0	0	0	3	3	0	0	0	3	3	0	0	0	0	3	3	3	0	0	0	0	0	0	0	0	0	0	0	3	3	3
"cell40"	0	1	1	1	3	1	0	0	0	0	0	0	3	0	3	0	0	0	0	3	0	0	3	0	0	0	3	3	0	3	3	3	3	0	0	0	3	0	0	3	1	0	0	0	0	0	0
"cell41"	3	1	1	1	1	3	0	0	0	0	0	0	0	0	0	0	3	0	0	3	0	0	0	0	0	0	0	0	0	0	3	3	0	0	3	3	0	0	0	0	3	0	0	0	0	0	3
"cell42"	3	3	3	1	1	1	0	0	0	0	0	0	0	1	0	3	0	0	0	0	3	0	1	0	0	3	3	0	0	0	3	0	0	0	0	0	0	0	0	3	0	0	0	0	0	0	0
"cell43"	1	1	3	1	1	1	3	0	0	0	0	0	0	0	3	3	0	0	0	0	0	0	0	3	0	0	0	0	0	0	0	0	0	3	0	0	3	0	3	0	0	3	0	0	0	3	0
"cell44"	1	1	1	1	1	1	0	0	0	0	3	0	3	0	0	0	0	0	0	0	0	0	0	3	0	3	0	0	0	0	3	0	0	3	0	0	0	3	0	0	0	0	0	0	0	1	0
"cell45"	1	1	1	1	1	1	0	3	0	3	0	0	0	0	3	0	0	0	0	0	0	0	0	0	0	0	0	0	0	0	0	0	3	0	3	3	0	0	0	0	0	0	0	0	0	0	0
"cell46"	1	1	1	1	3	1	0	0	0	0	0	3	3	0	0	0	0	0	0	0	3	0	0	0	0	0	0	0	0	0	3	0	3	0	3	0	0	3	0	0	0	0	0	3	3	0	0
"cell47"	1	0	0	3	1	1	0	0	0	0	0	0	0	0	0	0	0	3	0	3	0	0	0	0	0	0	0	3	0	0	0	3	0	3	0	0	3	0	0	3	0	0	3	0	3	0	3
"cell48"	3	1	3	0	3	1	3	0	3	0	0	0	0	0	0	0	0	0	0	3	3	0	0	0	3	0	0	0	0	0	0	1	0	0	0	0	3	0	0	0	0	0	0	3	3	0	0
"cell49"	1	0	1	1	1	0	0	0	3	0	3	3	3	3	0	0	0	3	0	0	0	3	0	0	0	3	0	0	0	0	0	0	0	3	0	0	0	0	0	0	0	0	0	0	0	0	0
"cell50"	1	1	1	1	1	1	3	3	0	0	0	3	3	0	0	0	0	0	0	3	0	3	0	0	1	0	0	0	0	0	0	0	0	3	3	3	3	0	0	3	0	0	0	3	3	0	0
"cell51"	1	1	1	3	3	3	0	0	0	3	0	0	0	3	3	0	0	3	3	0	0	3	0	0	3	0	0	0	0	3	3	3	3	0	0	0	0	0	0	3	0	0	0	0	3	3	0
"cell52"	1	0	0	0	1	0	0	0	0	0	0	0	3	0	3	0	0	3	0	0	0	0	0	0	0	0	0	0	0	0	3	0	0	0	0	3	0	0	0	0	3	0	0	0	0	3	0
"cell53"	1	1	1	3	0	1	0	0	0	0	3	3	3	0	0	0	3	0	0	3	0	0	0	3	0	0	0	0	0	0	0	0	0	0	0	0	3	3	3	0	0	3	0	0	0	0	0
"cell54"	1	1	3	0	1	1	0	0	0	3	3	3	0	0	0	0	0	0	0	0	0	0	0	0	0	0	0	0	0	0	0	0	0	3	0	0	0	0	0	3	3	0	0	0	0	0	0
"cell55"	1	1	1	1	0	3	3	0	3	3	0	0	0	0	0	0	0	0	1	0	0	0	0	0	1	0	0	1	0	0	0	0	3	0	0	0	0	3	0	0	0	0	3	0	0	0	0
"cell56"	1	1	1	1	1	1	0	0	3	0	0	0	0	0	0	3	3	3	0	0	3	0	0	0	3	3	0	0	0	0	0	0	0	0	0	0	3	3	3	0	0	0	0	0	0	3	3
"cell57"	1	0	3	1	0	1	0	0	0	0	0	0	3	0	0	3	0	0	0	3	3	0	0	0	0	3	0	3	3	0	0	0	0	0	0	0	0	0	3	3	3	0	0	0	0	0	0
"cell58"	0	1	1	1	0	1	0	0	0	0	0	0	0	0	0	3	3	0	0	0	3	3	0	0	3	0	0	0	0	0	0	0	0	3	0	0	0	0	0	3	0	0	0	0	0	3	3
"cell59"	1	1	0	3	1	3	3	0	0	0	0	0	0	0	3	0	0	0	0	0	0	0	0	0	0	3	0	0	0	0	0	0	0	0	0	0	3	0	0	0	0	0	0	0	0	0	0
"cell60"	3	1	0	1	3	0	0	0	0	0	0	0	0	0	0	0	0	0	0	0	0	0	0	0	3	0	1	0	0	0	3	0	0	3	1	0	0	0	0	0	0	0	0	0	0	0	0
"cell61"	1	1	1	0	3	0	0	0	3	0	0	0	0	3	0	3	0	0	0	0	0	0	0	0	0	0	0	0	3	0	0	0	0	0	0	3	3	3	0	0	0	0	0	3	0	0	0
"cell62"	1	1	1	1	1	0	0	0	0	0	3	0	0	0	3	0	0	3	0	0	0	0	3	0	3	0	0	3	0	0	0	0	3	3	0	0	3	0	3	0	3	3	3	0	0	0	0
"cell63"	3	1	3	0	3	3	0	0	0	3	3	0	0	0	3	0	0	3	0	0	0	0	0	0	0	0	0	0	0	0	0	3	0	0	0	0	0	0	0	0	0	3	0	3	0	0	0
"cell64"	1	1	0	1	0	1	0	0	0	0	0	3	0	0	0	0	3	0	3	0	3	0	0	0	0	0	0	3	0	0	0	3	0	0	0	0	0	0	0	0	0	0	0	0	0	0	0
"cell65"	1	3	1	1	1	1	0	0	0	0	0	0	0	3	3	0	3	0	0	3	0	3	3	0	0	0	0	0	0	0	0	0	0	0	0	0	3	0	0	0	0	0	0	3	0	3	0
"cell66"	1	3	3	3	3	1	0	0	0	0	3	0	0	3	0	0	0	0	0	0	0	3	0	3	0	0	0	0	3	0	0	0	0	3	0	0	0	0	3	3	0	0	3	0	0	0	0
"cell67"	1	3	1	1	1	1	0	3	0	0	0	0	0	0	0	0	3	0	0	0	0	0	3	0	0	3	0	3	0	3	0	0	0	3	0	0	3	0	0	0	0	0	0	3	0	3	3
"cell68"	1	1	0	1	1	3	0	0	0	0	0	3	0	0	1	0	1	3	0	0	0	0	0	0	0	0	0	0	0	0	0	1	0	0	0	0	0	0	0	0	0	0	3	0	0	0	0
"cell69"	3	1	1	0	1	1	0	0	0	3	0	0	0	3	3	1	1	1	0	0	0	0	0	0	0	0	0	0	3	0	0	0	0	0	0	0	0	0	0	0	0	0	0	3	0	0	3
"cell70"	1	3	3	1	1	0	0	0	0	0	0	0	0	0	1	1	1	0	0	0	0	3	3	0	0	0	0	0	0	0	0	0	0	0	3	0	0	0	0	0	0	0	3	3	0	0	0
"cell71"	0	1	1	3	1	1	0	0	0	0	0	0	0	3	1	1	1	3	0	0	0	0	0	0	0	0	0	0	0	3	0	0	3	3	3	0	0	0	0	0	3	3	0	3	0	0	0
"cell72"	1	1	1	1	3	1	0	0	0	0	3	0	0	0	1	1	3	1	0	0	0	0	3	0	0	0	0	3	0	0	0	0	0	3	3	3	0	0	0	0	0	0	0	0	0	0	3
"cell73"	1	1	1	3	1	1	0	0	0	0	3	0	3	3	1	0	0	1	0	0	0	0	0	3	0	0	0	0	0	0	0	0	0	0	3	0	0	3	0	0	0	0	1	0	0	0	3
"cell74"	1	1	1	1	3	0	0	3	0	3	0	3	0	0	3	1	1	1	0	0	0	0	1	0	0	0	3	3	0	0	0	0	0	0	0	3	0	3	3	0	0	0	0	0	3	3	0
"cell75"	0	1	1	0	1	1	3	0	0	3	3	0	0	0	1	0	3	1	3	0	0	0	0	3	0	0	0	0	0	0	0	0	0	0	0	0	3	0	0	3	0	3	0	0	0	0	0
"cell76"	3	3	3	3	1	0	0	0	0	0	0	3	0	0	1	1	0	1	0	0	0	3	0	3	0	0	0	0	0	0	3	0	0	0	0	0	0	0	0	0	0	3	0	3	0	0	0
"cell77"	1	1	1	1	1	1	0	0	0	3	0	0	0	0	1	3	1	0	0	3	0	0	3	0	0	0	0	0	3	0	0	0	0	0	0	0	0	3	0	0	3	0	0	0	3	0	0
"cell78"	1	1	1	1	0	0	3	0	3	0	0	0	3	0	1	0	1	1	0	0	0	0	0	3	0	0	0	0	0	0	0	0	0	0	3	0	0	0	0	0	0	3	3	0	0	0	0
"cell79"	3	1	0	3	3	1	0	0	3	0	0	0	0	0	0	1	3	1	0	0	3	0	0	0	0	0	0	3	0	0	0	0	0	0	0	0	0	0	0	0	0	3	0	0	0	0	3
"cell80"	1	0	0	1	0	1	0	0	0	0	0	0	0	3	3	1	1	1	0	0	0	0	0	3	0	0	3	0	0	0	3	0	0	0	0	0	0	0	0	0	0	3	0	0	3	3	3
"cell81"	1	3	1	1	0	0	0	0	0	0	0	0	0	0	1	1	3	1	0	0	0	0	0	0	0	0	0	3	0	0	0	0	3	3	0	0	0	0	0	0	0	0	3	0	3	0	0
"cell82"	1	3	1	1	1	0	0	0	0	0	3	3	0	0	1	3	3	1	0	0	0	0	0	0	0	0	0	0	0	0	0	0	0	0	0	0	0	0	0	0	3	3	0	0	3	0	0
"cell83"	3	1	3	1	0	3	3	0	0	0	0	0	3	0	1	1	1	0	0	0	0	0	0	0	0	3	0	0	0	0	0	0	0	3	0	0	0	0	0	0	0	0	0	0	0	0	0
"cell84"	1	0	1	1	1	1	0	0	3	0	0	0	0	3	1	1	0	1	0	0	3	3	0	0	0	0	0	0	0	0	0	3	0	0	0	0	0	0	0	3	0	0	0	0	3	0	0
"cell85"	1	1	1	1	1	1	0	0	0	0	0	0	0	0	0	0	3	0	0	3	0	0	0	0	0	3	0	0	0	0	0	0	0	3	0	0	3	0	0	3	3	0	0	0	0	0	0
"cell86"	1	1	1	1	1	1	0	0	0	0	3	3	0	0	1	1	1	1	3	0	3	0	0	0	0	3	0	0	0	0	0	0	0	0	0	3	0	0	0	0	3	0	3	0	0	0	0
"cell87"	1	1	3	0	1	1	0	0	0	0	0	3	0	0	1	3	1	1	3	0	0	0	0	0	0	0	0	0	0	0	0	0	0	0	0	0	0	0	0	3	3	0	3	0	0	0	3
"cell88"	1	1	1	1	3	0	0	0	0	0	0	0	0	0	1	1	1	1	3	3	3	0	3	0	0	0	0	3	0	0	0	0	0	0	3	0	0	0	0	0	0	0	0	0	0	0	0
"cell89"	3	3	1	1	3	0	0	0	0	0	0	0	0	3	1	1	1	1	0	0	3	0	0	0	0	0	0	0	0	3	0	0	0	0	0	0	0	0	0	0	0	0	0	0	0	0	0
"cell90"	1	0	3	3	3	1	0	0	0	3	3	0	0	0	1	1	1	1	3	3	0	0	0	0	3	0	0	3	0	0	0	0	0	0	0	0	0	0	0	0	0	0	0	0	0	0	3
"cell91"	0	3	1	3	1	3	0	3	3	3	0	0	0	0	1	3	1	3	0	3	0	0	0	0	0	3	3	3	0	0	1	0	0	0	3	0	0	0	0	0	0	0	0	0	0	0	0
"cell92"	1	1	3	1	1	1	0	0	0	0	0	0	3	0	1	1	1	1	0	0	0	0	0	0	3	0	0	0	3	0	0	0	0	0	0	0	0	0	3	0	0	0	0	0	0	3	0
"cell93"	3	0	1	1	1	1	0	0	0	0	0	0	0	0	1	3	1	0	0	0	0	0	0	0	0	0	3	0	0	0	0	0	0	0	0	0	0	0	3	0	0	0	0	0	0	0	3
"cell94"	0	0	0	0	0	0	1	1	1	3	3	1	1	3	0	0	0	0	3	0	0	0	3	0	0	3	3	3	3	0	0	0	0	3	0	0	0	0	0	3	3	0	0	0	0	0	0
"cell95"	0	0	3	3	3	0	1	1	1	1	1	0	1	1	3	0	0	0	0	0	0	0	0	0	0	0	0	0	3	3	0	0	0	0	3	0	0	3	0	0	3	0	0	0	3	0	3
"cell96"	0	3	0	0	0	3	0	3	1	1	1	1	0	1	0	0	3	0	0	3	0	0	3	0	3	0	0	3	0	0	0	0	0	3	0	0	3	3	0	3	0	0	0	0	0	3	0
"cell97"	0	3	0	0	0	0	1	3	1	3	1	1	3	0	0	0	0	0	1	1	3	0	0	1	3	3	3	1	1	3	0	0	0	0	0	3	3	0	3	0	3	0	0	0	0	0	0
"cell98"	0	0	0	3	0	0	1	3	0	0	1	3	3	1	0	0	0	0	1	1	0	1	3	3	1	1	1	1	1	1	3	0	0	3	0	3	0	0	0	0	0	0	3	3	0	0	0
"cell99"	0	0	0	0	3	3	1	1	1	1	1	1	3	1	0	0	0	0	3	3	0	1	1	0	3	0	0	3	3	1	3	0	3	0	0	0	3	0	0	0	0	0	3	3	0	0	0
"cell100"	0	0	0	0	0	1	1	0	1	0	1	1	1	1	0	3	0	0	0	1	1	1	1	1	1	1	1	1	1	1	0	0	0	3	0	0	3	0	0	0	0	3	0	0	0	0	0
"cell101"	1	0	1	3	0	1	0	0	0	0	0	0	0	0	3	3	1	1	3	0	0	0	0	0	0	0	3	3	0	0	0	0	0	3	0	0	0	0	0	0	0	0	0	0	3	0	0
"cell102"	1	0	0	1	0	1	0	0	0	0	3	0	0	0	3	0	1	1	0	0	0	0	3	0	3	3	0	3	0	0	0	0	0	0	0	0	3	0	0	0	0	0	0	0	0	0	0
"cell103"	1	1	1	3	1	0	0	0	0	0	0	0	0	0	1	1	1	0	3	3	0	0	0	0	0	0	0	0	0	0	1	0	0	0	0	3	0	3	0	0	0	0	0	3	0	0	0
"cell104"	1	1	1	1	1	1	0	3	0	0	0	0	3	0	0	0	1	1	0	3	0	3	0	0	0	3	0	0	0	0	0	0	0	0	0	3	3	0	0	0	3	3	0	0	0	0	0
"cell105"	1	1	1	1	0	1	0	0	3	0	3	3	0	0	1	1	1	3	3	0	0	3	0	0	0	0	0	0	0	0	0	0	0	3	0	0	3	0	0	0	0	0	0	0	0	0	0
"cell106"	0	1	1	0	1	1	0	0	0	0	0	0	0	0	3	1	1	3	0	3	0	0	0	0	3	0	3	0	3	0	0	0	0	0	0	0	0	0	0	0	0	0	0	0	0	0	3
"cell107"	1	1	1	1	3	0	0	0	0	0	0	0	0	0	1	1	1	1	0	3	3	0	0	0	0	0	0	0	0	0	0	0	0	0	0	0	0	0	3	0	0	3	3	0	0	0	0
"cell108"	1	3	1	1	1	1	0	1	0	0	0	3	0	0	1	1	1	1	0	3	0	0	0	0	0	3	0	0	0	0	0	0	0	0	0	0	0	3	0	3	0	0	0	0	0	0	3
"cell109"	1	0	1	1	3	1	0	0	0	0	0	0	0	0	1	1	1	3	0	0	0	0	0	3	3	0	0	0	0	0	0	0	0	3	0	0	0	0	0	0	0	0	3	3	0	0	0
"cell110"	1	3	3	3	0	1	0	0	0	3	0	0	0	3	1	1	1	1	0	3	0	3	0	0	3	0	0	0	0	0	0	0	3	0	3	0	0	0	3	0	0	0	0	0	3	0	0
"cell111"	1	1	3	0	1	1	0	0	0	3	0	0	3	0	3	1	1	1	3	0	0	0	0	3	0	0	0	0	0	0	0	0	0	0	0	0	0	0	0	0	0	0	3	3	0	0	0
"cell112"	1	1	1	1	1	1	0	0	0	0	0	0	3	0	1	1	1	0	0	3	3	0	0	0	0	0	0	0	3	0	3	3	0	3	0	0	0	0	0	3	0	3	3	0	0	0	0
"cell113"	0	1	3	1	1	3	0	0	0	0	0	0	0	0	1	1	0	3	3	0	0	3	0	0	0	0	0	0	0	3	3	0	0	0	0	0	0	0	0	0	0	3	0	3	0	0	3
"cell114"	1	0	1	1	1	1	0	0	0	1	0	0	0	3	1	0	3	0	0	0	0	0	0	0	0	3	3	0	0	0	0	0	0	0	0	0	0	0	3	3	3	0	0	3	0	0	3
"cell115"	1	1	1	1	1	0	0	1	0	0	0	3	3	0	3	3	1	1	0	0	0	3	0	0	0	0	0	0	0	0	0	0	3	3	0	0	0	0	0	0	0	0	0	3	0	3	0
"cell116"	1	0	1	1	1	3	0	0	0	0	0	0	0	0	1	3	1	1	0	0	0	0	3	3	0	0	0	0	3	0	3	0	0	0	0	0	0	0	0	0	0	3	0	0	0	0	0
"cell117"	1	1	1	3	1	1	0	0	0	3	0	0	0	3	1	0	1	1	0	0	0	0	0	0	0	0	0	0	0	0	3	3	0	0	0	0	3	3	0	0	0	3	0	0	0	0	3
"cell118"	1	1	3	1	1	1	0	3	0	3	0	0	0	0	1	1	3	1	0	0	0	0	3	0	3	0	3	0	0	0	0	3	0	0	0	0	0	0	0	0	0	0	1	0	0	0	3
"cell119"	1	1	1	0	1	1	0	0	0	0	0	0	0	3	1	1	1	1	3	0	0	0	3	3	0	0	0	0	0	0	0	0	0	0	0	0	0	0	3	0	0	3	0	3	0	0	0
"cell120"	1	3	1	3	1	1	0	3	0	0	3	3	3	0	1	0	0	3	0	0	0	3	0	0	3	0	0	0	0	0	3	3	0	0	0	0	0	0	0	0	0	0	0	0	0	0	0
"cell121"	1	1	1	1	1	1	3	0	0	0	0	3	0	0	1	0	1	3	0	3	3	0	0	0	3	0	0	0	0	3	0	0	3	0	0	3	0	0	0	0	0	0	0	0	3	0	0
"cell122"	0	0	3	1	1	1	0	0	3	0	0	3	3	3	3	1	1	1	0	0	0	0	0	3	0	3	3	3	3	0	0	3	0	0	0	0	0	0	0	0	0	3	0	0	0	0	0
"cell123"	3	1	3	1	3	1	0	0	0	3	0	0	0	0	1	3	1	1	0	0	0	0	0	0	0	3	0	0	0	0	0	0	0	0	0	0	0	0	0	3	3	0	0	0	3	0	3
"cell124"	0	3	0	3	3	1	0	3	0	0	0	0	0	0	1	1	1	3	0	3	3	0	0	0	0	3	3	0	3	0	0	0	3	0	0	0	0	0	0	3	0	0	0	0	0	0	3
"cell125"	1	1	1	3	1	1	0	0	0	0	3	0	0	0	3	1	0	1	0	0	0	0	0	0	0	3	0	0	0	0	0	3	0	0	0	0	0	0	0	0	3	0	0	0	0	0	0
"cell126"	0	1	0	1	3	1	0	0	0	0	0	3	0	1	1	0	1	1	0	0	0	0	0	0	0	0	0	0	0	3	0	0	0	1	0	3	3	0	0	3	0	3	0	0	0	0	0
"cell127"	1	1	1	1	1	0	0	0	0	3	0	0	0	0	1	1	3	1	0	0	0	0	0	0	0	0	0	0	0	0	0	3	0	0	0	0	0	0	0	3	0	3	0	0	3	0	0
"cell128"	1	1	1	3	1	1	0	0	0	0	0	0	0	0	1	1	1	1	0	3	0	0	0	0	0	0	3	0	3	0	0	0	0	0	0	0	3	0	0	0	3	0	0	0	0	0	0
"cell129"	1	0	3	3	1	3	0	0	0	0	0	3	0	3	1	0	3	0	3	0	0	3	0	0	0	0	0	0	3	0	3	0	3	0	0	0	0	0	0	0	0	0	3	0	0	3	0
"cell130"	1	1	1	0	1	3	0	0	0	3	0	0	0	0	1	3	1	1	3	0	0	3	3	0	0	0	0	0	3	0	3	0	0	0	0	3	0	0	0	3	0	0	0	0	0	0	0
"cell131"	3	3	3	0	1	3	0	0	0	3	3	3	0	3	0	1	1	1	0	0	0	0	0	0	0	0	0	3	0	0	0	0	3	0	0	3	1	0	0	0	0	0	3	1	0	0	0
"cell132"	1	1	1	1	1	0	0	0	0	3	3	3	0	0	3	3	1	1	0	0	0	3	3	3	0	0	0	0	0	3	3	0	0	0	0	0	0	0	0	0	3	0	3	3	0	0	0
"cell133"	1	0	1	0	1	1	0	0	0	0	0	0	0	0	1	1	3	1	3	0	0	3	0	0	0	0	0	0	0	0	0	3	3	3	0	0	0	0	0	0	0	0	0	0	0	0	3
"cell134"	1	1	3	0	1	0	0	3	0	0	0	0	0	0	1	0	1	1	0	0	0	0	3	0	0	0	3	3	3	3	0	0	0	0	0	0	0	0	0	3	0	0	0	0	0	0	0
"cell135"	1	3	3	3	3	1	0	0	3	0	0	3	0	0	1	1	0	3	0	0	0	0	0	3	0	0	0	0	3	0	0	0	0	0	0	0	0	0	3	0	0	0	3	0	0	0	0
"cell136"	1	1	3	1	1	3	0	0	0	0	0	0	0	0	1	1	1	1	0	0	0	0	0	0	0	0	0	0	0	0	3	3	3	0	0	0	0	0	0	3	0	0	0	0	3	0	0
"cell137"	1	1	1	1	1	1	0	0	0	0	0	0	0	3	1	0	1	3	0	0	0	0	0	0	0	0	0	3	0	0	0	0	0	0	0	0	0	0	0	0	0	0	0	0	3	0	0
"cell138"	1	1	1	3	3	1	0	0	0	0	0	0	0	3	1	1	1	0	0	0	0	0	0	3	0	0	3	3	0	3	3	0	0	0	0	0	0	0	0	0	0	0	0	0	0	0	0
"cell139"	0	1	0	1	1	1	3	3	3	0	3	0	3	0	3	1	1	1	0	3	0	0	0	0	3	0	0	0	0	0	0	0	0	0	0	0	0	0	0	0	0	3	3	0	3	0	0
"cell140"	3	0	1	0	0	1	0	3	0	3	0	0	3	3	3	1	0	1	3	0	3	0	3	0	0	0	3	0	0	0	0	0	0	0	3	0	0	0	3	0	0	3	0	0	0	0	0
"cell141"	0	1	1	1	1	1	0	0	0	0	0	0	3	0	1	1	1	1	0	0	0	0	0	0	0	0	3	0	0	0	3	0	0	0	3	0	3	0	0	0	0	0	0	0	0	0	0
"cell142"	1	0	3	1	1	3	0	3	0	0	0	3	0	0	1	3	3	1	0	3	3	0	0	0	3	0	0	0	0	0	0	0	3	0	0	0	0	0	0	0	0	3	0	0	0	0	3
"cell143"	1	1	1	0	1	0	0	3	3	0	0	0	0	0	1	1	1	1	0	0	3	0	0	0	3	0	3	0	0	0	1	1	1	1	1	3	0	1	1	0	0	3	0	0	0	0	0
"cell144"	1	1	1	1	1	1	0	0	0	0	0	0	3	0	1	1	1	1	0	0	0	0	0	0	3	0	0	3	0	0	3	1	1	1	3	1	1	1	1	0	0	0	0	3	0	0	0
"cell145"	0	3	1	1	1	1	3	0	0	0	0	3	0	0	1	1	3	1	3	0	0	0	3	3	0	0	0	0	0	3	1	3	3	3	1	1	1	0	0	0	0	0	0	3	0	0	0
"cell146"	3	1	1	1	1	1	0	0	0	0	0	0	0	0	1	1	3	0	0	0	0	3	0	0	0	0	3	0	0	0	0	1	1	1	3	1	1	1	1	0	0	0	0	3	0	0	0
"cell147"	0	1	1	1	3	1	0	0	0	0	3	0	0	0	3	1	1	1	0	3	0	0	0	0	0	3	0	3	0	0	1	1	1	3	1	1	1	1	1	0	0	3	0	0	3	3	0
"cell148"	1	3	1	3	0	1	3	0	0	0	0	0	3	0	0	1	1	0	0	0	0	0	3	0	0	0	0	0	0	0	0	1	1	1	1	1	1	3	3	1	0	0	3	0	0	0	0
"cell149"	1	1	1	1	1	3	3	0	0	0	0	0	3	0	1	1	1	1	0	0	3	0	0	0	0	0	0	0	0	0	1	1	3	3	3	0	0	3	1	0	0	0	0	0	3	3	0
"cell150"	0	1	3	1	1	3	0	3	0	3	0	0	0	0	1	3	1	1	3	0	0	0	0	0	3	0	0	0	0	0	3	1	1	1	0	3	1	1	0	0	3	3	0	3	0	3	0
"cell151"	0	1	1	1	1	0	0	3	0	0	0	0	0	0	3	3	0	0	3	0	0	0	3	0	0	0	0	0	0	0	1	1	1	1	3	3	1	1	1	0	0	0	0	0	0	0	3
"cell152"	1	1	3	1	0	0	0	3	0	0	0	0	0	3	0	1	1	3	0	0	0	0	0	0	0	0	0	3	0	0	3	1	3	3	1	1	3	0	1	0	0	0	0	0	3	0	3
"cell153"	1	3	1	3	1	1	0	0	0	0	0	3	0	0	0	1	1	3	0	3	0	0	0	0	0	0	0	3	0	3	3	1	1	1	1	1	1	1	3	0	0	3	0	0	0	0	0
"cell154"	1	3	1	1	0	3	3	0	3	0	3	0	3	3	1	1	1	1	0	0	0	3	3	0	0	0	0	0	3	0	3	0	1	3	0	1	1	1	1	0	3	0	0	0	3	3	0
"cell155"	3	1	1	1	3	1	0	0	0	0	0	3	0	1	1	1	1	1	0	3	0	0	0	0	0	0	0	0	3	0	1	0	3	1	3	0	0	0	3	0	3	3	0	0	0	0	0
"cell156"	3	3	1	1	1	3	0	0	0	0	0	0	0	0	1	1	1	0	0	0	0	0	3	3	0	0	3	0	0	0	3	3	1	0	0	3	1	1	1	3	0	3	0	3	0	0	0
"cell157"	1	1	1	3	1	1	0	0	0	0	0	0	0	0	0	3	1	3	3	0	0	0	3	0	0	3	0	0	0	1	1	3	3	3	3	0	3	0	3	1	0	0	0	0	0	0	0
"cell158"	1	0	3	3	1	1	3	3	0	0	0	0	0	0	1	1	1	0	3	0	0	0	0	0	0	3	0	3	0	0	3	1	3	1	3	1	1	1	1	3	0	3	0	0	0	0	0
"cell159"	0	3	0	3	0	1	0	0	0	0	3	1	0	0	1	0	1	1	0	0	0	0	0	0	0	0	0	3	0	0	3	0	3	1	1	0	3	1	0	0	0	0	0	0	0	0	0
"cell160"	0	1	3	1	0	1	0	0	3	0	0	3	0	3	3	1	1	3	0	0	0	0	0	0	0	3	0	0	0	0	1	1	3	1	1	0	3	3	1	3	0	0	0	0	0	0	0
"cell161"	1	1	1	1	1	1	0	0	0	0	0	0	0	0	1	1	3	1	0	0	0	0	0	3	3	3	0	0	0	0	0	1	1	0	1	3	3	1	1	3	3	0	0	3	0	3	0
"cell162"	1	1	1	1	1	1	3	0	0	0	0	0	0	0	0	1	3	1	0	3	0	3	0	3	0	0	0	0	0	0	1	0	1	3	1	1	1	1	1	0	0	0	0	0	0	3	0
"cell163"	1	3	1	0	1	1	0	0	0	0	0	0	3	0	3	1	1	1	3	0	0	3	0	0	3	0	3	0	0	3	1	1	1	3	3	1	0	3	1	0	0	0	0	0	0	0	3
"cell164"	0	3	1	0	1	1	0	0	3	0	0	0	0	3	1	1	1	1	3	0	0	0	3	0	0	0	0	3	0	0	0	3	0	1	0	0	1	3	0	0	3	0	0	3	0	3	0
"cell165"	3	1	0	3	1	1	3	0	0	0	0	0	0	0	3	1	3	1	3	0	0	0	0	0	0	0	0	0	3	0	1	3	1	1	1	0	1	3	1	0	0	0	0	0	0	0	0
"cell166"	0	1	1	1	1	1	0	0	0	0	0	0	3	0	1	1	1	1	0	0	0	0	0	0	0	0	0	0	0	0	3	3	0	1	3	1	1	1	1	0	0	0	0	3	0	0	0
"cell167"	1	1	0	3	0	1	0	0	0	0	0	0	0	0	1	3	1	1	0	0	0	0	0	0	0	0	3	0	0	3	0	1	3	3	3	1	0	1	1	0	3	0	0	0	0	0	0
"cell168"	0	1	3	1	1	3	0	1	0	0	0	0	0	0	1	1	1	1	0	0	0	0	0	0	0	0	0	3	3	0	1	1	1	3	0	1	3	1	3	0	0	0	3	0	0	0	0
"cell169"	1	3	1	1	1	0	0	0	0	0	0	3	0	0	1	1	0	1	0	0	0	0	0	0	3	3	3	3	0	3	1	1	1	1	1	1	0	1	1	3	0	0	0	0	0	0	3
"cell170"	1	1	3	1	1	0	0	0	0	0	0	3	0	0	1	1	3	1	3	3	0	3	3	0	0	0	0	0	0	3	1	1	1	0	1	3	1	1	1	3	0	0	0	0	3	0	3
"cell171"	1	1	1	3	3	1	0	3	0	3	3	0	0	0	1	3	1	1	3	0	0	0	0	0	3	0	0	3	3	0	0	1	3	0	0	1	1	3	1	0	3	0	0	0	0	0	0
"cell172"	0	1	1	0	0	1	0	3	0	3	0	0	0	0	3	1	1	1	0	0	0	3	0	0	0	0	0	0	0	0	3	3	0	1	1	0	1	3	1	3	0	3	3	0	0	0	0
"cell173"	1	1	0	1	3	1	0	0	0	3	0	0	0	0	1	3	1	3	3	0	0	0	0	0	0	0	3	3	0	0	1	1	3	1	1	0	1	1	1	0	0	0	3	0	0	0	0
"cell174"	0	3	1	1	1	3	0	0	3	0	3	0	0	0	0	1	0	1	0	3	0	0	0	0	0	3	0	0	0	0	1	1	1	3	1	1	3	3	1	0	0	0	0	0	3	3	0
"cell175"	1	1	1	3	3	1	0	0	0	0	0	0	0	3	1	1	1	1	3	0	0	0	0	0	3	0	0	0	3	0	1	3	1	1	1	1	1	3	3	3	0	0	0	3	0	0	0
"cell176"	1	0	1	1	0	1	3	0	0	3	0	0	0	0	1	3	0	1	3	0	0	0	0	3	3	0	3	0	3	3	1	3	3	3	0	1	1	0	1	0	3	0	0	0	0	0	0
"cell177"	1	3	1	3	3	1	0	3	3	0	3	0	0	0	3	1	1	1	0	0	3	0	0	0	0	0	0	0	3	0	1	1	3	3	0	1	1	1	1	3	0	0	0	3	0	0	3
"cell178"	1	3	0	1	1	0	3	0	3	0	0	0	0	0	3	1	1	1	3	0	0	0	0	0	0	0	0	0	0	0	3	0	0	1	3	1	3	0	3	0	0	0	3	3	0	0	0
"cell179"	1	1	1	0	3	0	0	0	0	0	0	0	0	3	1	1	1	1	0	0	0	0	0	0	0	3	0	0	0	0	1	1	0	1	3	1	3	1	1	0	0	0	0	0	0	3	3
"cell180"	1	0	1	1	1	0	0	3	3	0	0	0	0	0	0	1	3	1	1	0	0	0	0	0	0	0	3	0	0	1	0	1	1	1	3	1	3	3	0	0	0	0	3	0	0	0	0
"cell181"	0	1	0	1	1	1	0	0	0	0	0	3	0	0	1	3	3	0	0	3	0	3	0	0	3	0	3	3	0	0	3	1	0	3	1	1	1	1	1	0	0	3	0	0	0	3	0
"cell182"	1	1	0	1	3	0	0	0	0	3	3	3	0	0	1	1	1	1	3	3	0	0	0	0	0	0	0	0	0	3	1	1	1	3	3	3	1	3	3	0	3	0	0	0	0	0	0
"cell183"	1	1	1	0	1	3	0	3	3	3	0	3	0	0	1	3	3	3	0	0	1	3	0	0	0	0	0	1	3	0	3	1	1	1	1	1	3	1	3	0	0	3	0	0	0	0	0
"cell184"	1	1	3	1	0	1	3	0	0	0	0	0	0	0	1	1	0	1	3	0	0	0	0	0	0	0	3	0	0	0	1	1	1	1	0	1	1	1	3	0	0	0	0	3	0	0	0
"cell185"	0	1	1	3	1	1	0	0	0	0	1	0	3	0	3	3	1	1	0	0	0	0	3	0	3	0	3	0	3	0	0	1	3	1	3	1	1	1	1	0	0	3	0	0	0	0	0
"cell186"	1	0	0	1	3	0	0	0	3	0	0	3	0	0	1	1	1	1	0	0	0	0	3	0	0	0	0	0	0	0	1	1	3	3	1	3	1	1	0	0	3	0	0	0	0	0	0
"cell187"	1	1	1	1	1	3	0	0	3	3	0	3	0	0	1	0	1	3	3	3	0	0	0	3	3	0	0	0	0	3	1	3	1	3	1	1	1	3	1	0	0	0	0	1	0	0	3
"cell188"	1	3	1	1	1	1	0	3	0	0	0	3	0	3	1	3	3	3	0	0	0	3	3	3	0	0	0	0	0	3	1	1	3	3	3	1	1	3	1	0	0	0	0	3	0	0	0
"cell189"	3	1	3	1	1	1	0	0	0	0	0	0	0	0	1	1	3	1	0	0	0	0	0	3	0	0	0	0	3	3	1	1	1	1	0	3	3	3	0	3	0	0	0	0	0	0	3
"cell190"	3	1	1	0	0	1	0	0	3	0	0	3	3	0	1	3	0	1	3	0	0	0	0	3	0	0	0	3	0	0	1	1	1	3	1	1	3	1	1	0	0	0	3	3	3	0	0
"cell191"	1	1	0	0	3	3	0	0	0	3	0	0	0	3	0	3	1	3	0	0	0	0	0	0	0	0	0	0	0	0	1	3	1	1	1	1	0	1	1	0	0	0	0	0	3	3	0
"cell192"	1	1	1	3	3	3	0	0	0	0	3	0	0	0	0	3	1	1	0	0	3	0	0	3	0	0	0	0	0	0	1	1	3	1	0	1	1	1	1	0	3	0	0	0	0	3	0
"cell193"	1	3	1	1	3	0	0	0	0	0	0	1	0	3	1	1	1	1	0	3	0	0	0	3	0	0	0	0	0	3	0	1	3	1	1	1	0	1	1	0	0	0	0	0	0	0	0
"cell194"	1	3	1	1	0	0	0	0	3	0	0	3	3	3	1	3	1	1	0	3	3	1	3	0	3	0	0	0	0	0	1	1	0	1	3	1	1	0	1	0	0	0	0	0	0	0	3
"cell195"	1	1	1	1	1	1	0	0	0	0	0	0	0	0	3	1	1	0	0	0	0	0	0	3	0	3	3	0	3	0	3	1	1	1	1	3	1	1	1	0	0	0	0	0	0	0	0
"cell196"	1	1	0	3	3	0	0	0	3	3	3	0	0	3	3	1	1	1	0	0	0	0	0	0	0	0	0	0	0	0	1	3	1	3	1	1	1	3	1	0	0	0	0	0	0	0	3
"cell197"	1	1	1	1	1	1	3	0	0	0	0	0	0	0	1	1	1	1	0	0	3	0	0	0	3	0	0	3	0	3	1	0	1	3	1	1	0	0	1	0	0	0	0	0	0	0	0
"cell198"	0	3	1	0	3	1	0	0	3	0	0	0	0	0	1	1	1	1	0	0	0	0	0	1	0	0	0	0	0	3	1	0	1	0	1	1	1	0	3	0	0	0	0	0	0	0	0
"cell199"	1	0	0	0	1	0	0	3	0	0	0	3	0	3	1	0	1	1	3	0	0	3	3	3	3	0	0	3	3	3	1	0	1	1	1	3	1	1	1	0	3	0	0	3	0	0	0
"cell200"	3	0	0	1	3	3	0	0	0	0	0	0	3	0	0	3	3	0	0	0	3	0	1	0	0	0	3	0	0	3	1	1	1	3	3	1	3	1	3	0	0	0	0	0	0	0	0
"cell201"	3	1	1	1	1	1	0	0	0	0	0	0	0	0	0	1	1	0	0	0	0	0	0	3	0	0	0	0	0	0	1	0	1	1	1	1	1	1	3	0	0	0	0	0	0	3	3
"cell202"	1	1	1	1	3	1	0	0	3	0	3	0	0	3	1	1	0	1	0	0	0	0	0	3	0	3	0	1	3	0	1	3	1	3	3	0	1	0	1	3	0	3	0	0	0	0	3
"cell203"	1	1	1	0	1	1	0	0	3	0	0	0	0	0	1	1	3	1	3	3	3	0	0	0	0	0	0	0	3	0	3	3	3	3	1	1	1	1	0	0	0	0	0	3	0	3	0
"cell204"	1	1	1	1	1	1	0	0	0	0	0	0	0	0	3	1	1	3	0	0	3	0	0	0	0	0	3	0	0	0	1	1	1	0	0	0	3	3	0	0	0	0	0	0	0	0	0
"cell205"	1	0	1	1	1	3	0	0	0	3	0	3	3	0	1	1	1	3	0	0	0	0	1	3	0	3	0	0	0	0	1	3	1	1	1	0	1	0	1	0	0	3	1	3	0	3	0
"cell206"	0	1	1	0	1	1	3	0	0	0	0	0	3	0	3	3	0	1	0	0	3	0	0	0	3	0	0	0	0	0	0	0	1	1	3	3	1	1	1	0	0	0	3	3	0	0	0
"cell207"	1	1	3	0	0	3	0	0	0	0	0	0	3	0	0	3	0	3	3	0	0	0	0	0	3	0	0	0	3	0	0	1	1	0	3	1	1	1	1	0	3	0	0	0	3	0	0
"cell208"	3	1	0	1	1	1	3	0	0	0	0	0	0	0	1	1	1	1	0	0	0	0	3	0	0	3	0	0	3	0	1	1	1	0	1	1	0	1	1	0	0	0	0	0	0	0	0
"cell209"	3	3	1	0	1	1	3	0	0	0	0	0	0	0	1	1	0	3	3	0	3	0	0	0	0	0	0	0	1	3	3	3	0	1	1	3	1	1	1	3	3	0	3	0	0	0	0
"cell210"	1	1	0	1	0	1	0	0	3	3	0	0	0	3	1	3	0	0	0	0	0	0	3	0	0	0	0	0	0	0	1	1	1	1	1	1	0	3	3	3	3	0	0	3	3	0	0
"cell211"	1	1	1	1	1	1	3	0	0	3	0	0	0	0	1	3	3	0	0	3	0	0	0	0	0	0	0	0	0	3	1	1	1	0	3	1	1	3	1	0	0	0	0	3	0	0	0
"cell212"	1	1	1	1	3	1	3	0	0	0	0	0	0	0	3	1	1	1	0	3	0	0	0	3	0	0	0	0	0	0	1	1	1	3	3	1	0	3	1	3	0	3	0	0	0	0	0
"cell213"	1	3	1	1	3	1	0	0	0	0	3	0	0	0	1	0	0	1	3	0	0	0	0	0	0	0	0	0	3	0	0	1	0	1	1	1	3	0	1	0	0	0	0	0	0	3	0
"cell214"	3	3	1	1	1	1	3	0	0	0	3	0	0	0	0	1	0	3	3	3	0	0	0	0	0	0	0	0	0	0	3	1	1	0	0	3	1	3	0	0	0	0	0	0	3	0	0
"cell215"	1	1	0	1	1	1	0	0	0	0	0	0	3	0	1	1	1	0	0	0	3	0	0	0	0	3	0	0	0	0	0	1	1	1	1	3	3	1	1	0	3	0	0	0	0	3	0
"cell216"	1	1	1	1	1	0	0	0	0	0	0	0	0	0	0	1	1	3	0	0	0	0	0	0	3	0	0	3	0	0	1	1	0	1	1	3	1	0	1	0	0	3	0	0	3	0	0
"cell217"	0	3	1	3	0	3	0	0	0	3	1	3	3	0	3	1	1	1	0	0	0	0	0	0	0	0	0	0	0	3	1	1	1	1	0	1	1	3	0	3	3	0	0	0	0	0	0
"cell218"	3	0	1	1	1	0	0	0	0	0	3	0	0	0	1	1	3	3	0	0	0	0	3	0	0	0	0	0	0	0	3	1	0	1	1	0	0	0	0	3	0	0	0	0	0	0	0
"cell219"	1	1	1	1	3	1	3	0	0	3	3	3	3	0	3	1	1	0	0	0	0	0	0	3	3	0	0	0	3	3	3	0	1	1	1	3	0	3	3	0	0	3	0	0	3	0	0
"cell220"	1	1	1	1	1	3	0	0	0	0	0	0	0	0	1	1	3	1	3	0	0	3	0	3	0	0	3	0	0	0	3	1	1	3	1	1	1	0	0	3	3	0	3	0	0	0	0
"cell221"	0	1	1	1	1	1	3	0	0	0	3	0	0	1	1	1	1	3	0	0	0	3	3	0	0	0	0	0	0	0	1	1	1	1	3	0	3	1	1	3	3	3	0	3	0	0	0
"cell222"	1	1	1	3	1	1	0	0	0	0	0	0	0	0	1	1	3	1	0	0	0	3	0	0	0	0	3	0	3	0	1	3	1	1	3	1	1	1	1	3	3	3	0	0	0	3	0
"cell223"	0	1	1	1	1	1	0	0	0	3	0	0	3	0	1	0	3	1	0	0	0	0	0	0	0	0	0	3	3	0	0	1	0	1	0	1	3	1	0	0	0	0	0	0	0	0	0
"cell224"	1	1	1	1	1	1	3	0	0	0	0	0	0	0	1	0	1	3	3	0	3	3	0	0	0	3	0	3	0	3	1	1	1	1	1	0	3	3	0	0	3	0	3	0	0	3	3
"cell225"	1	1	1	0	0	3	0	0	0	0	3	0	0	3	1	1	1	1	0	0	0	3	3	0	0	0	1	0	0	0	1	0	1	0	1	0	1	3	1	3	0	0	0	0	3	0	0
"cell226"	1	1	3	1	1	1	0	0	3	3	0	0	3	0	3	0	1	1	3	0	0	0	0	0	3	0	0	0	0	3	0	1	1	1	0	1	1	1	1	3	0	0	3	0	3	0	0
"cell227"	3	0	3	1	3	3	0	0	0	0	3	0	0	0	1	1	1	1	0	3	0	3	0	0	3	0	0	0	3	0	1	1	3	0	0	0	1	0	3	0	3	0	0	0	0	0	0
"cell228"	1	1	3	1	1	0	0	0	0	0	0	0	0	0	1	1	1	3	3	0	3	0	0	0	0	0	3	0	3	0	1	1	1	3	1	3	1	3	1	3	0	0	3	0	0	0	0
"cell229"	3	1	1	0	0	1	0	3	0	0	0	0	3	0	3	0	3	0	3	0	0	0	0	3	0	0	0	3	0	3	3	0	0	3	0	0	0	0	0	3	3	3	0	0	3	0	0
"cell230"	1	1	3	1	3	1	0	0	0	0	0	0	3	3	0	0	0	3	0	0	0	0	3	3	0	0	0	0	0	0	0	0	3	0	3	0	0	0	0	0	0	3	0	0	0	0	0
"cell231"	0	1	3	1	0	1	0	0	0	0	0	3	0	0	1	3	0	0	0	0	0	0	0	0	0	0	0	0	0	0	0	0	0	3	0	3	3	3	0	0	0	0	0	0	0	0	3
"cell232"	3	1	0	1	1	1	0	0	0	0	3	0	0	0	3	3	3	0	0	0	0	0	0	3	0	0	0	0	0	3	0	0	3	0	0	0	0	0	0	0	0	3	0	0	0	0	0
"cell233"	3	1	3	1	1	3	0	0	3	3	0	3	0	3	0	0	0	0	0	0	3	3	0	0	0	0	0	0	0	0	0	0	0	0	3	0	0	0	0	0	0	3	0	0	3	0	0
"cell234"	0	3	1	3	1	3	3	0	0	3	3	0	0	0	0	3	0	3	0	0	0	0	0	3	0	0	0	3	0	0	0	0	0	0	3	3	0	0	0	3	0	3	3	0	0	0	0
"cell235"	1	1	3	1	1	1	0	0	0	0	0	0	0	0	0	0	0	0	0	0	1	0	3	0	0	0	0	3	3	3	0	0	0	0	0	0	0	0	0	3	0	0	0	0	0	0	0
"cell236"	1	1	3	1	1	3	0	3	0	0	0	0	0	0	3	0	0	0	0	3	0	0	0	3	0	0	0	0	0	0	0	0	3	3	0	0	0	0	0	0	3	0	0	0	0	3	0
"cell237"	1	0	1	1	1	3	0	0	1	0	0	0	0	0	0	0	0	0	0	0	0	0	0	0	0	0	3	0	3	0	0	0	3	0	0	3	3	3	0	0	3	0	0	0	0	0	0
"cell238"	0	1	3	1	3	1	0	3	3	3	0	0	0	0	0	0	0	0	0	0	0	0	3	0	0	0	3	0	0	0	3	0	0	0	0	0	0	0	3	0	0	0	0	3	0	0	3
"cell239"	1	3	1	1	3	1	0	0	0	0	0	0	0	0	0	0	0	3	0	0	0	0	3	0	0	0	0	0	0	0	0	0	0	0	0	0	0	0	3	0	0	0	3	0	0	0	0
"cell240"	1	3	1	0	3	1	0	0	1	3	0	3	0	0	0	0	0	3	0	0	0	0	0	1	0	0	0	3	3	3	3	0	0	0	0	0	0	0	0	0	0	0	0	0	0	0	0
"cell241"	3	1	3	1	1	1	0	0	0	0	0	0	0	3	0	0	0	3	0	0	3	3	0	3	0	0	0	0	1	0	3	3	0	0	0	0	0	0	3	0	0	0	0	0	3	0	0
"cell242"	1	0	1	3	1	1	0	0	0	0	0	0	0	0	0	0	3	0	3	3	0	0	3	3	0	0	0	0	0	0	3	0	0	0	0	0	0	0	0	3	0	0	0	1	0	1	0
"cell243"	1	1	1	3	0	1	0	0	3	1	0	3	0	0	0	0	3	0	0	0	0	0	0	0	3	0	3	0	0	0	0	0	0	0	0	0	0	0	3	0	0	3	3	0	0	0	0
"cell244"	1	1	1	0	1	3	0	3	0	0	0	3	0	0	0	0	0	0	0	0	0	1	0	0	0	3	0	0	0	3	0	3	0	0	0	3	0	3	0	0	0	3	0	0	0	0	0
"cell245"	1	1	1	0	3	0	0	0	0	0	0	0	3	0	0	0	0	0	0	0	0	0	0	3	0	0	0	0	0	0	0	0	0	0	0	0	0	0	0	0	0	3	0	0	0	0	3
"cell246"	1	3	0	1	3	1	0	0	0	0	3	0	0	0	0	0	0	3	0	0	0	0	0	0	0	0	0	0	0	0	0	0	1	0	3	3	0	0	0	0	0	0	0	3	0	0	0
"cell247"	1	1	1	1	1	1	0	0	0	3	0	0	3	0	0	0	0	0	0	0	0	0	3	0	0	0	0	3	0	0	0	3	0	3	0	0	0	0	0	0	0	0	0	0	0	0	0
"cell248"	1	1	0	1	3	1	0	3	3	0	0	0	0	0	0	0	0	0	0	0	0	0	3	0	0	0	0	0	0	0	0	3	0	0	0	0	0	3	0	0	0	0	0	0	0	0	3
"cell249"	1	1	0	1	0	0	0	0	0	0	0	0	0	0	0	0	0	0	0	0	0	0	3	0	0	0	0	0	0	0	0	0	3	3	3	0	0	0	0	3	0	0	0	0	3	0	0
"cell250"	1	0	3	1	1	1	0	0	0	0	3	3	0	3	0	0	3	0	0	0	0	0	0	0	0	3	0	0	0	3	3	0	3	3	0	3	0	0	0	0	0	0	3	0	0	0	0
"cell251"	3	1	1	1	0	1	0	0	0	0	0	0	0	0	0	0	0	0	0	0	0	3	0	0	0	0	0	0	0	0	3	0	0	0	0	0	0	0	0	0	0	0	0	0	0	0	3
"cell252"	0	1	3	3	1	1	0	0	0	0	0	0	0	3	0	0	3	0	3	0	0	0	0	0	3	3	0	0	0	0	0	0	0	0	0	0	3	1	0	0	3	0	0	0	0	0	0
"cell253"	1	1	1	1	1	1	0	3	0	0	0	3	0	3	3	0	0	0	3	0	0	0	0	0	0	0	0	3	0	0	0	3	0	0	0	3	3	0	1	3	0	3	0	0	0	0	3
"cell254"	1	3	1	1	1	0	3	3	0	3	3	3	0	0	3	0	0	0	3	0	0	0	0	0	3	3	0	3	0	0	0	0	0	0	0	0	0	0	0	0	0	0	0	0	0	0	0
"cell255"	1	0	1	1	1	0	0	0	3	0	0	0	0	0	0	0	3	3	0	0	0	0	3	0	0	0	0	0	0	0	0	1	0	3	0	3	0	3	0	3	0	0	0	0	0	0	0
"cell256"	1	1	0	1	3	1	3	0	0	3	0	0	0	0	0	0	0	0	0	3	0	0	0	0	0	0	0	0	0	3	3	3	0	0	0	0	0	0	0	0	3	0	0	3	0	0	3
"cell257"	1	1	3	0	1	1	3	0	0	0	0	0	0	0	0	0	3	0	0	3	0	0	3	0	0	3	0	0	0	0	0	3	0	0	0	0	0	0	0	0	0	0	0	3	0	0	0
"cell258"	0	1	1	3	1	1	3	0	0	0	0	0	0	0	3	3	0	3	0	3	0	0	0	0	0	0	0	0	3	3	0	0	3	3	0	0	3	3	3	0	0	0	3	0	0	0	0
"cell259"	1	1	1	0	1	3	0	3	3	3	0	0	0	0	0	3	0	0	3	0	0	0	0	0	0	0	3	0	0	3	0	3	0	0	1	0	0	3	0	0	0	0	0	0	3	0	0
"cell260"	3	1	0	1	1	0	0	0	0	0	0	0	0	0	0	0	3	0	0	0	0	0	0	0	3	3	0	0	3	0	3	3	0	0	0	3	0	0	0	0	0	0	0	0	0	0	3
"cell261"	1	3	3	1	1	1	0	0	0	0	0	0	0	3	0	0	0	0	3	1	0	0	0	0	0	0	3	0	0	0	3	0	0	0	0	0	0	0	0	0	0	3	0	0	0	0	0
"cell262"	1	1	1	1	0	1	0	0	0	3	0	0	3	0	0	0	3	0	0	0	0	3	3	3	3	0	0	0	0	0	3	0	0	3	0	3	0	0	0	3	0	0	0	3	0	0	0
"cell263"	1	0	1	0	1	1	0	0	0	0	0	3	0	0	0	0	0	0	0	0	0	0	0	0	0	0	3	0	0	0	1	0	0	0	0	0	0	3	0	0	3	3	0	0	3	0	0
"cell264"	1	1	1	1	1	0	0	0	0	0	0	0	0	0	0	0	0	0	0	0	3	0	3	0	0	0	0	0	0	0	0	0	0	3	0	0	0	0	0	0	0	0	3	0	0	3	0
"cell265"	3	1	3	1	1	1	0	0	3	0	0	3	0	0	3	0	0	0	0	0	0	0	3	0	0	0	3	0	3	0	0	0	0	0	0	0	0	3	3	0	0	0	0	0	0	3	0
"cell266"	1	3	1	1	0	1	0	0	0	0	0	0	0	0	0	0	0	0	0	0	0	0	3	3	3	0	0	0	3	3	0	0	0	0	0	3	3	0	0	0	3	3	0	1	0	0	0
"cell267"	1	1	1	1	1	1	0	0	0	0	0	0	0	0	0	0	0	0	0	3	0	3	0	0	3	0	3	3	0	0	0	0	0	0	3	0	0	0	0	0	0	0	0	0	0	0	3
"cell268"	0	0	1	1	1	1	3	3	3	0	0	0	0	0	0	3	0	0	0	0	3	0	0	0	0	0	0	0	0	0	0	0	0	3	0	0	0	0	0	0	0	0	0	0	0	0	0
"cell269"	0	3	1	1	3	1	0	0	0	0	0	0	3	0	0	3	3	0	0	0	0	0	0	0	0	0	0	1	0	0	0	0	3	0	0	0	0	0	0	0	3	0	0	0	0	0	0
"cell270"	1	1	1	1	0	1	0	0	3	0	0	0	3	0	0	0	0	0	0	0	1	0	1	0	0	0	0	0	3	0	3	3	0	3	0	0	0	3	0	0	0	0	0	0	3	0	0
"cell271"	1	1	3	3	1	1	3	0	0	0	0	0	0	0	0	0	1	0	0	0	0	0	0	3	0	3	0	0	0	0	0	0	3	3	0	0	3	0	0	0	0	0	0	0	0	0	3
"cell272"	3	1	3	0	1	3	0	0	0	0	3	0	0	3	3	0	3	0	0	0	0	0	0	3	0	0	0	0	3	3	0	0	0	0	0	0	0	0	0	0	0	0	0	3	3	3	3
"cell273"	1	1	1	1	1	1	0	0	0	0	0	3	0	0	1	0	0	0	3	3	0	0	3	0	0	0	0	0	3	0	3	0	0	0	0	3	0	3	0	0	0	0	0	0	0	0	0
"cell274"	3	1	1	1	3	1	0	0	3	0	0	0	0	3	0	0	3	0	0	0	0	3	3	0	0	0	0	0	0	0	0	3	3	3	3	0	0	3	3	3	0	0	0	0	3	3	0
"cell275"	1	1	1	1	1	1	0	0	0	0	0	0	0	0	3	0	3	0	0	0	0	0	3	0	0	0	0	0	0	0	0	3	0	0	0	0	0	0	0	0	0	0	3	0	3	0	0
"cell276"	3	1	3	1	0	3	0	0	0	0	0	0	0	0	0	0	0	0	0	0	0	0	0	0	3	0	3	0	3	0	0	3	0	0	3	0	0	3	0	0	3	3	0	0	3	0	0
"cell277"	1	1	1	1	0	1	0	3	3	0	0	1	3	0	0	0	0	0	0	0	0	0	0	0	0	1	3	3	0	0	0	3	0	3	0	0	3	0	3	0	0	0	0	3	0	0	0
"cell278"	1	3	1	3	1	1	0	3	0	0	3	0	0	0	0	0	0	0	0	0	0	0	3	0	0	0	0	0	0	3	3	0	0	0	0	3	3	0	0	0	3	3	0	0	0	0	3
"cell279"	1	0	1	1	3	1	3	3	0	1	0	0	0	0	0	0	0	0	0	0	3	0	0	0	0	0	0	0	3	0	0	0	0	0	3	3	0	0	0	3	0	0	0	0	0	0	3
"cell280"	1	3	0	0	1	0	0	3	0	0	0	3	0	0	0	0	0	0	0	0	3	0	0	3	0	0	3	0	0	0	0	3	0	3	0	0	0	3	0	3	0	0	0	0	0	0	3
"cell281"	1	3	1	0	1	1	3	0	0	0	0	0	3	0	0	0	0	0	0	0	0	0	0	0	0	0	3	0	0	0	0	0	1	3	0	0	0	0	0	3	0	3	0	0	0	0	0
"cell282"	3	1	1	1	1	1	3	0	3	0	3	3	0	0	0	0	0	0	0	0	3	0	3	0	0	0	0	3	0	0	0	0	0	0	0	0	3	3	0	0	0	3	3	0	0	0	0
"cell283"	1	0	1	1	1	1	3	0	3	0	0	0	0	0	0	0	0	0	3	0	0	0	0	1	0	0	3	0	0	3	0	3	0	0	0	3	0	3	0	3	0	0	0	0	3	0	0
"cell284"	1	1	3	1	1	0	0	3	0	0	3	3	0	0	0	0	3	0	0	0	0	3	0	3	0	0	0	0	0	3	3	0	3	3	0	3	0	3	0	0	0	3	0	3	0	1	0
"cell285"	3	0	1	1	0	1	0	0	0	0	3	0	3	0	0	0	3	0	3	0	0	0	0	0	0	3	0	0	3	3	0	0	0	0	0	0	0	0	3	0	3	0	0	0	0	0	0
"cell286"	0	1	1	1	0	1	0	3	0	3	3	0	3	0	0	3	0	0	0	3	0	0	0	0	0	0	0	0	0	0	0	3	0	0	0	0	0	0	0	3	0	0	0	0	0	0	0
"cell287"	1	1	0	1	0	0	0	3	0	0	3	0	0	0	0	0	0	0	3	0	0	0	0	3	1	3	3	0	0	0	0	0	3	3	0	0	0	0	0	3	0	0	0	0	3	3	0
"cell288"	1	1	0	1	1	3	0	0	0	0	0	0	0	0	0	0	0	0	0	0	3	0	0	0	0	0	0	0	0	0	0	0	0	0	0	0	0	0	0	0	0	0	3	0	0	0	0
"cell289"	1	1	1	0	1	3	0	3	0	0	0	0	0	0	0	3	0	0	0	0	3	0	0	0	0	0	3	0	0	0	3	0	3	0	3	0	0	0	3	0	0	3	0	0	0	0	0
"cell290"	1	1	1	1	3	0	0	0	0	0	0	0	0	0	3	0	0	0	0	0	0	0	0	0	0	0	0	3	0	0	0	0	0	0	0	0	3	0	3	0	0	0	0	0	3	3	0
"cell291"	0	0	1	1	1	1	3	0	0	0	0	0	0	0	0	0	0	0	0	0	0	0	3	3	0	3	0	3	3	0	0	0	0	0	0	3	0	3	0	0	0	0	0	0	0	0	0
"cell292"	1	3	1	3	0	1	0	3	3	0	0	0	0	0	0	3	3	0	0	0	0	3	0	0	0	3	0	3	3	3	3	0	0	0	0	0	0	3	0	0	0	0	0	0	0	0	0
"cell293"	0	1	3	3	1	1	0	0	3	3	0	0	0	0	3	0	0	0	0	0	0	0	0	0	0	3	0	0	0	0	3	0	3	0	0	0	0	0	0	3	0	0	0	3	3	0	0
"cell294"	1	1	3	0	3	1	0	0	3	0	0	0	0	0	0	0	3	0	0	0	0	0	0	0	0	0	0	3	0	0	0	0	0	3	0	0	3	0	0	0	0	3	0	3	3	0	0
"cell295"	3	0	1	1	1	3	3	0	3	0	0	0	0	0	0	0	3	0	0	0	0	0	0	0	3	0	0	0	0	0	3	0	0	0	3	3	0	3	0	0	0	0	0	0	0	3	0
"cell296"	1	1	3	3	0	1	0	3	0	0	0	0	0	0	0	0	0	0	3	3	0	0	0	0	3	3	0	0	0	0	0	3	0	3	0	3	0	0	0	0	0	0	0	0	0	0	3
"cell297"	1	1	1	0	1	1	0	0	0	3	0	0	0	3	3	0	3	0	0	0	0	0	3	0	0	3	0	0	0	0	3	0	0	0	0	0	0	0	0	0	0	0	0	3	0	0	0
"cell298"	3	3	1	3	3	1	0	0	0	0	3	3	3	0	0	0	0	0	0	0	0	0	0	3	3	0	0	3	0	0	0	0	0	0	0	0	0	3	0	0	3	0	0	3	0	0	0
"cell299"	1	3	1	0	1	1	0	3	3	3	3	0	0	0	0	0	0	0	0	0	0	0	0	0	3	3	0	0	0	0	0	0	0	0	0	0	0	0	0	3	0	3	0	3	0	3	0
"cell300"	1	1	1	3	0	3	0	0	0	0	0	0	0	0	0	3	3	0	0	3	0	0	0	0	0	0	0	0	0	0	0	0	3	0	0	3	0	0	0	3	0	0	3	0	0	3	0
"cell301"	3	0	0	1	1	1	0	0	0	0	3	0	0	0	0	0	0	0	0	0	0	0	3	3	0	0	0	0	0	0	0	3	0	0	3	0	3	0	0	3	0	0	0	0	3	0	0
"cell302"	3	3	3	1	3	1	0	0	0	0	0	0	0	3	3	0	0	0	0	0	0	3	0	0	0	0	0	0	0	0	0	0	0	0	0	3	3	0	0	0	0	3	0	0	0	0	3
"cell303"	1	0	1	1	1	1	0	0	0	0	0	3	0	0	0	0	0	0	0	0	0	0	0	3	0	0	0	0	0	0	0	0	0	0	0	0	0	0	3	0	0	0	0	0	0	3	0
"cell304"	1	1	1	1	3	1	0	3	0	3	0	0	0	1	0	0	0	3	0	0	0	3	0	3	0	3	0	0	0	3	3	0	0	3	0	0	0	3	0	0	0	0	0	3	0	0	0
"cell305"	1	1	1	0	1	3	3	0	0	3	0	3	3	0	0	3	0	0	0	0	0	3	0	0	0	3	0	0	0	0	0	3	0	0	0	0	0	0	0	0	0	0	0	0	0	3	0
"cell306"	1	1	1	1	3	3	0	3	0	0	0	0	0	0	0	0	0	0	0	0	3	0	3	0	0	0	3	0	0	0	3	0	0	0	0	0	0	0	0	3	0	0	3	0	3	3	0
"cell307"	1	1	1	1	1	3	0	0	0	0	0	0	3	3	3	0	0	0	0	3	0	0	0	0	0	3	3	0	3	0	0	0	0	0	3	0	0	0	0	3	0	0	0	0	3	3	3
"cell308"	0	1	3	3	1	3	0	3	3	0	0	0	0	0	0	3	0	0	0	0	3	0	0	0	3	0	0	0	0	0	0	0	0	3	0	0	0	0	0	0	0	0	0	0	0	0	0
"cell309"	1	1	1	0	3	1	3	0	0	0	3	0	3	0	3	0	0	3	3	0	0	0	0	0	0	0	0	0	0	0	0	3	0	0	0	0	0	3	0	0	0	0	0	0	0	3	0
"cell310"	1	0	1	3	1	1	0	3	0	0	0	3	0	3	0	3	0	0	0	0	3	3	0	0	0	0	1	0	0	0	0	0	0	0	0	0	0	0	0	0	0	0	3	0	0	0	0
"cell311"	1	3	3	3	3	1	3	0	0	0	0	0	0	0	3	0	0	3	0	0	0	0	0	0	0	0	3	0	0	0	3	0	0	0	0	0	0	0	3	3	0	0	3	0	0	0	0
"cell312"	3	1	3	3	1	3	3	0	0	0	3	3	0	0	0	0	0	0	0	0	0	0	3	0	0	0	0	0	3	0	0	0	0	0	0	3	0	0	0	3	0	0	0	3	0	0	0
"cell313"	1	1	1	1	1	1	3	0	0	3	0	0	3	0	0	3	0	0	0	0	0	0	0	0	0	0	0	0	3	0	3	0	0	3	1	0	3	0	3	0	0	0	0	0	3	0	3
"cell314"	1	1	0	3	1	1	3	3	0	0	3	3	0	0	0	3	0	0	0	0	0	3	0	0	0	0	0	0	0	0	0	0	3	3	0	3	0	0	3	3	0	3	0	0	0	0	0
"cell315"	1	1	1	1	0	0	0	0	3	0	0	3	3	0	0	0	0	0	0	0	0	3	3	0	0	3	0	3	0	0	0	0	0	0	0	0	0	0	3	0	3	0	0	3	0	3	0
"cell316"	1	1	1	1	1	1	0	0	3	0	3	0	3	0	0	0	0	0	3	0	0	0	0	3	3	0	0	0	0	0	0	0	0	0	0	3	0	0	0	0	0	0	0	0	0	0	0
"cell317"	3	1	0	1	1	1	0	0	0	0	0	0	0	0	0	0	0	0	0	0	3	3	0	3	0	0	0	0	3	0	0	0	0	0	0	0	0	0	0	3	0	0	0	0	3	3	0
"cell318"	1	0	1	3	0	1	3	0	0	0	0	0	0	0	0	0	0	0	3	3	0	0	0	0	0	0	0	0	3	0	0	0	0	0	0	0	0	0	0	0	0	0	0	0	0	3	0
"cell319"	1	1	1	1	1	1	0	0	3	3	3	0	3	3	3	0	0	0	0	3	0	0	3	0	0	0	3	0	0	0	0	3	3	3	0	0	0	0	0	0	0	0	0	3	0	3	0
"cell320"	3	1	1	0	3	1	0	3	3	0	0	3	0	0	3	0	0	0	0	0	0	0	0	3	0	0	0	3	0	0	0	0	0	0	3	0	0	0	0	0	3	3	3	0	0	3	0
"cell321"	3	1	1	1	1	3	0	0	0	0	0	3	0	0	0	0	3	0	0	0	0	0	3	3	3	0	3	0	0	0	0	3	0	0	0	3	0	3	0	0	3	0	0	3	0	0	3
"cell322"	1	1	1	1	1	1	0	3	0	0	0	0	0	0	0	0	0	3	0	0	0	0	0	0	0	0	0	3	0	3	0	0	3	0	0	0	0	0	0	0	0	0	0	0	0	0	0
"cell323"	1	3	0	1	1	1	0	0	0	0	0	3	0	0	0	3	0	0	0	0	3	0	0	0	3	0	0	3	0	0	0	3	3	0	0	3	0	0	0	0	0	0	3	3	0	0	3
"cell324"	1	1	1	1	1	1	3	0	0	0	0	0	0	0	0	0	3	3	0	0	3	0	0	3	0	0	3	0	0	0	0	0	0	0	0	0	3	0	0	0	3	0	3	0	0	3	0
"cell325"	0	1	1	3	1	1	0	0	3	0	0	0	0	0	0	3	3	0	0	0	0	0	0	0	0	0	3	3	0	0	0	3	0	0	3	0	3	0	0	0	1	0	0	0	3	0	0
"cell326"	1	1	1	1	1	1	3	0	0	0	0	0	0	3	0	0	3	3	0	0	0	0	0	0	0	0	0	3	0	0	0	3	0	0	0	0	0	0	0	0	0	0	0	0	3	0	0
"cell327"	1	1	1	1	3	1	0	0	0	0	0	0	0	0	0	0	0	0	3	0	0	0	0	0	0	3	0	3	3	0	0	0	0	0	0	0	0	0	3	0	0	3	0	0	0	0	3
"cell328"	1	3	1	3	1	1	0	0	0	0	0	0	0	0	3	0	0	0	0	0	0	0	0	3	0	0	0	0	0	0	0	0	3	0	3	0	0	0	0	3	0	0	3	0	0	3	0
"cell329"	1	0	3	0	1	1	3	0	0	0	3	0	0	3	0	3	0	3	0	0	0	0	3	0	0	0	0	0	3	3	0	3	0	3	3	3	0	0	0	0	0	0	0	0	0	0	0
"cell330"	1	1	0	0	1	0	0	3	0	3	1	0	0	0	0	0	3	0	0	3	0	0	0	0	0	0	0	0	0	0	0	0	0	0	0	0	0	0	0	3	0	0	0	3	0	0	0
"cell331"	1	0	0	3	3	0	0	0	0	0	0	0	0	3	0	0	0	0	3	0	0	3	0	0	0	0	0	3	0	3	3	0	0	0	3	0	3	0	0	0	0	3	0	0	0	0	0
"cell332"	1	3	3	1	1	1	0	0	0	3	0	0	0	3	3	0	0	3	0	0	0	0	0	0	0	3	3	0	0	0	0	0	0	3	0	0	0	3	0	3	3	3	0	0	0	0	0
"cell333"	3	1	1	1	1	1	0	0	0	0	0	0	0	0	0	3	0	3	3	3	3	0	0	3	3	3	3	0	0	0	0	0	3	0	0	0	0	0	0	3	0	3	0	0	0	3	0
"cell334"	3	1	3	1	3	1	0	0	0	0	0	0	3	0	0	3	0	0	0	0	0	0	0	3	0	3	0	0	0	0	0	0	0	0	3	0	0	0	0	0	0	0	0	0	3	0	0
"cell335"	1	3	1	1	1	1	0	1	3	0	0	0	0	3	0	0	0	0	3	0	0	1	0	0	0	0	0	3	3	0	0	0	0	0	3	0	0	0	0	3	0	3	0	0	0	0	0
"cell336"	1	1	1	1	1	1	0	0	3	3	3	0	0	0	3	0	0	0	0	3	0	0	0	0	3	3	0	0	0	3	3	0	0	0	3	0	0	0	0	3	0	0	0	3	0	0	0
"cell337"	0	1	1	1	0	1	0	0	0	3	0	0	0	0	0	0	0	0	0	0	0	0	0	0	0	0	0	0	0	0	0	0	3	0	0	0	0	0	0	0	0	0	0	0	0	0	0
"cell338"	1	3	0	3	0	1	3	0	0	0	0	0	0	0	3	0	3	0	3	0	0	0	3	0	3	0	0	0	0	0	0	3	3	3	0	3	0	0	0	0	0	0	0	0	0	0	0
"cell339"	1	1	1	1	3	1	0	0	0	3	3	0	0	0	0	0	0	0	0	0	0	0	0	0	0	0	0	3	0	0	0	3	0	0	0	0	0	0	0	0	0	0	0	3	0	0	0
"cell340"	1	1	1	3	3	3	3	0	0	0	0	0	0	0	0	0	0	0	0	0	0	0	0	0	3	3	0	3	0	0	0	0	0	0	0	3	0	0	0	0	0	0	0	3	0	3	0
"cell341"	1	3	3	1	0	1	0	0	0	3	3	0	0	0	0	3	3	3	0	0	0	0	0	3	0	0	0	0	0	0	3	0	0	3	0	0	0	0	0	0	0	0	0	0	0	0	0
"cell342"	1	1	1	1	3	1	0	0	0	0	0	3	0	0	3	0	3	0	0	0	0	0	0	3	0	0	0	3	0	3	0	0	0	0	3	3	0	0	0	3	0	0	3	0	0	0	3
"cell343"	1	1	3	1	0	1	0	0	3	0	3	0	0	0	0	3	0	0	3	3	0	0	0	0	0	0	0	0	1	0	0	0	0	0	0	0	0	0	3	0	0	0	0	0	0	0	0
"cell344"	1	1	0	0	0	3	0	0	0	3	0	0	0	0	0	0	0	0	3	0	3	3	0	0	0	3	0	0	0	3	0	1	0	0	3	0	0	0	0	0	0	3	0	3	3	0	3
"cell345"	0	0	1	3	1	0	0	0	0	0	0	0	0	0	0	0	0	0	0	0	0	0	0	3	0	0	3	0	0	0	0	0	0	0	0	0	0	0	0	0	0	0	0	3	0	0	0
"cell346"	1	3	3	1	1	1	0	0	0	0	0	0	0	0	0	0	0	0	3	3	3	0	3	0	0	3	3	3	0	3	0	0	0	0	0	3	0	0	0	0	0	0	1	0	0	0	0
"cell347"	3	3	1	3	0	1	0	3	0	0	0	0	1	3	3	0	0	0	0	0	0	3	0	0	0	0	3	0	0	0	0	3	0	0	0	3	0	3	3	0	3	0	0	0	0	0	0
"cell348"	3	1	1	1	1	1	0	0	3	0	0	0	3	0	0	0	0	0	0	0	0	0	0	0	3	0	0	0	3	0	0	0	0	0	0	0	0	0	0	0	3	0	0	0	0	3	0
"cell349"	3	1	1	0	1	1	0	0	3	3	0	0	0	0	0	0	0	0	3	3	0	0	3	0	0	3	0	0	3	0	0	0	0	0	0	0	3	0	0	0	0	3	0	3	3	0	0
"cell350"	1	1	1	1	0	1	0	0	0	3	0	0	0	0	0	0	0	0	0	0	0	0	0	0	3	0	0	0	0	3	3	3	0	0	0	0	0	3	0	0	0	0	3	0	0	0	0
"cell351"	1	1	1	3	3	1	0	0	0	0	0	3	0	3	0	3	0	0	0	3	0	0	0	0	0	0	0	0	0	0	3	0	0	3	0	0	0	3	0	0	3	0	0	0	0	3	0
"cell352"	1	0	1	3	3	1	3	0	0	0	3	0	0	3	0	0	0	0	0	0	0	0	3	0	0	0	0	0	0	0	0	0	0	0	0	0	0	0	3	0	0	3	0	0	3	0	0
"cell353"	1	1	0	1	3	3	0	0	0	0	0	0	0	0	0	0	3	0	0	3	0	3	3	0	0	0	0	0	0	0	0	0	1	3	0	0	0	3	0	0	3	3	0	0	0	0	0
"cell354"	3	0	1	1	1	0	0	0	0	3	0	0	0	0	0	0	3	0	0	0	3	0	3	3	0	0	0	0	0	0	3	0	3	0	3	0	0	0	0	0	0	0	3	0	0	3	0
"cell355"	1	1	0	3	1	1	0	0	0	0	0	0	0	0	0	0	3	0	3	0	0	0	0	0	0	0	3	0	0	0	0	0	0	0	0	0	0	0	0	0	0	0	3	3	0	0	0
"cell356"	1	3	1	1	0	1	0	0	3	0	0	3	3	0	0	0	0	0	0	0	0	0	0	0	0	3	0	0	0	0	0	0	0	0	0	0	3	3	3	3	0	0	0	3	0	0	0
"cell357"	3	1	0	1	1	1	0	0	3	0	0	0	0	0	0	0	0	0	0	0	0	0	0	0	0	0	0	0	3	3	0	3	0	0	0	0	0	3	3	3	0	3	0	0	3	3	0
"cell358"	1	0	1	1	1	0	0	0	0	0	0	3	0	0	0	0	0	0	3	0	0	0	0	0	0	0	0	0	0	0	3	0	0	0	0	0	0	3	0	0	0	0	0	3	0	3	0
"cell359"	1	0	3	0	0	1	0	0	0	0	0	0	0	0	0	0	3	0	3	1	0	0	0	3	3	0	0	3	0	0	0	0	0	0	0	0	3	0	3	3	0	3	3	3	3	0	0
"cell360"	1	1	1	1	0	1	0	0	0	3	0	0	3	0	3	0	0	0	0	0	0	0	0	0	0	0	0	3	0	0	0	0	0	0	0	0	0	0	3	0	3	0	0	3	3	0	0
"cell361"	3	1	3	1	3	1	0	0	1	3	0	0	3	0	0	3	0	3	0	0	3	0	0	0	0	0	3	3	3	0	0	3	0	0	3	0	0	3	0	0	0	0	0	0	0	0	0
"cell362"	1	1	1	1	1	3	0	0	0	3	0	0	0	0	1	0	0	3	0	3	3	0	0	0	0	0	3	0	0	3	0	0	3	0	0	0	0	0	0	0	0	0	0	0	0	0	0
"cell363"	3	3	1	0	3	1	0	0	1	3	0	0	0	0	0	0	3	0	3	3	0	0	0	0	3	3	0	0	0	0	0	0	0	0	0	0	3	0	0	0	3	0	3	0	0	0	0
"cell364"	3	1	0	0	0	1	0	0	0	0	0	0	0	0	0	0	0	0	0	3	0	0	0	0	0	3	0	0	0	0	3	0	0	0	3	0	0	0	3	3	0	3	0	0	0	0	3
"cell365"	1	1	3	3	3	3	3	0	0	0	3	0	0	0	3	0	0	0	0	0	3	0	0	0	0	0	0	3	0	0	0	3	0	0	3	0	0	0	0	0	0	3	0	0	0	3	0
"cell366"	0	0	1	1	3	0	3	3	3	0	3	0	0	0	0	0	0	0	0	0	0	0	0	0	0	0	3	3	0	0	0	0	0	0	3	0	0	0	1	0	3	0	0	0	0	3	0
"cell367"	3	1	1	1	1	0	0	0	0	0	0	0	0	3	0	0	0	0	3	0	0	0	0	0	0	0	0	3	0	0	0	0	0	0	0	0	0	3	0	0	3	0	0	0	0	0	0
"cell368"	3	3	1	1	1	1	0	0	3	0	0	0	0	0	0	0	0	0	3	3	0	1	0	3	0	3	0	0	0	3	0	0	0	0	0	0	3	3	0	1	1	0	0	0	0	0	0
"cell369"	1	1	3	0	0	0	3	0	0	3	0	0	0	0	0	0	0	0	0	0	0	0	0	0	0	1	0	0	0	0	0	0	0	0	3	0	0	0	3	3	1	0	0	0	0	0	0
"cell370"	1	0	1	1	3	0	0	0	3	0	0	0	0	0	0	0	0	0	0	0	0	0	0	3	0	0	0	0	0	0	0	0	0	0	0	3	0	3	0	0	0	0	0	0	0	0	0
"cell371"	1	3	1	3	1	0	0	0	0	0	0	0	3	0	0	3	0	0	0	0	0	0	0	0	0	3	1	0	0	3	0	3	3	3	0	0	0	0	0	0	0	3	0	0	1	0	0
"cell372"	1	1	0	0	0	1	0	0	0	0	0	0	0	0	3	3	3	0	0	0	0	0	0	3	3	3	0	0	0	0	0	3	0	0	0	0	0	0	0	0	0	0	1	0	0	0	0
"cell373"	1	1	1	3	1	3	0	0	0	3	0	0	0	0	0	0	0	3	0	0	0	0	3	0	0	0	0	0	0	0	0	0	0	0	0	1	0	0	0	0	0	0	0	0	3	0	0
"cell374"	3	0	0	1	1	1	0	0	0	0	0	0	0	0	0	0	0	3	1	0	3	0	0	0	0	0	0	0	0	0	3	0	3	0	0	0	0	3	0	3	0	3	0	0	0	0	0
"cell375"	0	1	3	3	1	1	0	0	0	0	3	0	0	0	0	0	0	3	0	0	0	0	0	0	0	0	3	0	0	0	3	0	3	3	0	0	0	3	0	0	0	0	3	3	1	0	0
"cell376"	1	1	1	1	1	1	0	3	0	0	0	0	0	0	0	0	3	3	0	0	3	0	3	0	0	0	0	0	0	3	0	0	0	3	0	0	0	0	0	3	3	3	0	3	0	3	0
"cell377"	1	3	1	1	1	1	0	0	0	0	0	3	3	0	0	0	3	0	1	0	0	0	3	0	0	0	0	0	0	0	0	0	0	0	3	0	0	0	3	3	3	0	0	3	0	0	0
"cell378"	1	3	3	1	3	1	0	3	3	0	0	3	0	0	0	0	0	3	0	0	3	0	0	3	3	3	3	0	3	0	3	0	0	0	0	3	0	3	0	0	0	0	0	3	0	0	3
"cell379"	0	1	3	3	1	0	0	0	0	0	0	0	3	0	0	0	0	0	0	0	0	3	0	3	0	0	0	0	0	0	3	0	0	0	0	3	0	0	0	0	0	0	0	0	0	0	0
"cell380"	0	1	1	1	3	1	3	0	0	0	0	0	0	0	0	0	0	0	0	0	3	0	0	0	0	0	0	0	0	0	0	0	0	0	0	0	0	0	3	0	0	3	0	0	3	3	0
"cell381"	1	1	1	1	1	3	0	0	0	0	0	0	0	0	3	0	0	0	0	0	0	0	3	0	0	3	3	0	0	0	0	3	0	0	0	0	0	0	0	0	0	0	0	0	0	0	0
"cell382"	0	1	3	1	0	1	0	0	0	0	0	0	0	0	0	0	0	0	0	0	0	0	3	3	3	0	3	0	0	0	0	0	0	3	3	0	0	0	0	0	0	0	0	0	0	3	0
"cell383"	0	1	1	1	3	1	0	0	0	0	0	0	3	3	0	0	0	3	0	0	0	0	0	0	0	0	0	0	0	0	0	0	0	0	0	3	0	0	0	0	0	0	0	3	0	0	3
"cell384"	1	1	3	1	1	3	0	3	0	0	0	0	0	0	0	0	0	0	0	3	0	0	0	0	0	0	3	0	0	0	0	0	0	0	3	0	0	0	0	0	0	0	3	0	0	0	0
"cell385"	1	1	1	3	0	1	0	0	0	3	3	0	3	0	0	0	3	0	0	0	0	3	0	3	0	0	3	0	3	0	0	0	0	3	0	3	0	3	1	0	3	0	0	0	0	0	3
"cell386"	1	1	1	1	3	1	0	3	0	0	0	0	0	0	0	3	3	3	0	0	0	0	3	0	3	3	0	0	0	3	0	0	0	0	0	0	0	3	0	0	0	0	0	3	0	0	3
"cell387"	1	1	1	0	0	1	0	0	0	0	0	0	3	0	0	0	0	0	0	0	0	0	0	3	0	0	0	3	3	0	0	3	3	0	3	0	0	0	0	0	0	0	0	0	1	0	0
"cell388"	1	1	0	1	1	0	0	0	0	0	0	0	0	0	0	0	0	0	0	0	0	0	0	0	0	3	0	3	0	0	3	0	0	3	0	0	3	3	3	0	3	0	3	0	3	0	0
"cell389"	1	0	3	3	0	3	0	3	0	0	1	0	0	3	0	0	0	0	3	0	0	0	0	3	0	0	0	0	0	0	3	0	0	0	0	3	3	0	0	0	3	0	0	0	0	0	3
"cell390"	0	1	1	1	1	1	0	3	0	0	0	0	0	0	0	0	3	3	0	0	3	0	0	0	0	3	0	0	0	0	0	0	0	0	0	0	0	0	0	0	0	3	0	0	3	3	0
"cell391"	1	3	0	1	3	1	0	3	0	0	0	0	0	0	0	3	0	3	0	3	3	0	0	0	3	3	0	3	0	0	0	0	0	0	0	0	0	0	0	0	0	0	0	0	3	0	3
"cell392"	1	1	0	0	1	1	0	0	0	3	0	3	0	0	0	3	0	0	0	0	0	0	3	0	0	0	3	0	0	3	0	0	0	0	0	0	3	0	0	0	3	3	3	0	0	0	1
"cell393"	0	3	3	1	1	1	0	0	0	0	0	3	0	0	3	0	0	0	0	3	0	0	3	0	0	0	3	0	0	0	0	0	0	0	0	0	0	0	3	0	3	0	0	0	0	0	0
"cell394"	0	1	1	0	1	0	3	3	0	0	0	0	0	3	0	3	0	0	0	0	0	0	0	0	3	0	0	0	3	0	3	0	0	0	0	3	0	0	0	0	0	1	0	0	3	3	0
"cell395"	1	1	1	1	1	3	0	0	0	3	0	0	0	0	3	0	3	0	3	0	0	0	0	3	0	0	0	0	0	0	0	3	0	0	0	0	0	0	0	0	0	0	0	0	0	0	0
"cell396"	3	3	1	1	3	1	0	1	0	0	0	3	3	0	0	0	0	0	0	0	0	0	0	0	0	3	0	1	0	0	0	0	0	0	0	0	0	0	3	3	0	0	0	3	0	3	0
"cell397"	3	3	1	3	1	1	0	0	0	0	3	3	3	0	0	0	0	0	0	3	0	3	0	0	0	0	0	0	0	0	3	3	0	0	0	0	0	0	0	0	3	0	0	0	3	0	0
"cell398"	3	0	1	1	1	0	0	0	3	0	0	0	0	0	0	0	0	0	0	3	0	3	0	0	0	0	0	3	0	0	3	3	0	0	0	0	0	0	0	3	0	0	0	3	1	0	0
"cell399"	1	3	1	1	1	1	3	0	0	0	0	0	0	0	0	0	0	3	3	0	0	0	0	0	0	0	3	0	0	3	0	0	0	0	0	0	0	3	0	0	0	3	0	0	0	3	0
"cell400"	1	0	1	1	1	0	0	0	0	3	0	3	0	3	0	0	0	0	0	0	1	0	0	0	0	3	0	0	0	0	3	0	3	0	0	3	0	0	0	0	0	0	3	0	3	0	0
"cell401"	3	1	1	1	1	1	0	0	0	0	0	0	0	0	0	0	3	0	0	0	0	0	0	0	0	0	3	0	0	0	0	0	0	0	0	0	0	0	0	0	0	3	0	3	0	0	0
"cell402"	1	1	1	1	3	1	3	3	0	0	0	0	0	0	0	0	0	3	0	0	0	0	0	0	0	0	3	0	0	0	0	0	0	0	0	0	3	0	0	0	0	0	0	0	0	0	0
"cell403"	3	3	1	1	1	1	0	0	0	0	0	0	3	0	0	0	0	0	0	0	0	0	0	3	3	0	0	0	0	0	0	0	0	0	0	0	0	0	0	0	0	0	0	0	0	0	0
"cell404"	1	1	1	1	1	1	3	0	0	0	0	0	0	3	0	0	3	3	0	3	0	0	0	0	3	0	0	3	0	0	0	0	3	0	0	0	0	0	0	0	0	0	0	0	0	0	0
"cell405"	1	1	0	1	0	1	0	3	0	0	0	0	0	0	3	3	3	0	0	0	3	0	0	0	0	0	0	0	0	0	3	0	3	0	3	0	0	0	3	0	0	0	0	0	3	3	3
"cell406"	0	3	1	1	0	1	0	0	0	0	3	0	3	0	0	3	0	0	3	3	0	0	0	0	0	3	3	3	0	0	0	0	0	0	0	0	0	0	3	0	3	0	0	3	0	0	0
"cell407"	3	1	1	1	0	0	0	0	0	0	0	0	0	0	0	0	0	0	0	3	0	0	0	0	0	0	0	3	0	0	0	0	3	0	3	0	0	0	0	0	0	0	0	3	0	0	0
"cell408"	1	1	1	3	1	1	0	0	3	0	3	0	0	0	0	0	3	0	0	0	0	0	0	0	0	0	3	0	3	0	0	0	0	3	0	0	0	0	0	3	0	0	0	0	0	3	3
"cell409"	1	1	0	1	1	1	0	0	0	0	3	0	0	0	0	0	0	0	0	0	3	0	3	3	3	0	0	3	0	0	0	0	0	0	0	0	3	0	0	0	0	3	0	0	0	0	3
"cell410"	0	3	3	1	1	1	3	0	3	0	0	0	0	0	0	0	0	0	0	0	0	0	0	0	3	0	3	0	3	0	0	0	0	0	0	0	3	0	0	0	0	0	0	0	0	0	0
"cell411"	1	1	3	1	1	0	3	0	0	0	3	3	0	0	3	0	3	0	0	0	3	3	0	0	3	3	0	3	0	3	0	0	3	0	0	0	0	0	0	0	0	0	0	3	0	0	0
"cell412"	1	3	1	0	1	1	0	3	0	0	0	3	3	0	3	0	3	3	0	3	0	0	3	0	0	0	0	0	0	0	0	0	0	0	0	0	0	3	0	0	0	0	0	0	0	0	3
"cell413"	1	1	1	1	0	1	0	0	0	0	3	3	0	3	3	0	0	0	0	0	0	0	3	0	0	0	0	0	3	0	0	0	0	0	0	3	0	0	0	0	0	0	0	0	0	0	3
"cell414"	1	1	1	0	1	1	3	3	3	0	3	0	3	0	0	0	0	0	0	3	3	3	0	3	0	0	0	3	0	0	3	0	0	0	0	3	0	3	0	3	0	0	3	3	0	0	3
"cell415"	1	1	1	1	1	3	0	0	0	0	0	0	0	3	0	0	0	0	3	0	0	0	0	0	0	0	3	0	0	0	0	0	3	3	0	3	3	0	0	3	0	0	0	0	0	0	3
"cell416"	1	3	1	3	1	3	0	0	0	0	3	0	3	0	0	0	0	0	0	0	0	0	3	0	0	0	0	3	0	0	0	0	0	3	3	0	0	3	3	0	3	0	0	0	0	0	0
"cell417"	1	1	0	1	3	3	0	3	3	0	0	3	0	0	0	0	0	0	0	0	0	0	0	0	0	0	0	0	0	3	0	0	0	0	0	0	0	3	0	0	0	0	0	3	0	3	0
"cell418"	0	1	3	1	1	3	0	0	0	0	0	0	0	3	0	0	0	3	0	0	0	0	3	0	0	0	0	0	0	0	0	3	0	3	0	3	0	0	0	0	0	0	0	3	0	0	0
"cell419"	1	3	0	3	1	3	0	3	3	0	0	0	0	0	0	0	3	3	0	3	0	0	3	0	0	0	0	3	0	3	0	0	0	0	3	0	0	0	0	0	0	0	0	0	0	0	0
"cell420"	1	1	0	1	1	1	0	0	0	3	0	0	0	0	0	0	3	0	0	0	0	3	0	0	0	3	0	0	3	0	3	0	0	0	0	0	3	3	0	0	0	0	0	0	0	0	0
"cell421"	0	1	0	1	3	1	0	0	0	0	3	3	3	0	0	0	0	0	0	0	0	0	0	1	3	0	0	0	0	3	0	0	3	0	0	0	3	3	0	0	0	3	0	0	3	0	0
"cell422"	1	1	0	3	0	1	3	0	0	0	0	0	0	0	0	0	0	0	3	0	0	0	3	0	0	0	3	3	0	0	3	0	0	0	0	0	0	0	0	3	3	0	0	0	0	0	0
"cell423"	3	1	1	0	0	1	0	3	0	0	0	3	0	0	0	0	3	0	3	0	0	0	0	0	0	0	0	0	0	0	3	0	0	3	0	0	0	0	3	0	0	3	0	0	0	3	0
"cell424"	1	1	1	3	0	0	3	0	0	0	0	0	0	0	0	0	3	3	0	3	0	3	3	0	0	0	0	0	0	0	0	0	0	0	3	0	0	0	0	0	3	0	0	0	0	0	3
"cell425"	0	3	3	3	3	3	3	0	0	0	0	3	0	0	0	3	0	0	0	0	3	0	3	0	0	3	0	3	3	0	0	0	0	0	0	0	3	0	0	3	0	3	0	0	3	0	0
"cell426"	1	1	3	3	1	1	0	0	0	0	0	3	3	0	0	0	3	0	3	0	0	1	0	0	0	3	0	0	3	0	0	0	0	0	3	0	0	3	0	0	0	0	0	0	3	0	0
"cell427"	1	1	3	3	1	1	0	0	0	0	0	0	0	0	0	0	0	0	0	0	0	3	0	0	0	3	0	3	0	0	0	0	0	0	0	0	0	0	0	0	0	3	3	3	3	0	0
"cell428"	0	1	1	0	1	0	3	3	0	0	0	0	3	0	0	0	3	0	0	0	0	0	0	0	0	0	0	0	0	0	0	0	0	0	0	0	0	0	0	0	0	0	0	0	3	0	0
"cell429"	0	1	3	1	3	1	0	0	0	0	3	0	0	0	0	0	3	0	0	0	0	0	0	0	0	0	0	0	0	0	0	3	0	0	0	0	0	3	0	0	0	0	0	0	0	3	3
"cell430"	1	1	3	1	1	1	0	0	3	0	0	3	0	0	0	3	0	0	0	3	0	0	0	0	3	0	0	0	0	0	0	0	0	3	0	0	0	0	0	3	0	3	3	0	0	3	0
"cell431"	3	3	1	0	3	3	0	0	0	3	0	3	0	0	0	0	0	0	3	0	0	0	0	0	0	0	0	0	3	3	0	0	0	0	0	0	0	3	0	0	0	0	0	0	0	0	0
"cell432"	1	1	1	1	1	3	0	0	0	0	0	0	0	0	0	0	3	0	0	0	0	0	0	0	0	0	0	0	0	0	0	0	0	0	3	3	0	0	0	0	0	0	0	0	0	0	0
"cell433"	1	1	1	1	1	0	0	0	0	3	3	1	0	0	1	0	0	0	0	0	0	0	0	0	0	3	3	3	0	3	3	0	3	3	0	3	0	0	0	0	0	0	3	0	3	3	0
"cell434"	1	1	3	1	0	1	0	0	0	3	0	0	0	3	0	0	3	0	0	0	0	0	0	0	0	0	0	0	0	3	0	0	0	0	3	0	0	0	0	0	0	0	0	0	0	0	0
"cell435"	1	1	0	3	1	1	0	0	0	0	0	0	0	3	0	0	3	0	0	0	0	0	0	0	3	0	0	0	0	3	0	0	3	0	0	0	0	3	0	0	0	0	3	3	3	0	0
"cell436"	1	3	3	1	1	1	0	0	0	0	0	3	0	3	0	0	0	3	0	0	0	0	0	0	3	0	0	0	0	3	0	0	0	0	0	3	0	0	3	0	0	0	0	0	0	0	0
"cell437"	1	3	1	0	3	1	0	0	0	0	0	3	0	3	0	0	0	0	3	0	0	0	0	0	3	0	3	0	3	0	0	0	0	0	3	3	0	3	0	0	0	0	3	3	3	0	0
"cell438"	1	1	1	1	1	1	0	0	0	0	0	0	0	0	3	0	3	0	3	0	0	0	3	0	0	0	0	0	3	0	0	0	0	0	3	0	0	3	3	0	0	0	0	0	0	0	0
"cell439"	1	1	1	1	1	1	0	0	0	3	0	0	0	0	0	0	3	3	0	0	0	0	0	0	0	0	0	0	0	0	0	0	3	0	0	0	3	0	0	0	0	0	0	0	0	3	0
"cell440"	0	1	3	0	0	1	3	0	0	0	0	0	0	0	3	0	3	0	0	0	0	3	0	0	0	0	3	0	3	0	0	0	0	0	0	3	0	0	0	3	0	3	0	3	0	0	3
"cell441"	1	1	1	3	0	1	0	0	3	0	0	0	0	0	3	3	0	0	0	0	0	3	0	0	0	0	0	3	0	0	0	0	0	3	0	0	0	0	0	0	3	0	0	0	0	3	3
"cell442"	1	1	1	1	1	1	3	0	0	0	0	3	0	0	0	0	3	3	0	3	0	3	0	0	0	0	3	0	0	0	0	0	0	1	0	0	3	0	0	0	0	0	0	3	0	0	3
"cell443"	3	1	3	3	1	3	0	0	3	0	3	0	0	0	0	0	3	0	0	3	0	3	0	3	0	0	0	0	0	0	0	0	0	0	0	0	0	3	0	0	3	0	0	0	0	3	0
"cell444"	0	1	1	0	3	0	0	3	0	0	0	0	0	0	0	0	0	3	3	0	0	0	3	0	0	3	0	0	0	3	0	0	0	0	0	0	3	0	3	3	0	0	0	0	0	0	0
"cell445"	0	1	3	3	3	1	0	0	0	0	0	0	0	0	0	0	0	0	0	3	0	0	0	0	3	0	0	3	0	3	0	0	0	0	3	0	0	3	3	3	0	0	3	0	3	3	0
"cell446"	1	1	0	3	1	1	0	0	0	3	3	0	0	3	0	0	0	0	0	3	0	0	0	3	0	0	0	0	0	0	3	0	0	3	0	3	0	0	0	0	0	0	0	0	0	0	0
"cell447"	1	3	1	3	1	1	3	0	0	3	3	3	3	0	3	1	0	0	0	0	0	0	0	0	0	3	3	0	0	3	0	3	0	0	0	0	3	0	0	0	0	0	0	0	0	3	0
"cell448"	0	3	1	0	0	1	0	0	0	0	0	0	3	0	0	0	0	3	3	3	0	0	0	0	0	0	0	0	0	0	0	0	0	3	3	0	0	0	0	3	0	0	0	0	0	0	0
"cell449"	1	0	1	1	1	1	0	0	0	0	0	0	3	0	0	0	3	0	0	0	0	0	3	0	0	0	0	0	3	0	0	0	0	3	0	0	0	0	3	0	0	0	0	3	0	0	0
"cell450"	1	3	1	1	0	1	3	0	0	0	0	0	0	0	3	0	0	0	0	0	0	0	0	0	3	0	0	0	0	0	0	0	0	3	0	0	0	0	0	0	0	3	0	0	0	3	0
"cell451"	0	1	3	1	1	0	0	0	0	0	0	0	3	0	0	0	0	0	0	0	0	0	0	3	0	0	0	0	0	0	0	0	0	3	0	0	0	0	0	3	0	0	0	0	0	0	3
"cell452"	1	1	1	0	1	1	0	0	0	0	0	3	0	0	0	0	0	0	3	0	3	3	0	0	0	0	0	0	0	0	0	3	0	0	0	3	0	0	0	0	0	3	0	0	0	0	0
"cell453"	1	1	1	0	1	3	0	0	3	0	0	3	0	0	0	1	0	0	0	0	0	0	0	0	3	0	0	0	0	0	0	0	0	3	3	0	0	0	3	3	0	0	3	0	0	0	0
"cell454"	1	3	1	0	1	1	0	0	0	0	0	0	0	3	0	0	0	0	0	3	0	0	0	0	3	0	0	0	0	0	3	0	0	0	0	0	0	0	0	0	0	0	3	0	0	0	0
"cell455"	1	3	1	1	0	1	0	0	0	0	0	0	0	0	3	0	3	0	3	0	3	0	0	0	0	3	0	0	0	0	0	3	0	3	0	0	0	0	0	0	0	0	0	0	0	3	0
"cell456"	1	1	0	1	0	1	0	0	0	0	3	0	0	0	0	0	0	0	0	3	3	0	0	0	0	0	0	0	0	0	0	0	0	3	0	0	0	0	0	0	0	3	0	0	0	0	3
"cell457"	1	1	3	1	1	1	3	0	0	0	0	0	0	0	0	0	3	3	0	0	0	0	0	0	0	0	3	0	0	0	0	0	0	0	0	3	0	0	0	0	3	0	0	0	3	3	0
"cell458"	1	1	1	1	1	1	0	3	0	3	0	0	0	0	0	0	0	3	0	3	3	0	0	0	0	0	0	0	3	0	0	3	0	0	0	0	0	3	0	0	0	0	0	0	0	0	0
"cell459"	0	0	1	1	1	1	0	1	0	0	0	0	3	3	0	0	0	0	0	0	0	0	0	0	3	0	0	0	0	0	0	0	3	3	1	0	0	0	0	0	0	0	0	0	0	0	0
"cell460"	3	1	1	1	0	1	3	0	0	3	0	3	0	0	0	3	0	0	0	0	0	0	0	0	0	0	0	0	0	3	0	3	3	0	0	0	0	0	3	0	0	0	0	0	3	0	0
"cell461"	0	1	3	1	1	1	0	0	0	0	0	0	0	0	0	0	0	3	0	0	0	0	3	0	0	0	0	0	3	3	0	0	0	3	3	0	0	0	0	3	0	0	3	3	0	3	0
"cell462"	1	1	1	1	1	1	3	0	0	0	0	0	0	3	3	3	0	0	1	0	0	0	0	0	0	0	0	3	0	0	0	0	0	0	0	0	3	0	0	0	3	0	0	0	0	3	0
"cell463"	1	1	0	0	1	0	0	0	0	0	0	0	0	3	0	0	3	0	0	0	0	0	3	0	0	0	0	0	0	0	0	0	0	0	3	0	0	3	0	0	0	0	0	0	0	0	0
"cell464"	1	1	1	0	1	1	0	0	0	0	0	0	0	0	0	0	0	3	0	0	0	0	0	0	0	3	0	3	0	3	0	0	0	0	0	0	0	0	0	0	3	0	0	0	3	3	0
"cell465"	3	3	3	1	3	1	3	0	0	0	3	0	0	0	0	0	0	0	3	0	3	0	0	0	0	0	0	0	0	0	3	0	0	0	0	0	0	0	3	0	3	0	0	0	3	3	0
"cell466"	1	1	1	1	1	1	0	0	0	0	0	0	0	3	0	0	0	0	0	3	0	0	0	0	0	0	0	0	0	3	0	0	0	3	0	0	3	0	0	0	3	0	0	0	0	0	0
"cell467"	3	0	1	1	3	1	0	3	3	0	0	0	3	0	0	0	0	3	0	0	0	0	0	3	0	0	0	0	3	0	0	3	0	0	3	0	0	0	0	0	0	0	3	3	0	3	3
"cell468"	1	0	3	1	1	1	0	0	3	0	3	3	0	0	0	3	0	0	0	0	3	0	3	0	0	3	0	0	0	3	0	3	3	3	3	0	3	0	3	3	3	0	0	0	0	0	0
"cell469"	1	1	1	0	1	0	0	0	0	0	0	0	0	3	0	0	0	0	0	0	0	0	0	0	0	0	0	0	3	0	0	0	0	0	0	0	0	3	0	0	0	0	0	0	3	3	3
"cell470"	1	1	3	1	0	0	0	3	0	0	0	0	0	3	0	3	0	0	0	1	0	0	0	3	0	3	0	0	0	0	0	0	0	0	0	0	3	0	0	0	0	0	3	0	0	0	0
"cell471"	3	1	3	1	1	1	0	0	0	0	0	0	3	0	0	0	0	3	3	0	0	0	0	0	3	0	3	0	0	3	0	0	0	3	0	0	0	0	0	0	3	0	0	0	0	0	3
"cell472"	1	0	0	1	1	0	3	0	0	0	0	0	3	0	3	0	0	0	0	0	0	3	3	3	3	0	0	0	0	0	0	0	3	0	0	0	0	0	3	0	0	0	0	0	3	0	0
"cell473"	0	1	0	3	0	3	0	0	3	0	3	0	0	0	3	0	0	0	0	0	3	0	0	0	3	0	0	1	0	0	0	0	0	0	3	3	0	0	0	3	3	0	0	0	0	1	0
"cell474"	1	3	1	1	1	1	3	3	3	0	0	0	0	0	0	3	3	0	3	0	0	0	0	0	0	0	0	3	0	0	3	0	0	3	0	3	0	3	0	0	0	3	0	0	0	0	0
"cell475"	1	0	3	1	1	1	1	0	0	1	0	0	3	0	0	0	0	0	3	0	3	0	0	0	0	0	0	0	0	3	0	0	0	0	0	0	3	3	3	3	0	0	0	3	3	0	0
"cell476"	1	1	1	1	1	3	3	3	0	3	0	3	0	0	3	3	3	0	0	3	0	3	0	0	3	0	0	0	3	0	0	0	0	0	0	0	0	0	0	0	0	0	3	0	0	0	0
"cell477"	3	1	1	1	1	1	0	0	0	0	0	0	0	0	0	0	0	0	0	0	3	0	0	0	1	3	0	3	0	0	0	3	0	0	0	3	3	0	0	3	0	0	0	3	0	0	0
"cell478"	1	3	1	3	1	1	0	0	0	0	3	0	0	3	0	3	3	0	3	0	0	3	0	0	0	0	0	0	0	0	0	0	0	0	0	0	0	0	0	3	0	0	0	0	0	0	0
"cell479"	1	3	1	1	1	1	3	0	0	0	3	0	0	0	0	0	0	0	3	0	0	0	0	0	0	0	3	0	3	0	3	0	0	3	0	0	0	0	3	0	0	0	0	0	3	0	0
"cell480"	1	1	1	1	1	0	0	0	3	0	3	0	3	0	0	3	0	3	3	0	0	0	0	3	3	0	0	0	3	3	0	0	0	0	0	0	3	0	0	3	3	0	0	0	0	0	0
"cell481"	1	0	1	3	3	1	0	0	0	0	3	0	0	0	0	0	0	0	0	0	0	3	0	0	0	0	0	0	0	3	0	0	0	0	0	0	0	0	0	0	3	0	0	0	0	0	0
"cell482"	1	1	1	1	1	0	0	0	3	0	0	0	0	0	0	3	0	3	0	0	3	0	0	3	0	0	0	0	0	0	0	3	3	3	0	0	0	0	0	0	0	0	0	0	0	0	3
"cell483"	1	1	1	1	1	0	0	3	3	0	0	0	0	0	0	0	0	0	0	0	0	0	1	0	0	0	3	0	0	3	0	0	3	3	0	3	0	3	3	0	0	0	0	3	0	0	0
"cell484"	1	1	0	1	1	1	0	0	3	0	0	0	0	0	3	0	3	0	0	3	0	0	0	3	0	0	3	0	0	0	0	0	0	0	3	0	0	0	3	0	0	3	0	0	3	3	0
"cell485"	0	1	1	1	0	1	0	0	0	3	0	0	3	0	0	0	0	1	0	0	0	3	0	0	0	0	0	0	0	0	0	0	0	0	0	0	0	0	0	0	0	0	0	3	0	0	0
"cell486"	1	1	3	3	1	3	3	0	3	0	0	0	0	0	0	0	3	0	0	0	0	3	0	0	0	0	3	0	0	0	0	0	0	0	0	0	3	0	3	0	3	0	0	0	0	0	0
"cell487"	1	1	3	1	1	3	0	0	0	0	0	0	0	0	0	0	0	0	0	0	0	0	0	0	0	0	3	0	0	0	0	0	3	0	3	0	3	0	0	3	3	3	0	0	0	0	0
"cell488"	3	3	1	1	1	1	0	3	0	3	3	3	0	0	0	0	0	0	0	0	0	0	0	0	0	0	0	3	0	0	0	0	0	0	0	3	0	3	0	3	3	0	0	0	0	0	0
"cell489"	1	3	1	1	0	3	0	0	0	1	0	0	0	0	3	3	3	0	0	0	3	3	0	0	0	0	0	0	3	0	3	0	0	0	3	0	0	0	0	0	0	0	3	0	3	3	0
"cell490"	1	1	1	1	1	1	0	0	0	0	0	0	0	0	0	3	0	0	0	0	0	0	0	0	0	0	3	0	3	0	0	0	0	3	3	0	0	0	0	3	0	0	0	0	3	1	0
"cell491"	1	1	1	1	0	0	0	0	3	0	0	3	0	0	3	0	0	3	0	0	0	0	0	0	0	0	0	0	0	0	0	0	0	3	0	3	0	3	0	0	0	0	3	0	0	0	0
"cell492"	1	0	1	1	3	3	0	0	3	0	0	0	0	0	0	0	0	0	0	0	0	0	0	3	0	0	0	0	0	0	3	0	0	0	0	0	0	0	0	3	0	0	0	3	0	3	0
"cell493"	1	3	1	1	1	1	0	0	0	0	0	0	0	0	0	0	3	0	0	0	0	3	3	0	0	0	0	0	0	0	3	0	0	0	3	0	0	0	0	0	0	3	0	3	0	0	0
"cell494"	0	1	1	3	1	1	0	0	0	0	0	3	0	0	0	3	3	3	3	0	0	3	0	0	0	0	0	3	3	3	0	0	3	0	0	0	0	0	0	0	0	0	0	0	3	0	3
"cell495"	0	3	1	3	3	1	1	3	0	0	0	0	0	3	0	0	0	0	0	0	3	3	0	3	0	0	3	3	3	0	0	0	0	3	0	0	3	0	0	0	3	0	3	0	0	0	0
"cell496"	0	0	1	3	1	1	0	0	0	0	0	0	0	0	0	0	0	0	3	0	0	0	3	0	0	0	0	0	0	0	0	0	0	0	0	0	0	3	3	0	0	0	0	0	3	3	3
"cell497"	1	3	1	1	3	1	3	0	0	0	0	3	0	0	0	0	0	0	3	0	0	0	3	0	0	0	3	0	0	0	3	0	0	0	0	0	0	3	0	0	0	0	3	0	0	0	0
"cell498"	1	1	1	1	3	1	0	3	0	0	3	0	1	0	0	0	3	3	3	0	3	0	0	0	3	0	3	0	0	0	0	0	0	0	0	0	3	0	0	3	3	0	0	3	0	3	0
"cell499"	1	1	1	3	3	1	0	0	0	3	0	0	0	3	3	0	0	3	0	0	0	0	0	0	0	0	0	0	0	0	0	0	0	0	0	0	0	0	0	3	3	3	0	0	0	3	0
"cell500"	3	1	0	1	1	1	0	0	0	0	0	0	3	0	0	0	0	0	0	3	0	0	3	3	0	0	3	0	0	0	0	0	0	0	0	0	0	0	0	0	0	0	3	3	0	1	0
"cell501"	1	0	1	1	0	1	3	0	3	0	0	0	0	0	0	0	0	3	0	0	3	0	0	0	0	3	0	0	0	0	3	0	0	0	0	3	3	0	0	0	0	0	0	0	0	0	0
"cell502"	0	3	1	1	1	1	0	3	0	3	0	0	0	0	0	0	0	0	0	1	0	0	0	0	0	0	0	0	0	3	3	0	0	0	0	1	0	0	0	0	3	3	0	3	0	3	0
"cell503"	0	0	1	1	1	3	0	0	0	0	3	0	0	0	0	3	0	0	0	0	0	0	0	0	0	0	0	0	0	0	0	0	0	0	0	0	0	0	0	0	0	0	0	0	0	0	0
"cell504"	3	1	1	0	1	1	0	0	3	3	0	0	0	3	3	0	0	0	0	0	0	3	0	0	0	3	3	0	0	0	0	0	0	0	0	0	0	0	0	0	3	0	3	0	0	3	0
"cell505"	1	1	3	1	1	1	0	0	0	0	3	0	0	0	0	3	0	0	0	0	3	0	3	0	3	0	0	3	0	0	3	0	0	3	0	0	0	3	0	0	3	0	0	0	0	0	0
"cell506"	1	1	1	0	0	0	0	0	0	0	0	0	3	0	3	0	3	3	0	0	0	0	3	0	0	0	0	0	0	0	3	3	0	3	1	0	0	0	0	0	0	3	3	0	0	0	3
"cell507"	1	1	1	3	1	3	0	0	0	0	0	0	0	3	0	3	0	0	0	3	0	0	3	0	0	3	0	0	0	0	0	0	0	0	0	0	0	3	0	3	0	3	3	0	0	0	0
"cell508"	1	1	1	0	3	1	0	0	3	3	0	0	0	0	0	3	0	0	0	0	0	0	0	3	0	3	3	0	3	0	0	0	0	0	3	0	0	0	0	0	0	0	0	0	3	0	3
"cell509"	3	1	1	1	3	1	0	0	0	0	0	0	0	0	0	3	3	0	0	0	3	3	0	3	0	3	0	0	0	0	0	0	0	3	0	0	0	0	0	3	0	0	3	0	3	3	0
"cell510"	1	1	1	1	3	3	0	0	0	0	0	0	0	0	0	0	0	0	0	0	0	0	0	0	0	0	0	3	3	0	0	3	0	0	0	0	0	0	3	3	0	0	0	0	0	3	0
"cell511"	1	1	1	0	0	1	0	0	0	0	0	3	3	0	0	3	0	0	0	3	0	0	0	0	0	0	0	0	0	3	0	0	0	0	0	3	0	0	0	0	0	0	0	0	0	0	3
"cell512"	1	1	1	0	1	1	3	0	3	0	3	0	0	0	0	0	0	3	0	3	3	0	3	3	0	0	3	0	0	0	0	3	0	0	3	0	0	0	0	0	0	0	3	0	0	0	0
"cell513"	3	1	3	0	1	1	0	0	0	0	3	0	0	0	0	0	0	0	0	3	0	0	0	0	3	3	0	0	0	0	0	0	0	0	0	0	0	0	0	0	0	0	0	0	0	0	0
"cell514"	1	0	1	0	1	1	0	3	0	0	3	0	0	0	0	3	0	0	0	0	0	3	0	3	3	0	3	0	0	0	0	0	0	0	0	3	0	0	3	3	0	0	0	0	0	0	0
"cell515"	0	1	1	1	1	1	0	0	0	0	0	0	0	0	3	0	0	0	3	0	0	0	0	0	0	0	0	3	0	1	3	0	0	0	3	1	3	0	0	0	0	0	0	0	0	0	0
"cell516"	0	1	0	0	1	1	3	0	0	0	3	0	0	0	0	0	0	3	0	0	0	0	0	0	0	0	0	0	3	3	0	3	3	0	0	0	0	0	0	3	0	0	0	0	0	0	0
"cell517"	1	1	1	0	1	3	0	3	0	0	0	0	0	0	0	3	0	0	3	3	0	0	0	0	0	0	3	0	3	0	0	0	0	0	0	0	0	0	0	3	0	0	0	0	0	3	3
"cell518"	1	3	1	1	3	1	0	0	0	0	0	0	0	0	3	0	0	0	0	0	0	3	0	0	0	0	0	3	0	0	0	0	0	3	0	0	3	0	0	0	0	0	0	0	0	0	0
"cell519"	3	1	1	0	1	1	3	0	0	0	0	0	3	0	3	0	0	0	0	0	0	0	0	0	0	0	0	0	0	0	3	0	0	0	0	0	0	0	0	3	0	0	0	0	3	0	0
"cell520"	3	1	1	1	1	1	0	0	0	3	3	0	3	0	0	0	0	0	0	0	3	3	3	0	0	3	0	0	3	0	0	0	0	0	0	3	0	0	0	0	0	3	0	0	0	3	3
"cell521"	1	1	1	1	0	1	0	0	0	3	0	0	3	0	0	0	3	0	0	0	0	0	0	0	0	3	3	0	0	0	0	0	0	0	3	0	0	0	0	0	0	0	0	0	3	0	0
"cell522"	3	1	1	1	1	1	3	0	0	3	0	0	0	0	0	3	0	0	3	0	0	0	3	0	0	3	3	0	3	0	3	0	0	0	0	0	0	0	3	0	0	0	0	0	3	0	0
"cell523"	3	1	0	1	1	3	0	0	0	0	0	0	3	0	0	3	0	0	0	3	0	0	0	0	0	0	0	0	0	0	0	0	0	0	0	0	3	0	0	0	0	0	0	0	0	0	0
"cell524"	1	1	1	0	1	1	0	0	0	0	0	0	0	0	0	0	0	0	0	3	0	0	0	0	0	0	0	3	0	0	0	0	0	0	0	0	0	0	0	0	0	0	3	0	0	0	0
"cell525"	0	1	1	0	1	1	3	0	0	0	0	0	0	0	0	0	0	0	0	3	0	3	0	0	0	3	0	3	0	0	0	0	0	3	0	0	0	0	0	0	0	0	0	0	0	3	0
"cell526"	0	1	1	3	1	1	0	3	3	0	3	3	3	0	0	0	0	0	3	0	0	0	0	0	0	0	0	3	0	0	0	1	0	0	0	0	0	0	0	3	0	0	0	0	0	3	0
"cell527"	1	1	1	3	1	1	3	0	0	0	3	0	0	0	0	0	0	0	0	0	0	0	0	0	0	0	0	0	0	0	0	3	0	0	0	0	0	0	0	0	0	0	0	3	0	0	0
"cell528"	1	0	1	1	3	1	3	0	3	0	0	3	0	0	0	0	0	0	0	0	0	3	0	0	0	0	3	0	0	0	0	0	0	3	0	3	1	3	0	0	0	3	0	0	3	0	0
"cell529"	3	1	1	1	1	1	0	0	0	0	0	0	0	0	0	0	0	0	0	3	0	0	0	3	0	3	0	1	0	0	0	0	3	3	0	0	3	0	0	0	0	0	3	3	0	0	0
"cell530"	1	1	1	1	3	1	3	0	0	0	0	0	0	0	3	0	3	3	0	0	0	0	0	3	3	0	0	3	0	0	0	0	0	0	0	3	0	3	3	0	0	0	0	3	0	0	0
"cell531"	1	1	3	3	3	3	0	0	0	0	0	0	0	3	0	0	0	0	3	0	0	0	0	0	0	3	0	0	0	0	0	0	3	3	3	3	3	3	0	0	0	0	3	0	0	0	0
"cell532"	3	0	1	0	1	1	0	0	0	0	0	0	0	0	0	0	0	3	0	0	3	0	0	0	0	3	0	0	1	0	0	0	0	3	0	3	0	3	0	0	0	3	0	0	0	3	0
"cell533"	1	3	1	0	1	1	0	0	3	0	3	0	0	0	0	3	0	0	0	0	0	0	0	0	0	3	0	0	0	0	0	0	0	3	0	3	0	0	0	3	0	0	0	0	0	0	0
"cell534"	1	3	0	3	3	1	0	0	0	3	0	0	3	3	0	0	3	3	0	0	0	0	0	0	0	0	3	3	3	0	0	3	0	0	0	0	0	0	3	0	0	0	0	0	0	0	0
"cell535"	0	1	1	1	1	0	0	0	1	3	0	3	0	0	0	0	0	0	0	0	0	0	0	3	0	0	0	0	0	0	0	0	3	3	0	0	0	0	0	0	3	0	0	0	0	0	0
"cell536"	1	1	1	1	3	1	0	0	0	0	0	0	0	0	0	1	0	3	0	0	0	3	0	0	3	0	0	3	0	0	0	3	0	0	0	3	0	0	0	3	0	0	0	0	0	0	0
"cell537"	1	1	1	0	0	1	0	3	0	0	0	0	0	0	0	3	0	0	0	0	3	0	0	0	3	0	0	3	0	0	0	0	0	0	0	0	3	0	0	0	3	0	0	0	0	1	3
"cell538"	1	1	0	1	1	1	0	0	0	0	0	0	0	3	0	0	0	0	0	0	0	0	0	3	0	0	0	0	0	0	0	3	0	0	0	0	3	0	0	0	0	0	0	3	0	0	0
"cell539"	0	1	1	1	1	1	3	0	0	0	3	0	3	0	3	0	0	0	0	0	0	3	0	0	0	0	0	3	0	0	0	0	0	0	3	0	0	0	0	3	0	0	0	0	3	0	1
"cell540"	3	1	1	1	1	1	0	3	0	0	0	0	0	0	0	0	3	3	3	0	0	0	0	0	0	0	0	0	3	0	0	0	0	0	3	0	0	0	3	3	0	3	0	0	0	0	3
"cell541"	1	1	0	3	1	0	0	3	0	0	3	0	0	0	0	0	0	0	3	3	0	0	0	0	0	0	0	0	0	0	0	0	0	0	0	0	0	0	0	0	0	0	0	0	3	0	1
"cell542"	0	1	0	1	3	3	0	0	0	0	0	0	0	0	0	0	0	3	0	0	3	0	0	0	3	0	0	0	0	3	0	0	0	0	0	0	0	3	3	0	3	0	0	0	0	0	0
"cell543"	1	1	0	3	3	1	0	0	0	0	0	3	3	0	0	3	0	0	0	3	0	0	0	0	0	0	0	0	0	0	0	3	0	0	0	0	0	0	0	0	0	0	0	0	0	0	3
"cell544"	0	1	3	0	3	1	3	0	0	0	3	0	0	0	0	3	0	0	3	0	3	3	0	0	0	0	3	0	0	0	0	0	0	0	3	0	0	0	0	0	3	0	3	3	0	0	3
"cell545"	0	1	3	1	1	1	0	0	0	3	0	0	0	3	0	0	0	0	0	0	0	3	3	0	3	3	0	0	0	0	0	0	0	0	0	0	0	0	0	0	0	3	3	0	0	0	3
"cell546"	3	1	1	1	0	1	3	3	0	0	0	0	0	0	3	3	0	0	0	0	0	0	0	0	3	3	0	0	3	0	0	0	3	0	0	3	0	0	0	3	0	0	0	0	0	3	0
"cell547"	3	1	0	0	3	3	0	0	3	0	0	3	3	0	0	3	0	0	0	0	0	0	0	0	0	0	0	0	0	0	0	0	0	3	0	3	0	0	0	0	3	0	3	0	3	0	0
"cell548"	0	1	1	0	3	0	0	0	0	3	0	0	0	0	0	3	0	0	0	0	0	0	3	0	0	0	0	0	0	0	0	0	0	0	0	0	0	3	3	0	0	0	0	0	0	0	0
"cell549"	3	3	1	1	1	1	0	3	0	0	0	3	3	0	0	1	0	0	1	0	0	0	0	0	0	3	3	0	0	0	0	0	3	0	0	3	3	3	0	0	0	0	0	3	0	0	0
"cell550"	1	1	1	3	0	3	0	0	3	3	0	3	0	0	0	0	3	3	3	0	0	3	0	0	0	0	0	3	3	0	0	0	0	3	3	0	3	0	0	0	3	0	0	0	0	1	0
"cell551"	1	0	1	3	3	1	0	3	0	0	0	0	0	3	0	0	3	0	0	0	3	0	0	3	0	0	0	0	0	0	0	0	0	0	0	0	0	0	0	0	0	0	0	0	3	3	0
"cell552"	1	1	1	1	3	1	0	0	0	0	3	0	0	0	0	0	0	3	3	0	0	0	0	0	0	0	0	3	0	0	0	0	0	0	3	0	0	0	0	3	3	3	0	0	0	0	3
"cell553"	3	1	1	0	1	0	3	0	0	0	3	0	0	0	0	0	0	0	0	0	3	3	0	0	0	0	0	0	0	3	0	3	0	3	0	3	3	0	3	0	3	3	3	0	0	0	0
"cell554"	1	1	3	1	1	3	0	0	0	0	0	0	0	0	0	3	0	0	0	3	0	0	0	0	0	3	3	0	0	0	0	0	3	3	3	0	0	0	0	0	0	0	0	0	0	0	0
"cell555"	1	1	1	3	1	1	0	0	3	3	0	0	0	3	3	0	0	0	3	3	3	0	0	0	0	0	0	0	0	0	0	0	3	3	0	0	0	0	0	3	0	0	0	3	0	0	0
"cell556"	1	1	3	1	1	1	0	3	0	0	0	0	0	0	0	0	3	0	0	3	0	0	0	0	0	0	0	3	0	0	0	3	0	0	0	3	0	0	0	0	3	3	0	0	0	3	3
"cell557"	1	1	3	0	1	0	0	0	0	3	0	3	3	0	0	0	0	3	1	0	0	0	0	0	0	0	0	0	0	0	3	0	0	0	0	1	0	0	0	0	0	0	0	0	0	3	0
"cell558"	0	1	3	1	1	3	0	3	0	0	3	0	0	0	0	3	3	0	0	0	0	0	0	0	0	0	0	0	0	0	0	0	0	0	0	0	0	0	0	0	0	0	0	0	0	0	0
"cell559"	3	1	1	1	1	1	0	3	0	0	3	3	0	0	0	0	0	0	0	0	0	3	0	0	0	0	0	0	0	0	3	0	0	0	0	0	0	0	0	0	0	0	0	3	0	3	0
"cell560"	1	1	3	1	0	3	0	0	0	3	0	0	3	0	0	0	3	3	0	3	0	0	0	0	0	0	0	0	0	0	3	0	3	3	0	0	0	3	0	0	0	0	0	0	0	0	0
"cell561"	3	1	1	3	1	1	0	0	3	0	3	0	0	0	3	0	0	1	0	0	0	0	0	3	0	0	3	0	0	1	3	0	3	3	3	0	0	0	0	0	0	0	0	0	3	0	0
"cell562"	0	1	1	0	1	3	3	0	0	0	0	3	0	0	0	0	0	0	0	0	0	0	3	0	0	3	0	0	0	3	0	0	0	0	0	3	0	3	3	3	0	0	0	3	0	0	0
"cell563"	3	1	1	1	1	1	3	0	0	3	3	0	0	0	0	0	0	3	0	0	0	0	0	0	0	0	3	0	0	3	0	0	0	3	0	0	0	0	3	0	3	0	0	0	3	0	0
"cell564"	1	1	1	0	3	1	0	0	0	0	0	0	0	0	3	3	3	0	3	0	0	3	0	0	3	0	0	0	0	0	0	0	0	0	3	0	0	0	0	0	0	0	0	0	0	0	0
"cell565"	1	3	3	1	3	1	0	0	0	0	0	0	0	0	3	0	0	0	0	0	0	0	0	3	0	0	0	0	0	0	3	3	0	0	0	0	3	0	0	0	0	0	0	0	0	0	0
"cell566"	3	0	0	0	0	0	3	1	0	0	1	1	1	3	0	3	0	0	3	1	1	1	3	1	1	3	1	3	0	3	0	3	0	3	0	0	0	3	0	0	0	0	3	0	0	3	0
"cell567"	0	3	0	0	0	0	1	3	0	3	1	3	1	1	3	0	0	0	1	1	1	1	3	1	1	1	1	1	1	1	0	0	0	3	3	0	0	0	3	0	0	0	0	0	0	0	0
"cell568"	3	0	3	0	0	0	1	1	1	1	1	1	1	1	0	3	0	3	3	1	1	1	1	1	3	1	1	1	1	3	0	0	0	0	0	3	3	0	3	0	3	0	0	0	0	0	0
"cell569"	3	0	0	3	0	0	1	3	0	1	1	1	3	1	0	0	0	0	1	1	1	1	1	3	1	3	1	1	3	0	0	0	0	0	0	0	0	0	0	1	0	0	0	0	0	0	3
"cell570"	0	0	0	0	0	0	1	1	1	1	1	3	1	1	0	0	0	3	3	3	1	1	1	1	1	0	1	1	1	1	3	0	3	0	0	0	0	0	3	0	3	0	3	0	0	3	0
"cell571"	0	3	3	3	0	3	1	1	1	1	3	1	1	1	0	3	0	0	1	1	0	1	1	1	3	1	1	3	1	0	0	0	0	0	0	0	0	3	0	0	0	0	0	3	0	0	3
"cell572"	0	3	3	0	0	0	1	3	1	0	3	1	1	1	0	0	3	0	1	1	0	1	1	1	1	0	1	1	0	3	0	3	3	0	0	0	0	0	0	0	0	0	0	0	0	0	0
"cell573"	0	3	0	3	0	0	1	0	3	0	1	1	1	1	0	0	0	0	1	1	0	1	1	1	0	1	3	1	1	3	0	3	3	0	0	0	0	0	0	0	0	0	0	0	0	0	3
"cell574"	0	0	0	0	0	0	1	1	1	3	1	1	1	3	0	0	0	0	1	1	1	1	3	1	1	3	1	1	1	0	0	3	0	0	0	0	0	0	0	0	0	3	3	0	3	0	0
"cell575"	3	0	0	0	1	0	1	1	0	3	0	1	1	0	0	0	3	0	0	0	0	1	3	1	0	1	3	1	1	1	0	0	0	3	0	0	0	0	3	0	0	0	0	0	0	0	0
"cell576"	0	0	0	3	0	0	0	1	3	1	0	1	0	3	0	0	3	0	3	1	1	1	0	1	1	3	1	3	0	1	0	0	0	3	0	0	3	0	0	0	0	0	0	0	0	0	3
"cell577"	0	0	0	0	0	0	1	1	1	1	0	1	1	1	0	0	0	0	3	1	0	3	1	0	3	1	1	1	1	1	0	0	3	0	0	0	3	3	0	0	0	0	3	3	0	0	0
"cell578"	0	0	0	0	0	0	1	1	1	1	3	3	1	1	3	0	0	3	1	1	1	3	3	1	3	1	1	1	1	1	0	0	0	3	0	0	0	0	0	0	0	0	0	0	0	0	3
"cell579"	0	0	3	3	0	0	3	1	1	1	0	3	1	3	0	0	0	0	1	0	1	0	0	1	0	1	1	1	0	3	0	0	0	0	0	0	3	0	0	0	0	3	0	0	0	3	0
"cell580"	0	0	3	0	1	0	3	1	3	3	0	1	1	1	0	0	0	0	1	3	3	1	3	1	3	1	3	3	3	1	0	0	0	0	0	3	3	0	0	3	0	0	0	3	0	0	0
"cell581"	0	0	0	0	0	0	3	0	3	1	1	1	1	1	0	0	0	0	1	1	1	0	3	1	1	3	1	1	1	1	0	0	0	0	3	0	0	0	0	0	0	0	0	0	3	1	0
"cell582"	0	0	0	0	0	0	1	0	1	1	1	1	1	1	0	0	3	0	1	3	3	3	3	1	0	1	1	0	1	3	0	0	0	0	0	0	0	0	3	0	0	3	0	0	0	0	0
"cell583"	0	0	0	0	0	0	0	3	1	1	3	1	1	3	3	0	0	0	3	1	1	3	0	3	1	1	3	0	1	1	3	0	0	0	0	3	0	0	0	0	0	0	0	0	0	0	0
"cell584"	0	0	0	0	0	0	1	1	1	3	1	0	1	1	0	0	3	0	1	0	3	0	1	1	1	3	3	1	1	1	0	0	3	0	0	3	0	3	0	0	0	0	0	0	0	0	0
"cell585"	0	0	0	0	3	0	3	1	1	0	3	1	1	1	0	0	0	0	1	0	1	0	0	1	0	0	3	1	1	3	0	0	0	0	0	0	3	0	0	3	3	3	0	0	0	0	0
"cell586"	0	0	0	0	0	0	1	1	0	1	1	1	1	1	3	3	0	0	3	0	0	0	0	0	3	0	0	3	0	3	0	0	0	3	0	0	3	0	0	0	3	0	0	0	3	0	3
"cell587"	0	0	3	3	3	0	1	0	1	1	1	1	0	1	0	0	0	0	0	0	0	0	0	0	3	0	3	0	0	0	0	0	0	3	0	0	0	0	0	0	0	0	3	3	0	0	3
"cell588"	3	0	0	0	0	0	1	1	0	0	1	1	0	0	0	0	0	0	0	0	3	3	1	0	0	0	3	0	0	0	0	0	0	0	0	0	0	3	0	3	0	0	0	3	0	3	0
"cell589"	3	0	3	3	0	0	1	1	1	1	1	1	1	1	0	0	0	3	0	0	0	0	0	0	3	0	0	0	0	0	0	0	0	0	0	3	0	0	0	0	0	0	0	0	0	0	0
"cell590"	0	0	0	0	0	3	1	1	1	1	1	3	0	3	0	0	3	0	0	0	0	3	0	0	3	0	0	0	0	0	0	0	0	0	0	0	0	0	0	0	0	3	3	0	0	0	1
"cell591"	3	0	0	3	0	0	1	1	0	0	3	3	1	1	0	0	0	0	0	0	0	0	0	3	3	0	0	0	0	0	0	0	0	3	0	0	0	0	0	0	0	0	3	0	0	0	0
"cell592"	0	0	3	0	0	0	1	0	0	1	1	0	1	0	3	0	0	0	3	0	0	3	0	0	0	0	0	0	1	3	0	0	0	3	0	0	0	0	0	0	0	0	0	0	0	0	0
"cell593"	0	3	0	0	0	0	0	1	1	1	0	1	0	1	0	0	3	0	0	0	0	3	0	0	0	0	0	0	0	0	0	0	0	0	0	0	0	3	0	0	3	3	0	0	0	3	0
"cell594"	3	0	0	0	0	3	1	1	0	3	1	1	0	1	0	0	3	0	0	3	0	0	3	0	3	3	0	0	0	3	0	0	0	0	0	3	0	0	0	0	0	3	0	0	0	3	0
"cell595"	3	0	0	0	0	0	1	1	1	3	1	1	1	3	0	0	3	0	3	0	0	0	0	0	3	0	0	0	0	0	0	0	0	0	0	3	0	0	0	0	0	0	0	0	0	0	0
"cell596"	0	0	0	0	1	0	1	3	1	1	1	3	1	1	0	0	0	3	0	0	0	3	0	0	0	0	0	0	0	3	3	3	3	0	3	0	0	0	0	0	1	3	0	0	0	0	0
"cell597"	0	0	0	0	0	0	1	1	1	1	0	1	1	1	0	0	0	0	0	0	3	0	0	0	0	0	0	0	0	3	0	0	0	0	0	0	0	0	0	3	1	1	1	1	1	0	1
"cell598"	0	0	0	0	0	0	3	3	3	0	1	1	3	1	3	0	0	0	0	0	0	0	3	0	0	0	0	0	0	0	0	0	0	0	0	3	0	3	0	1	0	3	1	1	3	1	0
"cell599"	0	0	0	0	0	0	0	1	1	3	3	1	1	0	0	3	3	0	0	0	1	0	3	0	0	0	3	0	0	0	0	0	0	0	0	0	0	0	0	3	1	3	1	1	0	1	3
"cell600"	0	0	0	0	0	0	1	3	1	1	0	1	1	1	0	3	0	0	3	0	0	0	0	0	3	0	3	0	0	0	0	0	0	0	0	0	0	3	0	1	1	1	1	0	1	1	1
