""	"SNV0"	"SNV1"	"SNV2"	"SNV3"	"SNV4"	"SNV5"	"SNV6"	"SNV7"	"SNV8"	"SNV9"	"SNV10"	"SNV11"	"SNV12"	"SNV13"	"SNV14"	"SNV15"	"SNV16"	"SNV17"	"SNV18"	"SNV19"	"SNV20"	"SNV21"	"SNV22"	"SNV23"	"SNV24"	"SNV25"	"SNV26"	"SNV27"	"SNV28"	"SNV29"
"cell1"	1	0	1	1	0	0	0	3	0	0	0	3	0	0	3	3	0	0	0	0	0	0	0	0	0	0	3	0	0	0
"cell2"	1	1	1	3	0	3	0	0	0	1	0	0	3	0	0	3	0	0	0	0	3	0	0	3	0	3	0	0	0	0
"cell3"	1	1	1	3	0	0	0	0	0	0	3	1	3	3	1	0	0	0	0	0	0	3	0	0	0	3	0	0	3	0
"cell4"	3	1	1	3	0	0	0	0	0	3	0	1	0	1	1	1	3	0	0	0	0	0	0	0	0	0	3	0	0	0
"cell5"	3	1	3	0	0	3	0	0	0	0	3	3	1	1	1	1	0	3	0	0	0	3	0	0	0	0	0	0	0	0
"cell6"	1	1	1	1	0	0	0	0	0	0	0	3	1	1	0	1	3	0	0	0	0	0	0	0	0	0	0	3	3	0
"cell7"	3	1	1	0	0	3	0	0	3	0	0	1	0	1	0	0	0	1	0	0	0	3	0	0	0	0	0	0	0	0
"cell8"	1	1	1	1	0	0	0	0	0	0	0	1	3	1	1	3	0	3	0	0	0	0	3	3	0	0	3	0	0	0
"cell9"	3	1	0	1	0	0	0	0	0	0	0	1	1	1	1	1	0	0	0	0	0	3	0	0	0	0	3	0	0	0
"cell10"	1	1	3	1	0	0	0	0	3	0	0	1	1	1	0	1	0	0	0	0	0	0	0	0	0	0	0	0	0	1
"cell11"	1	0	1	1	0	0	3	0	0	0	0	1	0	0	0	0	0	0	0	0	0	0	0	0	0	0	0	0	0	0
"cell12"	0	1	1	0	3	0	0	0	0	0	0	0	1	3	1	1	0	3	0	0	3	0	3	0	0	0	0	0	0	3
"cell13"	0	1	1	1	3	3	0	0	0	0	0	3	1	3	1	1	0	0	0	0	0	0	0	0	0	0	0	3	0	0
"cell14"	1	1	1	1	3	0	3	0	0	3	3	1	3	1	1	1	3	0	0	3	0	0	3	3	0	0	0	0	0	0
"cell15"	1	1	1	1	0	0	0	0	3	0	3	1	0	1	0	0	0	0	0	0	3	0	0	0	0	3	0	0	0	0
"cell16"	0	1	0	1	0	0	0	0	0	0	0	3	0	1	3	1	0	0	0	0	3	0	0	0	0	0	0	3	3	0
"cell17"	1	1	1	1	0	0	0	0	0	3	3	1	3	1	1	0	3	0	0	3	0	0	3	3	0	0	0	3	0	0
"cell18"	3	1	1	3	0	0	3	0	3	0	0	3	1	1	1	1	0	0	0	0	0	0	3	0	0	3	0	0	0	3
"cell19"	3	1	1	1	0	0	0	0	0	3	0	1	0	1	1	1	0	3	0	0	0	3	0	0	0	0	3	0	0	3
"cell20"	1	1	3	1	0	0	0	3	0	0	0	1	1	1	3	1	0	0	3	0	0	0	0	0	0	0	0	0	0	0
"cell21"	3	1	1	3	0	0	0	0	3	0	0	0	1	1	1	1	0	0	0	0	0	0	0	0	3	0	0	0	0	3
"cell22"	1	1	3	1	0	0	0	0	3	0	0	1	1	1	3	1	0	3	0	0	0	0	0	0	0	0	3	0	0	0
"cell23"	1	0	1	3	0	0	0	0	0	3	0	1	3	3	1	1	0	0	0	0	3	0	0	0	3	0	3	0	0	0
"cell24"	3	1	1	1	0	0	0	0	3	3	0	1	1	1	1	1	0	0	0	0	0	0	3	0	0	0	0	0	0	0
"cell25"	3	1	3	1	3	0	0	1	0	3	0	1	0	1	1	0	3	3	0	0	0	0	3	0	0	3	0	3	0	0
"cell26"	1	1	1	1	3	0	0	0	0	0	0	3	1	1	1	1	0	0	0	3	3	0	0	0	0	0	3	0	0	0
"cell27"	1	1	3	1	3	0	0	0	0	3	0	1	1	1	3	3	0	0	0	3	0	3	0	0	0	0	0	0	0	0
"cell28"	1	1	1	1	3	0	0	0	0	3	0	1	1	1	0	0	0	0	0	0	0	3	3	0	3	0	0	0	0	0
"cell29"	1	1	1	1	3	0	0	3	0	0	0	1	1	1	1	3	0	0	0	0	0	0	0	0	0	0	3	0	0	0
"cell30"	0	1	1	1	0	0	0	0	0	0	0	1	0	1	1	1	3	0	0	0	0	0	0	0	0	0	0	0	0	0
"cell31"	0	3	1	3	0	3	0	0	1	0	3	3	0	1	0	1	0	3	3	3	0	0	0	0	0	0	0	0	0	3
"cell32"	0	1	1	3	0	0	0	0	0	0	0	1	1	0	1	1	0	0	3	0	0	0	0	0	3	0	0	0	0	0
"cell33"	1	1	1	3	0	3	3	0	3	0	0	1	1	0	0	1	3	0	0	0	3	0	0	3	1	0	0	0	0	0
"cell34"	1	3	0	1	0	3	0	0	3	0	0	1	1	1	1	1	0	0	0	0	0	3	3	3	0	0	0	0	3	0
"cell35"	1	1	1	1	0	0	0	0	3	0	3	1	0	1	1	0	0	0	0	3	3	0	3	3	1	0	3	0	3	0
"cell36"	1	1	0	1	0	0	0	0	0	0	0	1	1	3	1	1	0	0	3	0	0	0	0	0	3	0	3	3	0	0
"cell37"	1	1	3	3	3	0	0	3	0	0	0	1	3	3	1	3	0	0	0	0	0	3	3	3	3	0	0	0	3	0
"cell38"	1	1	1	1	0	0	3	3	3	0	0	3	1	1	1	1	0	3	0	0	0	0	0	0	0	0	0	3	0	0
"cell39"	1	0	1	1	3	0	0	0	0	3	0	1	1	3	1	0	3	3	0	3	3	0	3	3	0	3	0	0	0	0
"cell40"	3	1	3	1	0	0	0	0	3	0	0	1	1	0	1	3	0	3	3	0	0	0	0	0	0	0	0	0	0	0
"cell41"	1	3	1	3	3	0	0	0	0	0	3	0	1	1	1	1	0	3	0	0	0	3	0	0	0	0	0	0	0	3
"cell42"	0	1	1	1	3	0	0	0	0	0	0	0	1	0	3	1	3	0	0	0	0	3	0	0	0	0	3	3	0	0
"cell43"	1	1	0	1	0	0	3	0	0	3	3	1	1	0	0	1	0	0	0	0	0	0	0	0	3	0	3	3	0	0
"cell44"	1	0	1	3	0	0	3	0	0	1	3	0	1	1	1	1	0	0	0	0	0	0	0	0	0	0	0	0	0	0
"cell45"	1	1	1	1	0	0	0	0	0	0	0	1	0	1	3	1	3	0	0	0	0	0	0	3	0	0	0	3	0	0
"cell46"	0	1	1	1	0	3	0	0	3	0	0	1	1	0	3	1	0	0	0	0	0	0	0	0	0	0	0	0	0	0
"cell47"	1	0	1	1	0	0	0	0	3	0	0	0	0	0	0	1	0	0	3	3	0	0	3	0	3	0	0	0	0	0
"cell48"	1	1	3	3	0	3	3	0	3	3	0	1	1	1	0	1	0	0	0	3	0	0	3	0	0	0	0	0	3	0
"cell49"	1	1	1	3	3	0	0	3	0	0	0	0	3	3	3	1	0	0	0	3	0	0	0	3	0	0	0	0	0	0
"cell50"	1	3	3	0	0	0	0	0	0	0	3	0	0	1	1	1	0	0	0	3	0	0	0	0	0	0	0	0	0	3
"cell51"	1	1	3	1	0	0	0	0	0	3	0	1	1	1	0	1	0	0	0	0	0	0	3	0	0	0	0	0	0	1
"cell52"	0	3	3	3	3	0	0	3	0	3	0	0	1	1	1	1	3	0	0	0	0	1	0	0	0	0	3	0	0	0
"cell53"	1	1	3	3	0	3	3	0	0	0	0	1	1	0	1	1	0	0	0	3	0	0	0	3	3	0	0	0	0	0
"cell54"	1	1	1	1	0	0	3	1	0	0	0	0	1	1	0	1	3	0	3	0	3	0	0	0	0	3	3	3	3	3
"cell55"	3	3	3	1	3	0	0	0	0	0	0	1	1	1	1	3	0	3	0	0	0	0	0	3	0	3	0	0	3	0
"cell56"	1	1	1	1	0	0	3	0	0	0	0	1	3	1	1	0	0	0	0	0	0	0	0	0	0	0	3	0	0	0
"cell57"	3	1	3	3	0	0	3	0	0	0	3	1	1	1	1	1	0	0	3	3	0	0	0	0	0	0	0	0	0	0
"cell58"	3	1	0	1	0	0	0	3	0	0	0	3	1	1	1	1	0	0	0	0	0	3	0	3	3	0	3	3	0	0
"cell59"	3	1	0	3	0	0	3	0	0	0	0	1	1	1	1	3	0	0	0	0	0	0	0	0	0	0	0	3	1	0
"cell60"	1	1	3	1	0	0	0	3	0	0	0	3	1	3	3	1	0	0	0	0	0	3	0	0	0	0	3	0	0	0
"cell61"	1	1	1	1	0	3	0	3	0	0	3	3	3	3	0	1	0	0	0	0	0	0	0	0	0	0	0	0	3	3
"cell62"	1	0	1	3	0	0	0	3	0	0	0	3	1	3	1	1	3	3	0	0	0	0	0	0	0	3	1	0	3	0
"cell63"	1	3	3	1	0	0	0	0	0	0	0	1	1	1	3	1	0	0	0	0	0	0	0	0	0	0	0	0	0	3
"cell64"	1	1	1	1	0	3	0	0	0	3	0	1	3	3	1	1	3	3	3	3	3	0	0	3	3	3	0	0	0	0
"cell65"	1	3	3	3	0	0	0	0	0	0	0	3	0	1	3	1	0	0	0	0	0	0	0	3	0	3	0	0	0	3
"cell66"	1	1	0	3	0	0	0	0	0	0	0	1	1	1	1	0	0	0	0	0	3	3	0	0	0	0	0	0	0	3
"cell67"	1	3	0	1	0	0	0	0	0	0	0	1	1	0	1	1	0	0	0	0	0	3	0	3	0	3	3	0	0	0
"cell68"	1	1	1	1	0	0	3	0	0	0	0	1	3	1	3	1	3	0	0	3	3	0	0	0	0	3	0	0	0	3
"cell69"	0	1	1	1	3	0	3	3	0	0	0	1	1	1	1	3	0	0	3	0	0	3	3	3	0	0	0	0	0	0
"cell70"	1	1	3	1	0	0	0	0	0	0	0	0	3	1	3	1	0	3	0	0	0	0	0	0	0	0	0	3	0	3
"cell71"	1	3	1	1	3	0	0	0	0	0	0	0	1	1	0	1	0	0	0	0	0	0	0	0	3	0	0	0	0	0
"cell72"	3	1	1	1	0	0	0	0	0	3	0	1	0	1	1	1	0	0	0	0	0	0	0	0	0	0	3	0	0	3
"cell73"	1	1	1	1	0	0	0	3	0	0	0	0	1	1	1	1	0	0	3	0	0	0	0	0	0	0	3	0	0	0
"cell74"	0	0	1	1	3	0	0	3	1	0	0	1	1	1	3	3	0	0	0	0	3	0	0	0	0	0	3	0	3	0
"cell75"	0	1	3	0	0	0	0	3	0	0	0	1	1	1	1	3	0	0	0	0	3	3	0	0	0	3	0	0	0	0
"cell76"	3	1	1	1	0	0	0	3	0	0	0	1	1	1	1	3	0	0	0	0	3	0	3	0	0	0	0	3	0	0
"cell77"	3	3	0	3	0	3	3	0	3	0	0	3	3	1	0	0	0	0	3	0	0	0	1	0	0	0	0	0	0	0
"cell78"	1	1	1	0	3	0	0	0	0	0	3	0	1	1	3	0	0	0	0	0	0	0	0	0	3	0	0	0	0	0
"cell79"	3	3	0	0	3	0	0	0	0	0	3	3	0	3	0	1	3	0	0	0	0	3	0	0	3	0	0	0	0	0
"cell80"	1	1	1	1	0	0	0	0	0	0	0	3	1	3	3	0	3	0	3	3	0	0	0	3	0	3	0	0	3	0
"cell81"	0	3	1	1	0	3	0	0	0	0	0	1	1	1	1	1	3	0	3	0	0	0	0	0	0	3	3	0	0	0
"cell82"	1	1	1	0	0	0	0	0	0	0	0	1	1	1	1	1	0	0	0	3	0	0	0	3	3	0	3	0	0	0
"cell83"	1	1	3	1	0	0	0	3	0	0	0	0	0	1	1	1	0	0	3	0	0	0	0	0	3	0	3	0	0	0
"cell84"	1	3	1	1	0	0	0	0	0	0	3	1	1	3	3	0	0	3	0	0	0	0	3	0	0	3	0	3	0	0
"cell85"	0	0	3	1	0	0	0	0	3	0	0	1	3	0	0	1	3	0	0	3	0	0	0	3	0	3	0	0	0	0
"cell86"	0	1	0	1	0	3	0	0	3	0	0	0	1	1	0	0	3	0	3	3	0	0	0	0	0	0	0	3	3	0
"cell87"	0	1	1	1	0	0	0	0	0	3	0	1	3	1	1	0	3	0	3	3	3	0	0	0	0	0	0	0	0	0
"cell88"	3	1	1	1	0	0	3	0	0	0	0	1	1	1	1	1	0	0	0	1	0	0	0	0	0	0	0	0	3	3
"cell89"	3	1	3	1	0	0	0	0	0	3	0	1	1	3	3	1	0	0	0	0	0	0	0	0	0	0	0	0	3	0
"cell90"	0	1	3	1	0	0	0	3	0	3	0	1	0	3	1	0	3	0	0	0	0	0	0	3	3	0	1	0	0	0
"cell91"	1	3	3	1	0	0	0	0	0	0	0	1	1	1	3	1	0	0	0	0	3	0	3	0	0	0	0	0	0	0
"cell92"	3	1	1	1	3	0	3	0	0	0	0	0	1	3	1	1	0	0	0	0	3	0	0	0	0	0	0	0	3	0
"cell93"	1	1	1	3	0	0	0	3	3	0	0	3	0	1	1	3	0	0	0	0	0	0	0	0	0	3	0	3	0	0
"cell94"	0	0	1	1	0	0	3	0	3	0	3	1	1	1	3	3	0	0	0	0	0	0	0	0	0	0	0	0	0	3
"cell95"	3	3	1	1	0	0	0	0	3	3	3	1	1	1	1	1	0	0	3	0	3	0	0	0	0	0	0	0	0	0
"cell96"	3	1	1	1	0	3	0	0	0	0	0	1	1	1	1	1	0	0	3	0	0	0	3	0	3	0	3	0	0	0
"cell97"	1	3	3	0	3	3	3	0	0	0	0	0	1	1	0	3	0	0	0	0	0	3	3	1	0	3	3	0	0	0
"cell98"	1	3	1	0	3	0	0	0	0	0	0	3	1	0	3	3	0	3	0	3	0	0	0	0	0	0	0	3	0	0
"cell99"	3	1	1	1	0	0	0	0	0	0	0	1	0	1	1	0	0	3	0	0	0	0	3	0	0	0	0	0	0	0
"cell100"	1	1	1	3	0	0	0	0	0	0	0	3	1	1	1	1	3	3	0	0	0	1	0	0	0	0	0	0	0	0
"cell101"	1	1	1	3	0	3	0	0	0	0	3	1	3	1	1	3	0	0	0	0	0	0	0	0	3	0	0	0	0	3
"cell102"	0	3	1	3	0	0	0	0	0	0	0	0	1	0	1	1	0	0	1	3	0	0	0	0	0	0	3	0	0	0
"cell103"	1	1	0	1	0	0	0	0	0	3	0	1	1	1	1	1	0	0	0	0	0	3	0	0	0	0	0	0	3	0
"cell104"	1	1	1	3	3	0	0	0	3	0	0	1	1	0	1	1	0	3	3	0	0	0	0	0	0	3	0	0	0	0
"cell105"	3	0	1	1	0	3	0	0	0	0	0	1	1	1	0	3	0	0	3	0	3	0	0	0	3	3	0	0	0	0
"cell106"	1	1	1	0	0	0	0	0	0	0	0	1	1	1	0	0	0	0	0	3	0	0	3	0	0	0	0	0	0	3
"cell107"	1	3	0	1	3	0	0	0	0	0	0	0	3	1	3	3	3	0	3	0	3	3	0	3	0	0	0	0	0	0
"cell108"	1	3	1	3	0	3	0	3	3	0	0	1	1	3	1	1	3	0	0	3	0	0	0	0	0	0	0	3	0	0
"cell109"	1	1	1	3	0	0	3	0	0	0	1	3	1	3	1	1	0	0	0	0	0	0	3	0	0	0	0	0	0	0
"cell110"	0	1	0	1	0	3	0	0	3	0	0	3	1	0	1	3	3	0	0	0	0	0	3	0	0	0	0	0	3	3
"cell111"	0	1	0	3	0	0	0	3	0	0	0	1	1	1	0	1	0	0	0	0	0	0	3	0	0	0	3	0	0	0
"cell112"	1	1	0	1	3	0	3	0	3	0	0	1	1	1	3	1	0	3	3	0	0	3	0	0	3	0	0	0	0	0
"cell113"	0	1	0	1	0	0	0	0	3	0	0	1	1	1	3	1	3	3	0	0	0	0	0	3	3	0	0	0	0	0
"cell114"	1	0	1	3	0	3	0	0	0	0	0	1	3	0	1	3	3	0	0	0	0	0	3	0	3	3	3	0	3	0
"cell115"	1	1	1	1	0	0	0	3	3	0	0	1	0	1	1	3	0	3	0	0	0	0	0	3	0	0	0	0	0	0
"cell116"	1	1	1	1	3	0	0	3	3	0	0	1	1	1	1	1	0	3	0	3	0	0	0	3	0	0	3	0	0	3
"cell117"	1	3	3	3	0	0	3	0	0	0	0	0	0	0	1	1	0	0	3	0	3	0	0	3	0	0	0	0	0	0
"cell118"	1	1	0	3	0	0	0	3	0	0	3	3	1	1	1	1	0	0	0	0	0	0	0	0	0	3	3	0	0	3
"cell119"	3	0	3	3	3	0	3	0	3	0	3	1	1	1	0	1	0	0	0	3	0	0	0	3	0	3	3	0	0	0
"cell120"	1	1	3	1	0	0	3	0	3	0	0	1	3	1	1	1	0	0	0	0	0	0	0	0	0	3	0	0	0	1
"cell121"	1	1	3	1	0	0	0	3	0	3	0	3	1	1	3	1	0	0	3	0	0	0	3	0	0	0	0	0	0	0
"cell122"	1	1	1	1	0	3	0	0	0	0	0	1	3	1	3	3	3	0	0	0	3	0	0	3	0	0	0	3	0	0
"cell123"	3	3	0	1	0	0	0	0	0	3	0	3	3	1	3	1	0	0	0	0	0	0	0	3	0	0	3	0	0	0
"cell124"	1	1	1	1	0	0	0	0	3	0	0	1	1	1	3	1	0	0	3	3	0	0	0	0	0	0	0	0	0	0
"cell125"	1	3	1	3	0	0	0	0	3	0	0	1	1	1	1	0	0	0	0	0	0	0	1	3	0	0	0	0	0	3
"cell126"	1	3	1	1	0	0	0	0	0	0	0	1	3	3	1	1	0	0	0	0	0	3	0	3	0	0	0	0	0	3
"cell127"	1	1	3	1	0	0	0	0	0	0	0	1	3	1	3	1	0	0	0	0	0	0	0	0	3	3	3	0	0	0
"cell128"	1	1	1	3	3	3	0	0	0	0	0	1	3	1	1	1	0	0	0	0	0	0	0	0	0	3	0	3	0	3
"cell129"	3	1	1	1	0	3	0	0	0	0	3	1	0	3	0	0	0	0	0	0	3	3	0	0	0	0	0	0	0	0
"cell130"	1	3	1	3	0	0	3	0	0	0	0	1	1	1	0	1	0	3	3	0	0	0	3	0	0	0	0	0	3	0
"cell131"	1	3	1	3	0	0	3	0	3	0	3	3	1	3	1	1	0	0	3	0	0	0	0	3	0	0	0	0	0	3
"cell132"	1	1	1	0	0	3	3	0	0	0	0	1	1	1	1	3	0	0	0	0	0	0	0	0	0	0	0	0	0	0
"cell133"	1	3	0	1	0	0	0	0	0	0	0	1	1	1	0	1	0	0	3	0	0	3	0	0	3	0	0	0	0	3
"cell134"	3	1	1	1	0	0	3	0	0	0	3	1	3	1	1	1	0	0	3	0	0	0	0	0	1	3	3	0	0	0
"cell135"	1	0	1	1	3	0	0	0	0	3	3	1	0	1	0	1	0	0	0	0	3	0	3	0	3	3	0	3	0	0
"cell136"	1	3	1	3	0	0	0	0	0	0	0	1	1	1	3	3	0	3	0	0	0	0	0	0	0	0	0	0	0	0
"cell137"	1	3	1	1	0	0	0	0	0	3	3	1	1	1	1	1	3	0	0	0	0	0	0	3	0	0	0	0	3	0
"cell138"	0	3	0	3	3	0	0	0	0	0	3	1	3	1	1	3	3	0	0	0	0	0	0	3	0	0	3	0	0	0
"cell139"	1	1	1	0	0	0	0	0	3	0	0	1	1	1	0	1	3	0	0	0	3	3	0	3	0	0	0	0	0	0
"cell140"	1	1	0	1	0	0	0	0	0	0	0	1	1	1	1	0	0	0	0	0	3	0	3	0	0	0	0	3	0	0
"cell141"	0	3	1	1	0	0	0	3	0	0	0	3	1	1	1	3	3	3	0	0	0	0	0	0	0	3	0	0	0	0
"cell142"	0	1	1	3	0	0	3	3	0	3	1	0	3	1	1	1	1	1	1	1	1	1	1	1	1	0	0	0	0	0
"cell143"	3	0	3	1	3	0	3	0	0	0	0	0	0	3	1	1	1	1	1	1	1	1	1	1	1	0	0	3	3	0
"cell144"	1	1	1	1	0	0	0	0	0	0	0	1	1	1	1	0	1	1	1	1	3	1	1	1	1	3	0	0	0	0
"cell145"	1	3	0	1	0	0	0	0	0	0	3	1	0	1	1	3	1	0	1	1	0	1	1	1	3	0	0	0	3	0
"cell146"	1	1	1	1	0	0	0	3	0	3	3	0	1	1	1	0	3	1	1	1	1	3	1	1	3	0	0	0	0	0
"cell147"	1	3	1	1	3	0	0	0	3	0	0	3	3	1	1	0	1	3	1	3	0	0	1	0	1	0	3	0	0	0
"cell148"	1	1	0	1	0	0	1	0	3	0	0	3	1	1	1	1	0	1	0	1	1	1	1	1	3	3	0	0	0	0
"cell149"	3	3	1	1	3	3	0	3	0	0	0	1	3	0	1	1	1	1	3	0	1	1	1	3	1	0	0	3	3	0
"cell150"	1	1	1	3	3	0	0	3	0	0	0	1	3	3	1	3	0	1	0	3	3	1	0	1	3	0	0	0	0	0
"cell151"	1	3	1	0	3	3	0	3	3	0	0	3	1	1	0	1	1	0	1	1	1	1	3	1	1	0	0	0	3	3
"cell152"	3	1	1	1	0	0	0	0	0	0	0	1	0	1	0	0	1	1	3	1	3	3	3	1	3	0	0	0	0	0
"cell153"	0	1	1	1	0	3	0	0	0	0	0	3	1	0	1	1	3	1	1	1	0	3	3	0	1	0	0	0	0	3
"cell154"	1	1	3	1	0	0	0	0	0	3	0	3	0	3	3	1	1	0	1	0	3	3	1	1	3	0	0	3	3	0
"cell155"	0	1	1	1	0	0	3	0	3	0	0	1	3	3	3	1	3	1	1	0	3	1	0	1	3	3	0	0	0	0
"cell156"	1	3	1	1	0	0	0	0	3	0	3	0	3	1	1	0	3	1	1	0	1	0	1	1	3	0	0	0	0	0
"cell157"	3	0	3	1	3	0	0	0	0	0	0	3	0	1	1	1	1	1	1	1	1	1	1	1	0	0	0	3	3	0
"cell158"	3	1	1	3	0	0	0	0	3	3	0	3	1	1	1	1	1	1	3	3	1	1	1	0	0	0	0	0	3	3
"cell159"	1	1	1	3	0	0	3	0	0	3	0	1	3	1	3	3	1	0	1	1	0	3	1	3	1	0	3	1	3	3
"cell160"	0	0	1	1	0	0	0	0	0	0	0	1	1	1	3	3	1	1	1	0	1	1	3	1	1	3	1	0	3	0
"cell161"	1	3	1	1	0	0	3	0	0	0	3	1	1	3	1	3	1	0	1	0	1	1	1	3	1	3	0	3	0	0
"cell162"	1	1	0	1	0	0	0	0	0	0	0	1	0	1	1	0	3	0	1	3	1	1	1	0	1	0	0	0	3	3
"cell163"	0	1	3	1	3	3	3	3	0	0	0	1	1	1	1	1	0	1	1	3	3	1	1	1	0	0	3	3	0	0
"cell164"	1	0	0	1	0	0	0	0	0	3	0	1	1	1	0	0	0	3	1	1	3	1	1	1	1	1	0	0	3	3
"cell165"	0	1	1	0	0	3	0	3	0	0	0	1	1	0	3	1	1	0	1	0	3	3	1	0	1	0	0	0	3	3
"cell166"	1	1	1	1	0	0	0	0	0	0	3	3	1	0	1	1	1	1	1	1	3	3	0	1	3	3	0	0	0	0
"cell167"	0	1	0	1	0	0	0	0	0	0	3	1	1	3	1	0	3	3	1	3	1	1	1	1	0	0	0	0	0	0
"cell168"	1	1	3	1	0	0	1	3	0	3	0	1	1	3	1	3	1	1	0	0	1	1	1	1	1	0	0	0	0	0
"cell169"	1	1	1	3	0	0	0	0	0	0	0	1	1	1	1	1	1	0	3	1	1	3	1	3	3	3	0	0	0	0
"cell170"	0	1	1	1	0	3	0	0	0	0	0	1	3	1	1	1	1	3	0	1	0	1	1	3	1	3	0	0	0	0
"cell171"	1	0	0	1	3	0	0	0	0	0	0	3	0	3	1	1	1	1	3	0	3	1	1	1	0	0	0	0	0	3
"cell172"	1	1	1	1	0	0	0	0	0	0	3	1	0	1	1	3	3	3	0	1	0	1	1	3	1	0	0	0	0	0
"cell173"	3	0	3	1	0	0	0	0	0	0	0	3	0	1	1	1	1	1	1	1	3	3	0	1	1	0	3	3	0	0
"cell174"	1	1	0	1	0	0	0	0	0	0	0	1	3	1	0	1	3	1	1	0	1	1	3	1	1	3	3	0	0	0
"cell175"	1	1	1	1	0	0	0	0	0	0	0	1	1	3	1	1	3	1	1	1	1	1	1	0	3	0	0	0	0	0
"cell176"	1	1	1	1	0	3	0	0	0	3	0	1	1	1	1	0	1	1	1	1	1	1	3	1	3	0	3	0	0	0
"cell177"	1	1	3	0	0	0	3	0	0	0	0	1	1	1	1	1	0	1	0	3	3	1	1	3	3	0	0	0	0	0
"cell178"	1	1	1	1	3	0	3	3	0	0	0	3	1	1	3	1	3	3	1	1	3	3	1	1	0	0	0	0	1	3
"cell179"	0	0	1	0	0	0	3	0	0	0	0	3	1	1	3	1	1	3	1	1	3	3	0	3	1	3	0	0	0	0
"cell180"	1	3	1	3	0	3	0	0	0	0	0	1	1	1	0	1	1	0	1	1	3	0	3	1	1	0	3	0	0	0
"cell181"	1	1	3	1	3	0	0	3	0	3	3	3	1	3	1	3	1	1	1	1	1	3	3	3	1	3	3	0	0	0
"cell182"	3	1	3	3	0	0	0	0	0	0	0	1	1	0	3	3	3	1	1	1	1	1	1	0	0	0	0	0	0	0
"cell183"	3	1	3	1	0	3	0	3	0	3	0	3	1	3	0	1	1	1	3	3	1	0	1	1	1	0	3	0	0	0
"cell184"	1	0	3	0	0	1	0	0	0	0	0	1	1	1	1	1	1	3	1	1	1	0	1	1	1	0	0	0	0	3
"cell185"	1	1	0	3	3	3	0	0	0	3	0	1	1	1	3	0	3	1	1	3	1	1	0	1	3	0	3	0	0	0
"cell186"	1	3	1	1	0	3	0	0	0	0	0	0	1	1	0	1	0	0	1	1	1	1	1	1	1	0	0	0	0	0
"cell187"	1	1	3	1	0	0	0	0	0	0	0	1	3	1	0	1	0	1	1	1	1	1	1	3	1	0	0	0	0	0
"cell188"	1	1	3	1	0	0	0	0	0	0	0	3	1	1	3	1	1	3	1	1	3	1	1	1	3	0	0	0	0	0
"cell189"	1	1	1	3	0	0	0	0	0	3	3	1	1	1	1	1	3	1	3	1	1	1	3	1	1	3	0	0	0	0
"cell190"	1	1	0	0	0	0	0	0	0	0	0	1	1	3	1	0	1	1	1	1	1	1	1	3	0	0	3	0	3	3
"cell191"	0	1	1	1	0	0	0	0	0	0	3	1	1	3	1	1	1	1	1	1	1	1	1	3	3	3	0	0	3	0
"cell192"	1	1	0	1	0	0	0	0	0	0	0	1	1	1	1	1	1	1	1	3	1	1	1	1	1	3	3	3	0	3
"cell193"	3	1	1	0	0	3	0	0	0	0	0	1	1	1	0	1	3	1	3	1	1	1	0	3	1	0	3	3	0	0
"cell194"	1	3	1	0	3	0	0	3	3	0	0	3	1	3	1	1	0	3	3	1	1	1	1	1	1	0	0	0	0	3
"cell195"	0	1	1	1	0	0	0	0	0	3	0	3	0	3	3	1	3	1	0	1	3	1	1	1	0	0	0	3	0	0
"cell196"	3	1	1	1	0	0	0	3	0	0	0	1	1	0	1	1	0	1	0	1	1	0	1	1	3	3	0	0	0	3
"cell197"	1	0	1	1	0	0	0	0	0	0	3	3	1	3	1	1	1	1	1	1	1	1	3	1	1	0	0	0	0	0
"cell198"	1	1	1	1	0	0	0	0	0	0	3	3	1	1	1	1	1	1	3	3	1	3	1	1	3	0	0	0	3	0
"cell199"	1	1	1	1	0	0	3	3	0	3	0	3	1	3	3	3	0	1	3	1	3	1	1	1	1	0	0	0	0	0
"cell200"	0	1	3	3	0	0	0	0	0	0	0	3	1	1	0	3	1	3	3	1	3	0	3	3	1	0	3	3	0	0
"cell201"	1	1	3	1	0	0	0	3	3	0	3	3	1	0	1	1	3	1	1	3	1	0	1	3	1	0	0	3	0	0
"cell202"	1	1	1	3	0	0	0	0	0	0	0	3	1	1	1	3	1	1	1	3	3	1	1	3	3	3	0	0	0	3
"cell203"	1	1	0	1	3	0	0	0	3	0	0	3	1	3	3	1	1	1	0	3	3	1	1	1	1	0	0	0	0	0
"cell204"	3	1	0	0	0	0	0	0	0	0	3	1	0	1	3	0	3	1	3	1	0	1	3	1	1	0	0	0	0	0
"cell205"	3	3	3	1	3	0	0	0	0	3	3	1	1	1	3	0	1	1	1	1	0	1	1	1	1	0	3	0	3	0
"cell206"	1	0	3	1	3	0	0	0	0	3	0	1	1	1	1	0	1	1	1	1	3	3	1	1	3	0	0	0	0	0
"cell207"	1	3	1	1	0	0	0	3	3	0	3	1	3	0	1	3	1	3	1	3	1	0	1	0	1	3	0	0	0	0
"cell208"	1	3	0	1	0	0	0	0	0	0	0	3	3	0	0	1	0	3	3	1	3	1	3	3	1	0	0	0	0	0
"cell209"	1	3	3	1	0	0	0	0	0	3	3	1	3	1	1	1	1	1	0	0	1	1	3	1	0	0	3	0	0	0
"cell210"	1	0	1	1	0	0	0	0	0	0	0	0	0	1	3	1	1	3	0	1	1	3	3	1	0	0	0	3	0	0
"cell211"	1	1	1	3	3	0	3	3	0	0	0	1	3	1	1	3	0	1	1	1	1	1	3	1	1	0	0	0	0	3
"cell212"	1	1	1	1	0	3	0	0	0	0	3	0	3	1	1	1	3	1	1	1	0	1	1	1	1	0	0	0	0	3
"cell213"	1	3	3	1	0	0	3	0	0	0	1	1	1	3	3	1	0	1	3	1	1	1	1	1	3	0	0	0	3	0
"cell214"	1	1	1	3	0	0	0	0	0	0	0	3	1	1	3	1	1	1	3	1	1	1	3	0	3	0	3	3	0	0
"cell215"	0	3	1	3	0	3	0	0	0	0	0	1	0	1	3	3	1	0	3	1	1	1	3	3	1	0	3	0	3	0
"cell216"	1	1	1	3	3	0	0	0	0	3	0	0	1	1	3	1	1	1	3	1	0	0	0	3	1	0	0	0	0	0
"cell217"	1	0	3	1	3	0	0	0	3	0	0	1	1	1	3	3	1	0	1	1	3	1	0	1	3	0	0	0	0	0
"cell218"	3	1	1	1	0	3	0	1	0	3	0	1	0	1	1	1	3	1	0	1	1	0	1	1	1	0	0	0	0	0
"cell219"	0	3	0	1	0	0	0	0	1	0	0	1	1	3	3	1	1	0	1	1	3	0	1	3	0	1	0	0	0	0
"cell220"	1	0	1	1	3	0	0	0	0	0	0	0	1	3	1	1	1	0	3	1	1	3	1	1	1	3	0	0	0	0
"cell221"	0	3	0	1	0	3	0	3	0	0	3	3	0	1	1	1	3	3	1	0	1	1	1	1	1	0	3	0	0	0
"cell222"	3	1	1	0	3	0	0	0	0	0	3	3	1	3	3	1	0	0	0	1	1	1	1	1	1	0	0	3	0	0
"cell223"	1	1	0	3	0	3	0	0	0	0	0	3	1	3	1	1	1	1	1	0	0	3	1	1	1	0	0	0	0	0
"cell224"	0	1	3	1	0	0	3	0	0	0	0	1	1	1	1	1	1	3	3	1	0	0	1	1	1	0	0	0	0	0
"cell225"	3	1	0	1	0	3	0	0	0	0	0	1	1	3	1	1	0	1	1	1	1	1	1	1	1	0	0	0	0	0
"cell226"	3	3	3	1	3	3	0	0	0	0	0	1	1	1	3	1	3	3	1	1	0	1	1	0	3	3	0	3	0	0
"cell227"	0	3	1	3	3	0	3	0	0	0	0	1	1	3	1	1	1	1	1	3	1	1	1	1	1	0	0	0	0	3
"cell228"	1	3	0	1	3	0	0	3	0	0	0	3	3	1	1	1	1	3	3	0	0	3	1	1	0	0	0	0	3	3
"cell229"	3	1	1	1	0	0	0	3	0	0	3	1	1	1	1	1	1	1	1	0	1	1	1	0	3	0	3	0	0	0
"cell230"	3	1	0	1	0	0	3	3	3	0	3	1	1	1	0	1	1	1	3	1	1	1	3	3	1	3	0	0	0	3
"cell231"	1	1	3	1	0	0	3	0	0	3	0	1	3	3	3	1	1	0	3	1	3	1	1	3	0	0	0	0	3	3
"cell232"	1	0	1	1	0	0	3	0	0	0	3	3	1	1	1	1	0	1	0	1	1	1	1	0	3	0	0	0	0	0
"cell233"	1	1	0	1	0	0	0	0	0	0	0	1	1	3	3	1	0	1	1	0	1	1	1	1	1	0	0	3	0	0
"cell234"	3	1	3	1	0	3	0	0	0	0	0	1	1	1	1	1	1	1	1	0	1	1	1	1	1	0	0	0	0	0
"cell235"	1	1	0	1	3	0	0	0	3	0	0	1	3	1	1	1	1	3	1	1	1	0	3	3	1	0	0	0	0	0
"cell236"	1	1	3	1	0	0	3	0	0	0	0	0	3	3	1	1	1	1	3	1	3	1	0	0	1	0	0	0	0	0
"cell237"	1	1	1	1	1	3	0	0	0	0	0	3	1	1	1	1	1	1	1	1	0	0	1	0	1	0	3	0	0	0
"cell238"	0	1	1	1	3	0	3	0	0	3	3	1	0	1	1	3	1	3	0	1	0	1	1	1	1	0	0	0	3	0
"cell239"	1	3	1	1	0	0	0	3	0	0	0	3	1	1	1	1	3	1	1	3	1	1	3	1	1	0	0	0	0	0
"cell240"	3	1	3	1	0	0	0	0	0	0	0	1	1	0	3	1	1	3	0	0	0	1	3	0	1	0	0	0	0	0
"cell241"	1	3	1	1	3	0	1	0	3	0	0	1	1	1	1	0	1	3	3	3	3	1	1	3	0	0	0	0	0	0
"cell242"	0	1	3	1	0	0	0	3	0	0	0	3	1	1	0	1	1	0	1	1	3	1	1	3	0	3	0	0	0	3
"cell243"	1	0	1	1	0	0	3	0	3	0	0	1	1	1	1	1	1	3	1	1	1	1	1	3	1	0	0	0	0	3
"cell244"	3	1	1	1	0	0	0	3	3	0	0	3	3	0	1	3	1	1	1	1	1	1	1	1	3	0	0	0	3	0
"cell245"	1	1	1	3	0	0	3	3	3	0	3	0	1	1	3	1	1	1	3	1	1	1	3	0	1	0	0	3	0	0
"cell246"	3	3	3	3	0	0	0	0	3	0	0	3	1	1	1	1	1	1	1	1	1	3	1	0	1	0	3	0	3	0
"cell247"	1	1	3	0	0	0	0	3	3	0	0	1	1	0	1	0	1	1	3	3	0	0	3	1	1	0	0	0	0	0
"cell248"	1	1	0	3	3	3	0	0	0	0	0	0	1	3	1	1	1	1	0	3	1	3	1	1	1	0	0	0	0	0
"cell249"	1	3	1	1	3	3	0	0	0	0	3	1	1	1	1	3	0	3	3	1	1	1	1	1	1	0	0	0	0	3
"cell250"	3	1	3	1	0	0	0	0	0	0	3	0	1	0	1	1	1	1	3	0	0	0	1	1	1	0	0	0	0	0
"cell251"	0	1	1	1	0	3	0	0	0	3	0	1	1	1	1	1	1	1	1	0	1	1	3	0	3	0	0	0	0	0
"cell252"	1	1	0	1	0	0	3	0	0	0	0	3	1	1	1	1	3	1	1	1	0	1	0	1	1	0	0	0	3	0
"cell253"	3	3	3	0	0	0	0	0	3	0	3	1	1	3	1	1	1	0	3	3	3	3	1	1	1	3	0	0	0	0
"cell254"	0	3	3	3	0	0	0	0	0	0	0	3	1	1	1	3	1	1	1	1	1	1	1	0	1	3	3	0	0	0
"cell255"	1	3	0	1	0	3	3	0	0	3	0	0	3	3	1	1	0	3	1	1	3	1	1	1	0	0	0	0	0	0
"cell256"	3	1	1	1	0	0	0	0	0	0	0	1	1	1	1	1	1	3	1	1	3	1	1	3	1	3	3	0	0	0
"cell257"	0	1	3	1	0	0	0	0	0	0	0	3	0	3	1	1	1	1	1	1	1	1	1	1	1	0	0	0	0	0
"cell258"	1	3	3	0	0	0	0	0	0	0	0	1	1	1	1	1	0	1	1	3	1	1	0	0	1	0	0	0	0	0
"cell259"	1	1	1	1	0	0	3	0	3	0	0	0	0	1	1	1	0	3	0	1	0	3	3	1	1	0	0	0	0	0
"cell260"	1	1	1	1	3	0	0	0	3	0	0	1	1	1	1	0	1	1	3	0	1	1	1	1	1	0	3	0	0	0
"cell261"	3	1	3	0	0	0	0	3	0	0	0	3	1	3	1	3	3	1	1	1	3	1	1	1	0	0	3	0	0	3
"cell262"	1	1	1	1	0	0	0	0	0	0	3	0	1	1	0	0	1	3	1	1	3	1	1	1	1	0	0	3	0	0
"cell263"	1	0	1	1	0	0	0	0	0	0	0	1	1	1	1	1	0	1	1	1	1	1	0	1	0	0	0	0	3	0
"cell264"	1	1	0	1	0	0	0	0	3	3	3	1	1	1	0	1	1	3	1	0	0	3	1	0	0	0	0	0	0	3
"cell265"	1	3	1	1	0	0	3	0	3	0	0	1	1	1	1	3	0	3	0	1	1	3	1	3	3	0	0	1	0	0
"cell266"	1	0	0	1	0	0	0	0	0	0	0	3	1	1	3	1	1	1	3	1	1	1	3	0	3	0	0	3	0	0
"cell267"	1	1	1	0	0	3	0	1	0	0	0	1	1	3	1	1	0	1	3	3	3	0	1	1	1	0	0	3	3	0
"cell268"	1	0	3	0	0	0	0	0	3	3	0	3	1	1	1	1	1	1	1	1	0	3	1	1	1	0	0	0	0	0
"cell269"	0	0	1	3	0	0	0	3	0	0	0	1	0	1	0	0	1	0	1	1	3	1	3	1	0	3	0	0	0	0
"cell270"	1	3	1	1	0	0	0	3	0	0	0	0	0	1	0	3	3	3	0	1	0	1	3	1	3	3	0	0	0	0
"cell271"	1	3	0	1	0	3	0	3	0	0	0	1	1	1	0	1	0	1	1	1	1	0	1	1	1	0	3	3	3	0
"cell272"	0	1	1	3	3	0	0	0	3	0	0	1	1	3	1	3	1	0	0	1	1	1	0	0	1	0	3	0	0	0
"cell273"	1	1	1	1	0	0	0	0	0	0	0	3	1	1	0	1	1	1	0	1	0	1	1	1	0	0	0	3	0	0
"cell274"	1	0	3	1	3	0	0	0	0	0	0	3	1	1	1	1	1	0	3	1	1	1	1	1	1	3	0	0	0	0
"cell275"	3	0	1	1	3	0	0	3	0	0	0	1	1	1	0	1	3	1	1	0	1	1	1	1	0	0	0	0	3	0
"cell276"	3	3	0	1	0	0	0	0	0	0	0	1	3	1	1	3	1	3	3	3	1	1	1	1	1	0	0	0	0	0
"cell277"	1	1	1	1	0	3	3	3	0	0	3	3	3	1	1	1	1	1	1	0	1	0	1	3	1	0	3	3	0	3
"cell278"	0	1	1	1	0	0	3	0	0	0	0	1	3	1	1	1	3	1	1	1	1	0	1	1	1	0	0	0	0	0
"cell279"	1	1	1	3	0	0	0	0	3	0	0	1	1	1	1	3	1	1	3	0	1	1	1	3	0	0	0	0	0	0
"cell280"	1	1	1	1	3	0	0	0	3	3	0	1	1	0	3	1	1	1	3	1	0	3	1	1	1	0	3	0	3	0
"cell281"	0	1	1	1	3	0	3	0	0	0	0	3	3	1	1	3	1	1	1	0	1	3	1	3	1	0	0	0	0	3
"cell282"	1	1	1	1	0	0	0	0	3	0	0	3	1	3	0	1	0	0	0	3	1	0	3	1	0	0	3	0	0	0
"cell283"	0	1	1	1	0	0	3	0	3	0	1	1	1	3	1	1	0	0	0	1	1	1	0	1	1	0	0	0	3	0
"cell284"	3	1	1	1	0	0	3	0	0	0	3	1	1	1	0	0	0	3	3	0	1	1	0	1	3	0	0	0	0	0
"cell285"	1	3	1	1	3	3	0	0	3	0	0	1	0	3	0	1	3	1	1	1	1	1	3	1	1	0	0	0	0	0
"cell286"	1	1	3	1	0	0	0	0	0	0	0	1	1	1	1	3	1	1	1	1	1	1	3	1	1	0	0	0	3	0
"cell287"	1	1	1	0	0	3	0	0	3	3	3	0	1	1	3	1	1	1	1	1	1	0	1	1	1	0	0	0	0	0
"cell288"	0	1	1	1	3	0	0	0	0	0	0	3	1	1	0	1	0	3	1	1	1	1	0	1	1	3	0	0	3	3
"cell289"	1	1	3	1	0	0	0	0	0	0	0	1	1	1	1	0	1	1	3	1	1	3	1	1	1	0	0	0	0	0
"cell290"	3	1	3	0	0	3	0	0	0	0	0	1	1	1	3	3	3	0	1	1	3	3	1	1	1	0	0	3	0	0
"cell291"	1	1	3	1	0	0	0	3	0	0	0	1	0	1	1	1	0	1	1	1	1	1	1	1	1	3	3	0	0	3
"cell292"	1	3	3	1	0	0	0	0	3	0	0	1	1	1	0	3	0	0	3	1	1	1	3	1	0	3	0	3	3	0
"cell293"	0	1	1	3	0	0	0	0	0	0	0	1	1	1	3	3	3	1	1	1	1	1	1	3	1	0	3	0	3	0
"cell294"	3	1	1	1	3	0	0	0	0	3	0	0	3	1	3	1	3	1	3	1	1	3	3	1	1	0	3	0	0	3
"cell295"	1	0	0	1	0	0	0	0	0	0	0	1	1	1	1	1	1	0	0	1	3	1	3	0	1	0	3	0	0	0
"cell296"	1	1	0	1	0	0	0	3	0	3	0	3	1	1	0	1	3	1	1	1	1	3	0	1	1	0	0	3	0	0
"cell297"	3	1	1	1	0	3	0	0	0	3	3	3	1	3	1	1	1	0	1	1	1	0	3	1	1	0	0	0	0	0
"cell298"	0	3	1	1	0	0	0	3	0	0	0	3	1	1	1	3	1	1	3	1	1	1	3	0	1	0	0	0	0	3
"cell299"	1	1	1	1	3	3	0	3	0	3	0	1	1	0	1	3	0	3	0	1	1	3	3	3	1	0	0	0	0	0
"cell300"	1	1	1	3	0	3	3	0	0	0	0	1	1	1	1	1	0	1	1	1	1	1	1	1	1	0	0	0	0	0
"cell301"	1	0	0	3	0	3	3	0	0	3	0	1	1	1	3	1	3	1	1	1	3	3	3	1	1	0	0	0	0	0
"cell302"	1	3	1	1	0	0	0	0	0	3	0	0	3	3	3	1	1	1	0	3	1	0	1	1	1	0	0	0	0	0
"cell303"	1	0	1	1	0	0	0	0	0	0	0	1	3	1	0	1	0	1	1	0	1	1	1	3	1	3	0	0	0	0
"cell304"	1	3	1	1	0	0	0	0	0	0	3	1	1	3	0	0	1	1	1	0	1	0	3	3	3	0	0	3	0	1
"cell305"	0	1	1	1	0	0	0	0	0	0	3	1	1	3	0	0	1	1	3	1	1	3	3	0	1	0	0	0	0	0
"cell306"	3	1	0	0	0	0	0	0	0	0	0	1	1	3	0	3	3	1	3	1	3	1	1	3	1	0	0	0	3	0
"cell307"	3	3	1	1	0	3	0	0	0	0	0	3	3	3	1	1	0	1	1	1	1	1	1	0	1	0	0	0	0	0
"cell308"	1	3	0	0	0	0	0	3	0	3	0	1	1	1	1	1	1	3	1	3	0	1	1	1	3	0	0	3	0	0
"cell309"	0	1	0	1	0	0	0	0	0	0	0	1	3	1	0	1	1	0	1	1	1	1	1	1	1	0	0	0	0	0
"cell310"	1	3	1	1	0	0	0	0	0	3	0	1	1	3	1	0	1	1	1	1	1	1	1	0	1	0	1	3	3	0
"cell311"	1	3	1	0	3	0	0	0	0	0	0	0	1	1	0	1	3	3	0	1	1	0	1	1	3	0	0	0	0	0
"cell312"	1	1	1	3	0	0	3	0	0	3	0	1	1	1	0	1	3	3	1	0	1	1	1	0	3	0	0	3	3	3
"cell313"	3	3	1	1	0	0	3	0	3	0	0	1	1	3	1	3	0	1	1	1	0	1	1	1	0	0	0	0	0	0
"cell314"	0	1	1	1	0	3	0	0	0	0	0	1	1	1	1	0	3	3	1	3	1	0	0	1	1	0	0	0	0	0
"cell315"	1	1	1	3	3	0	0	0	0	0	0	1	0	3	1	1	1	3	1	3	3	0	1	3	3	0	0	0	0	0
"cell316"	3	1	1	1	0	0	0	0	0	0	1	1	1	1	3	1	3	1	1	1	3	1	3	1	1	0	0	0	0	0
"cell317"	1	1	0	1	3	0	0	0	0	0	0	1	1	3	3	1	3	1	1	1	1	1	3	1	1	0	0	3	0	0
"cell318"	3	1	1	1	3	0	0	0	0	0	0	1	1	1	0	3	1	1	3	1	1	1	3	0	3	0	0	3	3	0
"cell319"	3	1	1	0	0	0	0	0	0	0	0	1	1	0	3	1	1	3	3	1	1	1	3	1	1	0	0	0	0	0
"cell320"	3	3	1	0	0	0	0	0	0	0	3	0	3	1	1	1	1	1	1	1	0	1	0	1	1	0	0	0	0	0
"cell321"	1	3	1	0	0	0	0	3	3	3	0	1	0	1	1	1	1	3	1	1	3	1	1	1	1	0	3	0	0	0
"cell322"	1	3	1	0	3	0	3	0	0	0	0	0	0	3	3	1	1	1	1	1	1	3	1	1	3	0	3	0	0	0
"cell323"	0	3	1	3	0	0	0	0	0	3	0	1	1	3	1	1	1	0	1	1	1	0	3	1	1	3	3	0	0	0
"cell324"	1	1	1	1	0	0	0	0	0	0	0	3	1	1	1	3	3	1	1	1	1	3	1	3	1	0	3	0	3	0
"cell325"	3	3	1	0	3	0	0	0	0	0	3	1	0	1	1	3	1	1	0	1	1	1	1	1	1	0	0	3	0	0
"cell326"	0	1	1	1	0	0	0	0	0	0	0	1	1	3	3	1	3	0	3	0	3	1	1	1	1	0	0	3	0	0
"cell327"	1	1	1	1	0	0	0	0	3	0	0	3	0	1	1	3	1	1	0	3	1	1	0	1	3	0	0	0	0	3
"cell328"	1	3	3	1	0	3	0	0	0	0	0	1	0	1	3	3	1	1	0	3	1	0	3	1	3	0	3	0	3	0
"cell329"	0	1	1	3	0	0	0	3	0	0	0	1	0	1	0	1	1	0	1	1	0	1	1	3	0	3	0	0	0	0
"cell330"	1	1	1	1	0	0	3	0	0	0	0	1	1	1	3	1	1	1	0	1	3	0	1	3	1	0	3	0	0	0
"cell331"	0	1	1	1	0	0	0	0	0	0	0	3	1	1	3	1	3	1	1	1	1	1	1	0	0	0	0	0	0	3
"cell332"	0	1	3	1	0	0	3	0	0	3	3	1	3	3	0	3	3	1	1	1	1	1	1	1	3	3	0	0	0	3
"cell333"	3	3	0	1	0	0	0	0	0	0	0	3	1	0	3	1	1	3	1	1	1	1	3	3	3	0	0	0	3	0
"cell334"	1	1	1	3	0	0	3	0	0	1	0	1	0	1	1	1	3	3	3	0	1	1	1	1	3	0	0	3	0	0
"cell335"	0	3	0	1	0	0	0	0	0	0	3	3	1	0	1	1	3	0	0	0	0	3	0	1	1	3	0	0	0	0
"cell336"	3	3	1	3	3	3	0	0	0	3	3	1	1	1	0	1	1	1	1	3	0	1	1	1	1	0	0	0	0	0
"cell337"	1	3	3	1	0	1	0	0	0	0	0	1	1	3	1	0	1	0	1	0	1	1	0	3	1	0	0	0	0	0
"cell338"	1	0	1	1	0	0	0	0	0	3	3	1	1	1	3	1	1	0	1	3	0	1	1	1	1	0	0	0	0	0
"cell339"	1	1	3	1	0	0	0	0	0	3	0	1	0	1	1	1	3	1	3	1	1	3	1	1	3	0	0	0	0	3
"cell340"	1	1	1	3	0	0	3	0	0	0	3	1	1	1	0	3	1	1	1	1	0	1	1	1	1	0	0	0	3	0
"cell341"	1	1	1	0	0	0	0	0	3	3	0	1	3	1	1	1	3	1	1	3	0	1	1	0	3	0	0	0	0	3
"cell342"	1	1	1	3	0	3	0	0	0	0	0	1	1	3	1	1	1	1	0	1	1	1	1	0	1	3	3	3	0	0
"cell343"	0	3	3	1	0	3	3	0	3	3	3	1	1	3	1	3	1	1	3	3	0	1	3	3	1	0	0	3	0	0
"cell344"	0	1	1	1	0	3	0	0	0	0	0	1	1	1	1	1	1	1	1	1	1	3	3	1	3	3	0	3	0	0
"cell345"	1	1	1	0	0	0	0	0	0	0	0	0	1	1	1	1	3	1	3	3	1	1	1	1	1	0	0	0	0	0
"cell346"	1	1	0	1	0	0	0	0	0	0	0	1	1	3	1	1	1	3	1	1	0	0	0	1	0	0	0	3	3	0
"cell347"	3	1	1	1	0	0	0	0	0	0	0	0	1	0	0	1	1	3	3	1	3	1	1	1	1	0	0	0	3	0
"cell348"	1	1	1	1	0	3	0	0	3	3	0	1	1	0	3	3	0	1	1	1	3	1	1	1	0	0	0	0	3	0
"cell349"	1	1	1	1	0	0	0	3	0	0	0	1	1	1	1	0	3	3	1	0	0	1	1	1	1	3	0	3	0	0
"cell350"	3	0	3	3	0	3	0	0	3	3	3	1	1	0	1	1	1	1	1	1	1	1	1	0	3	0	0	0	0	0
"cell351"	1	1	3	1	0	0	0	3	0	0	0	3	0	1	1	1	1	1	1	0	1	0	0	1	3	0	0	0	0	0
"cell352"	1	1	3	1	0	0	3	0	0	0	0	1	0	1	0	1	1	3	1	1	1	0	3	1	3	3	0	0	0	0
"cell353"	0	0	3	1	0	3	0	0	0	0	0	1	3	0	1	0	3	1	1	0	1	1	1	1	1	0	3	0	0	0
"cell354"	1	1	3	1	0	0	0	3	0	0	3	1	3	0	1	1	1	1	3	1	1	0	1	1	1	0	3	0	0	0
"cell355"	1	3	0	1	0	0	3	0	0	0	0	1	1	1	1	1	1	1	1	1	1	3	1	1	3	3	3	0	0	0
"cell356"	1	1	0	1	0	0	0	0	0	0	0	0	3	0	1	1	1	1	3	1	1	0	3	1	1	0	0	0	0	3
"cell357"	1	0	0	1	0	0	0	0	0	0	0	3	1	1	1	1	0	1	1	1	3	3	3	1	3	0	3	0	0	0
"cell358"	1	1	1	1	0	0	0	0	3	1	0	0	1	1	1	0	1	3	1	0	3	1	0	0	1	0	0	0	0	0
"cell359"	1	1	1	1	3	3	0	0	0	0	0	1	0	1	1	1	3	1	1	1	0	1	3	1	1	0	0	0	0	0
"cell360"	1	1	1	1	0	0	0	0	0	3	0	1	1	1	1	0	3	1	1	0	3	1	1	3	1	0	3	3	3	0
"cell361"	0	1	1	1	0	0	0	0	0	0	0	1	0	1	1	0	3	1	3	0	1	1	1	1	0	0	3	3	0	0
"cell362"	1	0	1	3	0	0	0	3	0	0	0	0	1	0	3	0	3	0	1	1	1	1	1	3	1	0	3	3	0	3
"cell363"	0	0	1	1	3	0	0	0	3	0	3	1	1	1	0	0	1	1	3	1	0	1	1	1	3	0	0	0	0	3
"cell364"	0	3	3	1	0	0	0	0	3	0	0	3	1	0	3	3	3	3	1	1	1	1	1	1	1	0	0	0	0	3
"cell365"	1	1	1	3	0	0	0	0	0	0	0	1	3	1	1	0	1	1	3	1	1	1	1	1	1	0	3	3	0	0
"cell366"	1	1	1	1	0	0	0	3	0	0	0	1	1	1	1	3	0	1	3	0	0	1	1	1	1	0	0	0	0	0
"cell367"	1	1	0	1	0	0	0	3	0	0	0	1	1	1	1	3	1	0	1	3	1	3	1	3	1	3	3	3	0	0
"cell368"	0	0	1	3	0	0	0	3	0	3	0	1	3	1	1	1	1	1	0	1	0	1	0	3	1	3	0	0	0	0
"cell369"	1	1	1	1	0	0	0	0	0	0	0	0	1	1	1	1	0	1	0	3	0	1	1	3	0	0	0	0	3	0
"cell370"	1	1	1	0	3	0	3	3	0	3	0	1	1	0	0	1	0	1	1	0	0	3	1	1	1	0	3	0	0	0
"cell371"	0	3	1	3	0	3	0	0	0	0	0	1	1	1	1	1	3	0	1	1	3	1	1	1	1	0	0	0	0	0
"cell372"	0	0	1	1	3	3	0	3	0	3	0	3	1	3	1	0	1	1	1	1	1	0	0	0	1	3	0	0	0	0
"cell373"	0	1	0	3	0	0	0	0	0	0	0	1	3	1	1	0	1	1	1	1	1	1	0	1	1	0	0	3	0	0
"cell374"	3	1	1	1	0	3	3	0	0	0	0	1	1	1	1	3	1	0	1	1	1	1	0	1	3	0	0	0	0	0
"cell375"	0	1	1	1	0	0	0	0	0	0	0	1	1	1	0	1	1	0	1	1	1	1	1	1	1	0	0	3	0	0
"cell376"	3	1	1	3	3	3	0	0	0	0	3	1	1	1	3	1	3	1	0	3	1	1	3	0	0	0	3	0	0	3
"cell377"	1	0	0	1	0	0	0	3	3	0	3	3	3	0	1	1	1	1	1	0	1	1	3	3	3	0	0	0	0	0
"cell378"	0	0	1	1	0	0	0	0	0	0	0	3	0	3	1	0	1	0	0	1	1	0	0	3	1	0	3	0	0	0
"cell379"	1	1	1	0	0	0	0	0	0	3	0	1	3	1	1	1	0	0	3	1	1	0	1	3	1	0	0	0	3	0
"cell380"	0	0	1	1	3	0	0	0	0	0	0	1	1	1	1	1	0	3	1	1	0	1	1	1	0	0	0	0	0	0
"cell381"	1	1	1	1	0	0	0	0	0	0	0	1	0	1	1	3	3	1	1	1	1	1	3	3	0	0	0	0	3	0
"cell382"	1	3	1	1	0	0	0	0	0	3	0	1	3	1	1	1	1	1	0	0	0	0	1	1	1	0	0	0	3	0
"cell383"	0	1	3	1	0	0	0	3	0	0	0	3	0	0	1	0	1	1	1	1	1	1	0	1	1	0	3	0	0	3
"cell384"	1	1	0	3	0	3	0	0	0	0	3	1	0	3	3	1	1	3	1	1	3	1	1	1	1	0	0	0	3	3
"cell385"	1	1	1	1	3	0	0	0	0	0	0	1	1	0	1	0	1	1	0	1	1	0	1	1	3	0	0	0	0	3
"cell386"	1	1	3	1	0	0	0	3	0	0	0	1	1	1	1	3	0	1	1	1	3	1	0	3	3	3	3	0	0	3
"cell387"	1	3	1	3	0	0	0	0	0	0	0	1	1	1	3	3	1	1	1	3	1	1	1	1	1	0	0	0	0	0
"cell388"	3	1	1	3	0	0	0	0	0	0	0	1	3	3	1	1	1	0	1	0	0	3	0	0	3	0	0	0	0	3
"cell389"	1	1	0	3	0	0	0	0	0	0	0	1	1	0	0	1	1	1	1	0	1	3	1	0	0	1	0	0	0	0
"cell390"	1	1	1	3	0	0	0	0	0	0	3	0	1	1	3	0	1	3	0	0	1	3	1	1	1	0	3	3	0	0
"cell391"	1	1	1	0	0	0	0	0	0	0	0	1	1	1	1	1	1	1	3	1	1	3	3	3	1	0	3	3	0	0
"cell392"	1	3	1	1	3	0	0	3	0	0	3	0	3	1	3	3	3	1	3	1	3	1	1	1	1	3	1	0	0	0
"cell393"	3	3	3	0	0	0	0	0	3	0	0	3	1	3	0	0	1	1	1	1	1	1	1	3	1	0	0	0	0	0
"cell394"	1	1	1	3	0	0	0	3	0	0	0	1	1	1	1	1	1	1	1	1	3	3	3	1	1	0	0	0	0	0
"cell395"	0	0	1	0	0	0	0	0	0	0	0	1	1	3	0	1	1	1	1	0	0	1	1	3	1	3	0	0	0	0
"cell396"	1	1	0	1	0	0	3	0	3	0	3	1	1	1	1	0	0	1	1	1	1	1	0	1	1	0	0	0	0	0
"cell397"	1	1	1	3	0	3	3	0	0	0	0	3	1	1	1	0	1	1	1	1	1	1	1	1	1	0	0	3	0	0
"cell398"	1	1	3	3	3	3	0	3	3	0	0	1	1	1	0	3	1	0	1	1	3	1	1	1	1	0	0	0	0	0
"cell399"	1	1	1	1	0	0	3	0	0	0	0	3	0	3	1	1	1	1	1	0	1	1	1	1	3	0	0	0	0	0
"cell400"	0	0	1	3	0	0	0	3	0	0	0	1	1	3	1	1	1	3	3	0	1	1	1	1	0	0	0	0	0	0
"cell401"	1	1	3	1	3	0	0	0	0	0	0	1	3	3	3	1	3	1	1	3	1	1	1	0	3	0	3	0	0	0
"cell402"	1	1	0	1	0	0	0	3	0	0	1	1	1	1	3	3	1	1	1	1	1	0	0	1	1	0	0	0	0	0
"cell403"	0	3	3	1	0	0	0	0	3	3	0	1	3	1	1	1	1	0	1	1	1	1	1	3	1	0	0	0	0	0
"cell404"	1	1	3	0	0	3	0	0	0	0	0	1	1	3	1	1	1	0	1	3	0	0	0	1	1	3	0	0	0	0
"cell405"	0	0	1	1	0	0	3	0	0	0	0	1	1	1	1	1	1	1	0	1	0	1	1	0	3	0	0	3	0	0
"cell406"	3	1	0	1	0	0	0	0	0	0	0	0	1	0	1	1	1	0	1	1	0	1	1	1	3	0	0	0	0	0
"cell407"	1	0	0	1	0	0	0	0	0	0	0	1	3	1	0	3	1	0	3	3	1	1	1	1	0	0	0	3	0	0
"cell408"	1	0	1	1	0	0	3	0	0	0	3	3	1	1	1	0	3	1	1	1	1	3	1	1	1	0	3	0	0	0
"cell409"	1	1	1	3	0	0	0	0	0	0	0	0	3	1	1	0	1	1	0	3	1	1	3	1	1	0	3	0	0	0
"cell410"	0	1	1	1	3	0	0	0	3	3	0	0	3	1	1	1	3	1	0	1	3	0	3	1	1	0	0	0	0	0
"cell411"	0	1	1	1	3	0	0	0	0	0	3	1	1	3	1	3	1	1	1	0	1	3	1	1	1	3	0	0	0	0
"cell412"	3	3	1	1	0	3	0	0	0	0	0	1	0	1	1	1	1	1	3	0	1	1	1	3	3	0	0	3	3	0
"cell413"	0	1	1	1	0	0	0	0	0	3	0	1	1	1	1	1	0	0	0	1	1	0	1	1	1	3	0	0	0	0
"cell414"	1	1	1	1	0	0	3	0	0	0	3	3	1	1	3	0	1	1	1	0	1	3	1	3	1	0	0	0	3	0
"cell415"	1	1	1	1	3	0	0	0	0	0	0	1	0	1	1	3	3	3	1	1	3	1	3	1	1	0	0	0	0	0
"cell416"	3	1	1	1	0	0	0	0	3	0	0	3	3	0	1	0	3	0	1	1	3	3	3	0	1	0	3	3	0	0
"cell417"	3	1	1	3	0	0	0	0	0	0	3	1	1	1	0	1	1	1	1	1	1	1	1	1	1	0	0	0	0	0
"cell418"	3	1	1	1	0	0	3	0	0	3	0	3	1	1	1	1	1	1	1	1	1	1	0	0	3	0	0	0	3	0
"cell419"	3	0	1	3	0	0	0	0	0	0	3	1	1	1	3	1	3	0	1	1	0	1	1	1	1	0	3	0	3	0
"cell420"	1	0	1	3	3	0	0	0	0	0	3	1	0	0	1	3	1	3	1	0	3	1	1	3	1	0	0	0	0	0
"cell421"	0	0	1	0	0	0	0	0	0	0	0	0	3	1	3	1	1	1	1	1	3	1	0	1	1	0	0	0	0	0
"cell422"	1	1	1	3	0	0	0	0	0	0	0	1	3	1	3	3	0	1	1	0	1	0	1	0	1	3	0	3	0	0
"cell423"	1	1	1	1	0	0	0	0	1	0	0	3	3	1	1	3	3	3	1	1	3	1	0	1	3	0	0	0	0	0
"cell424"	1	1	0	3	0	3	0	3	3	0	0	1	1	1	1	0	1	1	3	1	1	1	3	1	3	0	0	0	3	0
"cell425"	1	1	3	3	0	0	0	0	0	0	3	0	1	1	3	0	1	1	1	1	1	0	1	1	1	0	0	0	0	0
"cell426"	1	0	1	1	0	0	3	0	3	0	0	1	1	0	3	0	1	1	1	3	1	3	1	0	1	0	0	0	0	0
"cell427"	1	3	1	1	0	0	0	0	0	0	0	0	0	1	1	0	3	3	3	3	0	1	1	0	1	0	3	0	0	0
"cell428"	1	1	1	1	0	3	0	0	3	0	0	1	1	3	3	1	1	0	0	1	3	3	1	3	1	0	0	3	0	0
"cell429"	1	1	1	1	0	3	0	3	0	0	0	3	1	1	1	3	0	3	1	1	0	0	1	1	1	0	0	3	0	0
"cell430"	1	1	1	0	0	0	0	3	0	3	0	1	3	1	3	1	1	3	1	1	1	1	3	1	3	0	3	0	0	0
"cell431"	1	1	3	1	0	0	0	0	3	3	0	0	1	1	1	0	1	1	1	3	0	3	3	3	1	0	0	0	0	0
"cell432"	3	0	1	0	3	1	0	0	0	0	0	1	1	1	3	1	1	1	0	1	1	0	3	0	1	0	0	0	0	3
"cell433"	1	1	1	3	0	0	0	0	0	0	0	1	0	1	1	3	3	1	1	3	0	1	1	1	3	0	0	0	3	0
"cell434"	1	1	1	3	0	0	0	0	0	3	0	3	3	1	1	3	3	1	3	3	0	1	1	0	1	3	0	0	0	0
"cell435"	0	1	1	1	3	0	0	0	0	3	0	3	1	1	1	1	1	0	3	1	1	3	0	1	1	0	0	3	3	0
"cell436"	1	1	1	0	3	0	0	0	0	0	0	1	1	1	1	3	1	1	1	1	1	1	3	1	1	3	0	3	0	3
"cell437"	1	1	1	3	0	0	0	0	3	0	0	1	1	1	0	1	3	0	1	1	1	1	1	3	1	0	0	0	0	0
"cell438"	1	1	1	1	0	0	3	0	3	3	0	1	1	3	1	1	1	0	1	1	1	1	1	1	0	0	3	3	0	0
"cell439"	1	1	1	1	0	0	3	0	0	0	0	1	3	1	1	3	1	1	1	1	1	0	1	1	1	0	3	0	0	0
"cell440"	1	1	1	0	0	0	0	0	0	3	0	1	1	1	1	3	1	3	3	0	0	1	0	1	1	0	0	0	0	0
"cell441"	0	0	1	1	0	3	0	3	0	0	0	1	1	1	3	3	1	1	1	1	1	1	1	3	1	0	0	0	0	0
"cell442"	1	1	0	1	0	0	3	0	0	0	0	3	3	1	3	1	3	1	3	0	1	1	3	0	1	0	0	0	3	3
"cell443"	3	1	1	1	0	0	0	3	0	3	0	1	1	1	1	1	1	0	0	1	0	1	1	3	3	0	0	0	0	0
"cell444"	1	3	1	0	0	3	3	0	0	0	0	1	1	1	1	0	1	1	1	1	3	0	3	3	1	0	0	0	0	3
"cell445"	0	1	1	1	0	0	0	0	3	0	0	1	1	1	1	1	1	1	1	1	1	0	1	1	1	0	0	0	0	0
"cell446"	0	1	1	3	3	0	0	0	3	0	0	1	1	0	1	0	1	1	3	3	1	1	3	3	0	0	3	0	0	0
"cell447"	1	1	1	1	0	0	3	0	0	0	0	1	1	1	3	3	1	1	3	3	3	0	1	1	1	0	0	0	0	0
"cell448"	1	3	1	1	0	3	0	0	0	0	3	0	3	1	1	1	0	0	1	0	1	1	1	1	1	0	0	0	0	0
"cell449"	1	0	1	1	0	0	0	0	3	0	0	1	1	1	0	1	0	1	1	1	1	1	1	1	1	0	0	0	0	0
"cell450"	1	0	1	1	0	0	0	3	0	0	0	1	1	0	3	1	1	0	1	1	1	1	1	1	1	0	3	0	0	0
"cell451"	1	1	1	3	3	0	0	0	0	3	0	0	1	3	1	0	1	1	1	3	1	1	1	1	0	0	0	0	0	0
"cell452"	1	1	1	1	0	0	0	0	3	0	3	1	0	1	1	1	0	1	1	1	1	1	1	0	1	0	0	3	0	0
"cell453"	1	1	1	1	3	3	0	0	0	0	0	0	0	1	1	3	1	1	1	3	1	1	1	1	1	0	0	0	0	3
"cell454"	1	0	1	0	0	0	0	0	0	0	3	1	1	1	0	3	1	1	0	1	0	1	1	0	0	0	0	0	3	0
"cell455"	0	0	1	3	0	0	3	0	0	0	1	1	3	1	1	3	1	1	1	0	3	1	0	1	1	0	0	0	0	0
"cell456"	1	1	3	3	0	0	0	0	0	0	0	1	1	1	3	1	1	1	1	1	3	1	0	3	0	0	0	0	3	0
"cell457"	1	1	1	3	0	0	3	0	0	0	0	1	1	1	1	3	1	1	1	1	3	1	3	1	1	0	0	0	0	0
"cell458"	1	1	1	1	0	0	0	3	0	0	0	3	1	3	1	1	0	0	1	3	3	1	3	1	1	0	0	3	0	0
"cell459"	0	1	1	0	0	0	0	0	0	0	0	0	1	0	0	0	1	1	3	0	3	3	1	1	1	1	0	0	0	0
"cell460"	1	3	1	0	0	0	3	0	0	0	0	3	0	1	1	1	1	1	3	3	3	1	3	1	1	3	0	0	0	0
"cell461"	1	1	1	1	0	3	0	1	3	0	3	0	1	3	0	1	3	1	0	1	0	0	1	1	1	0	0	0	0	0
"cell462"	0	0	3	0	0	0	0	3	0	0	0	3	0	1	3	3	3	0	1	0	1	3	1	3	1	0	0	0	0	0
"cell463"	1	1	1	0	3	3	0	0	0	0	0	1	1	1	1	0	1	3	3	1	1	1	1	1	1	0	0	0	0	0
"cell464"	3	1	1	3	0	3	0	0	0	3	3	1	1	1	1	1	0	1	0	3	3	3	0	0	3	0	0	0	0	3
"cell465"	3	1	1	1	0	0	0	3	0	3	0	1	1	0	1	1	1	0	1	1	3	0	1	0	1	0	0	0	0	0
"cell466"	0	1	1	1	0	0	3	0	0	3	0	1	1	1	3	0	1	3	3	1	1	1	1	1	0	0	0	0	3	0
"cell467"	1	1	3	1	0	0	0	0	3	3	0	1	1	3	1	3	3	1	0	3	1	1	1	1	1	0	0	0	0	0
"cell468"	3	1	1	1	3	0	0	0	3	0	0	3	1	1	1	3	1	1	1	1	0	1	1	3	1	3	0	0	0	0
"cell469"	1	1	1	1	0	0	3	3	0	0	1	0	1	1	0	1	1	1	1	1	1	1	0	3	0	0	3	0	0	0
"cell470"	0	0	0	0	3	3	3	0	0	0	0	1	0	1	0	1	1	1	1	1	1	1	1	1	3	0	0	3	3	3
"cell471"	1	3	0	1	0	0	0	0	0	3	3	1	3	1	0	1	1	0	3	3	0	1	0	1	1	0	0	3	0	0
"cell472"	1	1	1	3	0	3	0	0	0	0	1	1	1	1	1	1	1	1	0	3	1	1	1	1	1	0	0	0	0	0
"cell473"	3	3	0	0	0	3	0	3	3	0	0	1	1	1	0	0	1	1	3	1	3	1	1	3	1	0	0	3	0	3
"cell474"	1	1	1	3	0	0	0	0	0	0	0	1	1	1	0	1	1	0	1	3	0	3	1	3	1	0	0	0	0	0
"cell475"	1	1	1	1	0	0	3	0	0	0	0	1	0	3	1	0	3	1	3	1	1	1	1	1	1	0	0	0	3	0
"cell476"	1	0	3	1	3	3	0	0	0	3	3	3	1	3	1	0	0	1	0	1	1	1	1	1	0	0	0	3	0	0
"cell477"	1	3	1	3	0	0	3	0	0	0	0	1	1	1	1	1	1	1	1	1	1	1	1	0	1	0	0	0	0	0
"cell478"	0	1	1	1	0	0	0	0	3	0	0	3	1	1	0	0	1	3	3	1	1	3	1	1	0	3	0	0	0	0
"cell479"	1	1	1	3	0	1	0	0	0	0	0	1	1	1	1	1	1	1	1	0	1	0	1	0	1	0	0	3	3	0
"cell480"	1	3	1	1	3	0	0	3	0	0	0	1	1	1	1	1	1	3	1	1	1	3	1	1	1	0	3	0	0	0
"cell481"	1	3	1	1	0	0	3	0	0	0	0	0	0	0	1	1	3	0	0	1	3	0	1	1	3	0	3	0	0	0
"cell482"	1	3	3	1	0	0	0	0	3	0	0	3	1	1	1	1	1	1	1	1	3	1	1	1	1	0	0	0	3	0
"cell483"	1	1	1	1	0	0	0	3	0	0	0	1	1	1	1	3	0	1	1	1	1	0	1	3	1	0	0	0	3	0
"cell484"	0	1	1	1	0	0	0	0	0	0	0	3	3	1	1	1	3	1	1	1	1	1	1	3	1	0	0	0	0	0
"cell485"	1	1	1	1	3	3	0	0	0	0	3	1	1	1	0	1	1	1	1	0	3	0	3	0	1	0	0	0	0	0
"cell486"	1	0	1	1	0	0	0	3	3	3	0	1	3	1	1	1	3	3	1	1	1	1	3	1	0	0	0	0	0	0
"cell487"	0	3	1	3	0	0	0	0	0	0	0	1	1	1	0	1	1	1	3	1	3	3	0	1	1	0	3	0	0	1
"cell488"	3	3	1	1	0	0	0	0	0	0	0	1	1	3	1	1	1	0	0	3	3	3	1	3	3	0	0	0	0	0
"cell489"	1	3	0	1	0	0	0	0	0	0	0	1	1	1	0	0	1	1	3	1	0	1	3	0	1	0	0	0	0	0
"cell490"	1	1	1	1	0	0	0	0	0	0	0	1	1	1	0	1	1	1	1	3	0	1	1	0	1	0	0	3	0	0
"cell491"	1	1	1	1	0	0	0	3	3	3	0	3	1	1	3	1	3	1	1	1	0	1	1	1	1	0	0	0	0	0
"cell492"	1	3	0	3	0	0	0	0	0	0	0	0	3	3	1	1	3	1	3	0	1	1	1	1	0	0	0	0	0	0
"cell493"	0	1	1	3	0	0	3	0	0	0	0	3	0	0	1	1	1	0	3	3	1	1	1	0	1	0	3	0	0	0
"cell494"	1	1	3	1	0	0	3	0	0	3	0	0	1	1	1	1	1	3	1	3	1	0	3	1	0	0	0	0	0	0
"cell495"	3	1	1	1	0	0	0	0	1	3	0	3	1	1	1	1	1	0	1	1	0	1	1	3	1	3	3	0	0	0
"cell496"	3	1	1	3	0	0	0	0	0	0	0	1	1	1	1	3	3	1	3	3	3	1	1	3	1	3	0	0	0	0
"cell497"	1	3	1	0	0	0	3	0	0	0	0	1	1	1	1	0	1	1	1	3	1	0	3	1	1	0	0	0	0	3
"cell498"	1	1	1	0	0	0	0	0	3	0	0	1	3	0	1	1	1	0	1	3	1	1	1	1	3	0	0	0	0	0
"cell499"	1	1	3	1	0	0	0	0	0	0	0	3	1	1	1	1	1	0	3	1	3	1	0	1	3	0	3	0	0	0
"cell500"	1	1	1	1	0	0	0	0	3	3	0	0	3	1	1	1	3	0	1	0	0	3	1	1	3	0	0	0	0	0
"cell501"	1	1	1	0	0	0	0	3	0	3	3	1	3	0	3	1	3	1	1	1	1	1	1	1	1	0	3	0	3	0
"cell502"	1	3	0	1	0	0	3	3	0	0	0	1	1	1	3	0	1	0	1	0	3	1	1	1	1	0	0	0	0	3
"cell503"	0	0	1	1	0	0	0	3	0	0	0	1	0	1	1	1	1	0	1	1	1	1	0	0	0	0	3	3	0	0
"cell504"	3	1	1	3	3	0	0	0	0	3	0	1	3	1	1	0	1	1	1	1	3	0	1	1	1	3	3	0	3	0
"cell505"	0	1	1	1	0	0	0	0	0	0	0	1	0	1	0	1	1	1	1	3	3	3	1	0	1	0	0	0	0	0
"cell506"	3	1	3	1	0	0	0	0	3	3	0	1	1	1	1	1	1	1	3	1	1	1	1	3	1	0	0	0	0	0
"cell507"	1	1	1	3	0	3	0	0	0	0	3	1	1	3	1	1	1	1	0	1	0	1	3	0	3	0	0	0	0	0
"cell508"	0	0	1	0	0	0	0	3	0	0	0	3	1	1	1	1	1	0	1	1	1	1	1	1	1	0	0	3	0	0
"cell509"	1	1	3	1	0	3	0	0	0	0	0	1	1	1	1	1	1	1	1	1	1	3	1	1	1	0	0	0	0	0
"cell510"	1	1	1	1	0	0	0	0	0	0	0	3	1	1	1	1	1	1	1	3	1	0	3	1	1	0	0	0	0	3
"cell511"	1	1	1	1	3	3	0	0	3	0	0	1	1	1	3	3	0	1	1	0	1	1	0	3	1	0	0	0	0	0
"cell512"	1	0	1	0	0	0	3	0	0	0	0	3	1	1	1	0	1	1	1	1	1	3	1	1	3	0	0	0	0	3
"cell513"	0	1	3	1	0	0	0	3	0	1	0	3	1	1	1	3	1	1	3	0	3	1	3	1	1	0	0	0	0	0
"cell514"	1	1	1	1	0	0	0	0	0	0	3	1	1	3	1	1	0	1	1	1	0	3	0	1	3	0	0	0	0	3
"cell515"	1	1	1	1	0	0	0	0	3	0	0	1	1	1	1	0	3	0	1	1	1	1	1	1	3	0	3	0	0	0
"cell516"	1	1	1	1	0	0	0	0	3	0	0	0	0	1	1	1	1	1	0	3	3	3	1	1	1	0	0	3	0	0
"cell517"	1	0	1	1	0	0	0	0	0	0	3	1	3	3	3	1	1	1	0	1	0	0	3	1	0	3	0	0	0	0
"cell518"	1	1	1	1	0	0	0	0	3	0	0	1	1	1	1	1	1	1	1	1	1	1	3	1	1	0	0	0	0	1
"cell519"	1	0	3	0	0	0	3	0	0	3	0	1	1	3	0	1	1	1	0	1	1	0	3	3	1	0	3	0	0	0
"cell520"	1	1	1	1	0	0	0	0	0	0	0	1	0	1	1	0	3	1	1	1	1	1	1	1	1	0	0	0	3	0
"cell521"	1	1	1	1	0	0	0	0	3	0	0	1	1	1	1	0	1	1	1	0	3	1	3	0	1	0	0	0	0	3
"cell522"	1	0	3	1	0	0	0	0	0	0	0	0	3	1	3	3	3	0	1	1	1	1	1	1	1	0	0	0	0	3
"cell523"	1	1	3	1	0	0	0	0	3	0	0	0	0	1	3	1	1	1	0	1	1	1	0	1	1	0	0	0	0	0
"cell524"	3	1	1	1	0	0	0	0	0	3	0	3	1	1	0	0	1	1	1	1	1	1	1	3	1	3	0	3	3	0
"cell525"	1	1	1	1	0	0	3	3	0	0	0	1	3	1	1	1	1	1	3	0	3	1	0	0	1	0	0	0	0	0
"cell526"	0	3	0	0	0	0	3	3	0	3	0	0	0	1	1	1	1	1	1	1	1	3	1	0	1	3	0	3	0	0
"cell527"	1	3	1	1	0	0	0	0	0	0	3	1	0	0	3	1	1	3	1	1	1	1	1	1	1	3	0	3	0	0
"cell528"	1	1	3	1	0	0	0	3	3	0	0	0	1	3	1	0	1	0	1	1	3	3	1	1	1	0	0	0	3	0
"cell529"	3	1	0	1	0	0	0	0	0	3	0	1	3	1	3	1	1	1	1	1	1	0	1	1	3	3	0	0	0	0
"cell530"	1	1	3	1	3	0	0	3	0	3	3	1	0	1	1	3	1	1	3	0	3	3	1	1	3	0	3	0	0	0
"cell531"	1	1	1	1	3	0	0	0	0	3	0	0	1	1	1	3	1	1	1	1	3	1	3	1	1	3	0	0	0	0
"cell532"	1	0	3	3	0	3	3	0	0	0	0	1	3	1	0	1	1	3	1	3	3	1	1	0	1	0	0	0	0	0
"cell533"	1	1	1	1	0	0	3	0	0	3	0	0	1	1	3	1	1	1	0	0	1	3	1	3	3	3	0	1	0	0
"cell534"	1	1	1	1	0	0	3	0	0	0	3	1	1	1	0	3	1	0	1	1	1	1	1	3	0	0	0	0	0	0
"cell535"	1	1	1	1	0	3	0	0	0	3	0	3	1	1	1	1	0	0	1	1	1	3	1	3	3	3	0	0	0	0
"cell536"	1	3	3	1	0	0	0	0	0	0	3	1	1	3	1	1	1	1	1	1	3	0	3	1	1	0	3	0	0	3
"cell537"	1	1	1	1	3	0	0	0	0	0	0	1	1	3	1	1	1	1	1	0	1	1	0	1	0	0	0	0	0	0
"cell538"	1	0	1	1	3	0	0	0	0	3	3	1	3	0	1	1	1	1	1	3	0	1	0	3	1	0	0	0	0	0
"cell539"	1	0	3	1	0	0	0	0	0	0	0	1	1	0	1	3	0	1	1	1	0	1	1	1	1	0	0	0	3	0
"cell540"	1	1	1	0	0	0	0	3	0	0	0	0	0	1	1	1	1	3	0	3	3	1	1	1	1	0	0	3	0	0
"cell541"	1	3	1	1	0	0	0	0	0	0	0	3	1	1	0	1	1	0	0	1	1	1	1	1	1	0	3	0	0	0
"cell542"	1	0	1	3	0	3	0	0	0	0	0	3	1	3	3	3	0	1	1	1	1	1	1	3	1	3	0	0	0	3
"cell543"	1	1	1	3	3	0	0	0	3	3	0	1	3	1	1	1	1	1	0	1	1	1	1	1	3	0	0	0	0	0
"cell544"	1	3	1	3	0	0	0	0	0	0	0	1	1	3	1	1	1	3	1	1	3	1	1	1	1	0	0	0	0	0
"cell545"	0	0	1	1	0	0	0	0	0	0	0	0	1	1	0	1	1	1	3	0	1	3	3	1	1	1	3	0	0	0
"cell546"	1	1	3	3	3	3	0	0	0	3	3	1	1	1	0	1	1	1	3	3	1	3	1	0	1	3	0	0	0	0
"cell547"	1	0	3	1	0	0	0	0	0	3	0	1	1	1	0	1	1	1	1	0	1	1	0	1	3	0	3	0	0	3
"cell548"	1	0	1	3	0	3	0	0	0	0	0	0	0	3	1	1	1	3	3	1	0	0	1	0	1	0	0	3	0	3
"cell549"	3	0	1	1	0	0	0	0	0	0	3	1	1	0	1	0	1	3	1	1	3	3	3	1	0	0	0	0	3	0
"cell550"	1	1	0	1	0	0	0	0	0	3	0	1	3	1	1	3	1	1	3	1	1	1	0	1	1	0	1	0	0	0
"cell551"	0	3	1	1	3	0	0	0	0	0	0	0	3	1	1	1	1	1	1	1	1	3	3	1	3	0	0	0	0	0
"cell552"	1	3	0	1	0	0	0	3	3	0	0	1	1	1	0	1	1	1	0	1	3	3	3	1	3	0	0	0	0	0
"cell553"	1	1	1	3	3	0	0	0	0	0	0	1	1	1	1	1	1	3	1	1	1	1	1	1	3	0	0	3	0	0
"cell554"	1	1	1	3	0	0	0	0	0	0	0	1	3	1	1	0	3	1	1	1	1	0	1	1	3	0	0	0	0	0
"cell555"	0	1	3	1	3	3	0	0	0	0	0	1	0	3	3	0	0	1	0	3	0	1	1	3	1	0	3	0	0	0
"cell556"	0	1	0	0	3	0	0	0	0	3	3	1	1	1	1	1	3	1	1	0	0	1	1	1	1	0	0	0	0	0
"cell557"	1	3	1	1	3	0	3	0	0	0	3	1	0	1	1	1	1	1	1	0	3	1	1	1	1	3	0	0	0	3
"cell558"	1	1	0	1	0	0	3	0	3	3	0	1	3	0	1	3	1	1	1	1	0	1	3	1	0	0	0	0	0	0
"cell559"	1	1	1	3	3	0	0	3	0	0	0	1	1	0	3	1	1	1	1	0	1	3	1	1	1	0	0	0	0	0
"cell560"	1	1	1	1	0	0	3	0	3	3	0	1	0	1	1	1	1	1	0	3	1	1	1	1	3	0	0	0	0	0
"cell561"	3	1	1	1	0	0	0	0	0	0	0	1	1	3	1	1	0	3	0	1	1	1	1	1	0	0	0	0	0	3
"cell562"	1	3	1	3	0	0	0	0	0	0	0	1	1	1	3	0	1	1	1	1	1	0	1	3	0	3	0	3	0	3
"cell563"	1	0	1	3	0	0	3	0	0	0	0	3	1	3	3	1	3	1	3	1	1	0	1	3	3	0	0	0	3	3
"cell564"	3	1	1	0	0	0	3	0	3	0	0	3	1	1	1	3	0	0	3	1	3	1	1	0	1	3	0	0	0	0
"cell565"	0	1	1	1	0	0	0	3	0	0	0	1	1	1	1	1	0	0	1	0	1	1	3	1	1	0	0	3	0	0
"cell566"	0	1	1	0	0	0	0	0	0	0	0	1	1	1	1	1	3	1	3	1	1	0	1	1	1	0	0	3	0	0
"cell567"	0	1	1	3	0	0	3	0	0	0	3	1	0	1	3	1	1	0	1	1	1	1	1	3	0	0	0	0	0	0
"cell568"	1	1	1	1	0	0	0	0	0	0	3	3	1	1	0	1	1	3	1	1	1	1	0	3	1	0	3	3	0	0
"cell569"	1	1	1	1	3	0	0	0	0	3	0	1	1	0	0	1	1	1	0	3	0	3	1	3	1	3	0	0	0	3
"cell570"	1	1	1	3	0	0	0	0	0	0	0	3	1	0	1	3	1	1	1	1	0	1	1	1	1	0	0	0	0	0
"cell571"	0	1	1	0	0	0	3	3	0	0	0	3	1	1	3	1	1	1	3	1	1	0	0	1	1	0	0	0	0	3
"cell572"	3	1	1	3	0	0	0	0	0	3	0	1	1	3	1	1	1	1	1	3	1	1	1	1	1	0	0	0	0	3
"cell573"	1	3	1	3	0	3	3	0	3	0	0	1	1	1	0	0	0	1	3	0	3	1	1	1	1	0	3	0	0	0
"cell574"	1	3	0	3	0	0	0	0	3	0	0	0	1	3	1	1	3	3	1	3	1	1	0	1	1	0	3	0	0	0
"cell575"	1	1	3	0	3	3	3	3	0	0	0	1	1	3	1	1	1	0	1	1	1	1	1	1	1	0	0	0	0	3
"cell576"	3	1	1	1	0	3	0	0	0	0	0	1	1	3	1	1	1	1	1	3	1	1	1	3	1	3	0	0	0	0
"cell577"	1	1	1	1	0	3	3	0	0	3	0	0	1	3	1	1	3	1	1	1	1	0	0	1	1	0	0	0	0	1
"cell578"	3	1	1	1	0	0	0	3	0	0	0	1	1	0	1	1	1	1	1	1	1	1	1	1	1	0	0	0	3	0
"cell579"	1	1	1	1	0	0	3	0	0	0	0	1	1	1	1	1	1	0	1	1	0	1	1	0	1	0	0	0	3	0
"cell580"	3	1	3	1	0	0	0	0	0	0	0	0	3	3	1	1	1	1	1	1	3	3	1	1	3	0	0	0	0	3
"cell581"	3	1	1	1	0	3	0	3	0	0	0	1	1	3	1	1	1	1	1	3	1	1	1	1	1	0	0	0	0	3
"cell582"	1	1	1	0	3	0	0	3	0	0	0	1	3	1	3	1	0	3	0	3	0	1	1	1	1	0	3	0	0	0
"cell583"	1	1	1	1	3	0	0	0	0	0	0	1	1	1	1	1	3	1	1	3	1	1	3	3	1	3	0	3	0	0
"cell584"	1	3	1	1	0	0	0	0	0	3	0	1	3	1	1	1	1	0	3	0	1	1	3	1	0	0	3	0	0	0
"cell585"	3	0	1	0	0	0	0	3	0	0	3	1	0	1	0	1	3	1	1	3	1	3	0	1	1	3	0	0	0	3
"cell586"	1	3	1	1	3	0	0	0	3	0	0	3	3	3	0	1	1	3	1	3	1	1	3	1	1	0	3	0	0	0
"cell587"	1	1	0	1	0	0	0	3	3	0	0	1	1	1	0	0	0	3	1	0	1	3	1	1	3	0	3	0	0	0
"cell588"	0	0	1	1	0	0	0	0	0	0	0	0	1	1	0	1	1	1	3	1	0	1	1	1	1	0	3	1	3	0
"cell589"	0	1	1	0	0	0	0	0	0	0	0	0	1	3	1	1	1	3	1	1	3	1	1	3	1	0	0	0	0	0
"cell590"	1	1	0	1	0	0	0	0	0	0	0	3	0	3	0	0	0	0	0	0	0	0	0	0	0	0	0	0	0	0
"cell591"	1	1	0	1	0	0	0	0	0	0	0	0	3	0	3	0	0	0	3	0	0	0	0	0	3	0	0	0	3	0
"cell592"	1	1	0	0	0	0	0	0	0	1	0	0	0	0	0	0	0	0	3	0	0	0	0	0	0	0	0	0	0	3
"cell593"	1	3	0	0	0	0	0	0	3	0	0	3	0	0	3	3	0	0	0	0	3	0	0	3	0	0	0	0	0	0
"cell594"	1	1	1	0	3	0	0	0	0	0	0	3	0	0	3	0	0	0	0	0	0	3	0	0	0	0	0	0	0	0
"cell595"	3	0	3	3	0	3	0	0	0	0	0	0	0	0	0	0	0	0	0	0	0	0	0	0	0	0	3	0	0	0
"cell596"	1	0	1	0	0	0	0	0	0	0	3	0	0	0	0	3	0	0	0	0	0	0	0	3	3	0	0	0	0	0
"cell597"	1	1	1	1	0	0	0	0	0	3	3	0	0	0	0	0	0	0	0	0	0	0	3	0	0	0	0	0	0	1
"cell598"	0	1	0	1	0	0	0	0	3	0	0	3	0	3	0	0	0	3	0	0	0	0	0	0	3	3	0	0	0	3
"cell599"	3	0	1	3	0	3	0	3	0	0	0	0	0	0	3	3	0	0	3	0	0	3	0	3	0	3	1	0	1	1
"cell600"	1	1	0	3	0	0	3	3	3	0	0	0	3	0	0	3	0	0	0	0	0	0	0	0	0	1	0	1	1	3
