""	"SNV0"	"SNV1"	"SNV2"	"SNV3"	"SNV4"	"SNV5"	"SNV6"	"SNV7"	"SNV8"	"SNV9"	"SNV10"	"SNV11"	"SNV12"	"SNV13"	"SNV14"	"SNV15"	"SNV16"	"SNV17"	"SNV18"	"SNV19"	"SNV20"	"SNV21"	"SNV22"	"SNV23"	"SNV24"	"SNV25"	"SNV26"	"SNV27"	"SNV28"	"SNV29"	"SNV30"
"cell1"	0	0	0	0	3	1	3	1	1	1	1	1	1	3	0	3	0	0	0	3	3	0	0	0	0	3	0	0	0	0	0
"cell2"	0	3	0	0	1	1	3	1	1	1	3	1	1	1	3	0	3	0	0	3	0	0	0	0	0	0	3	0	0	0	0
"cell3"	0	0	0	3	3	1	1	0	3	1	1	1	1	1	1	0	0	0	0	3	0	0	0	0	0	0	3	0	0	0	0
"cell4"	0	0	3	0	3	0	3	1	3	1	1	1	1	1	3	0	3	3	0	3	0	0	3	3	0	0	3	3	0	0	0
"cell5"	0	0	0	0	1	1	1	0	1	1	3	1	1	3	0	0	0	3	3	0	0	0	0	0	0	3	0	0	0	0	0
"cell6"	3	0	0	0	1	3	3	1	3	1	3	1	1	0	0	3	0	0	0	0	3	0	3	0	0	3	0	0	0	0	0
"cell7"	0	0	0	0	1	0	0	3	1	1	1	3	1	0	3	0	3	0	3	0	0	0	0	0	0	0	0	0	0	0	0
"cell8"	0	1	3	0	1	1	1	0	0	1	1	1	1	1	0	0	0	0	0	0	0	3	3	0	0	0	3	0	0	0	0
"cell9"	0	0	0	0	1	1	3	1	1	1	1	1	3	3	0	0	3	3	0	0	0	3	0	1	0	0	0	0	0	3	0
"cell10"	0	0	3	0	1	0	1	3	1	3	1	1	1	1	0	0	0	0	0	0	0	0	0	0	0	0	0	0	0	3	0
"cell11"	0	0	3	0	1	1	1	1	1	1	1	1	3	1	0	0	0	0	0	0	0	0	0	0	0	0	0	0	0	0	0
"cell12"	0	0	0	0	3	1	1	1	3	1	1	1	1	1	0	0	3	3	0	0	0	0	0	0	0	0	0	3	0	3	0
"cell13"	0	3	0	0	1	3	1	0	3	3	3	1	1	1	0	0	0	0	0	0	0	0	0	0	1	3	0	0	0	0	3
"cell14"	1	0	0	0	1	0	3	1	3	1	3	1	1	1	0	0	0	0	3	0	0	0	0	0	0	0	3	3	0	0	0
"cell15"	0	0	0	0	1	1	0	1	1	0	1	1	1	1	0	0	0	0	0	0	3	0	0	0	0	3	0	0	0	0	0
"cell16"	0	0	0	3	1	1	1	1	1	1	1	1	1	1	0	0	0	0	0	0	3	0	0	0	0	0	0	0	0	0	0
"cell17"	3	3	0	0	1	1	1	0	1	1	1	1	1	1	0	0	3	0	3	3	3	0	0	3	0	3	0	3	3	3	0
"cell18"	0	0	0	0	1	1	1	1	1	1	1	1	1	1	3	0	0	3	0	0	0	0	0	0	0	0	3	0	0	0	0
"cell19"	0	3	0	0	1	1	0	1	1	1	1	1	1	1	3	3	0	0	0	3	3	0	0	0	3	3	0	0	0	3	0
"cell20"	3	0	0	0	0	1	1	0	3	1	3	3	1	1	0	0	0	0	0	0	0	0	0	0	0	0	0	3	0	0	3
"cell21"	0	0	0	0	1	1	1	1	1	3	1	1	1	1	0	0	0	3	0	0	0	0	0	3	0	0	3	0	0	0	3
"cell22"	3	0	0	0	1	1	1	1	0	1	1	1	0	1	0	0	0	0	3	0	3	3	0	1	3	0	0	0	3	0	0
"cell23"	0	0	0	0	1	1	1	1	1	1	1	1	1	1	0	0	3	0	0	0	0	0	0	0	3	0	0	0	3	0	0
"cell24"	3	0	0	0	3	3	1	1	1	3	1	1	1	1	3	0	0	0	0	0	0	0	0	3	0	3	0	0	0	3	3
"cell25"	0	3	0	1	1	1	1	1	1	1	1	1	1	1	0	0	3	0	0	0	0	0	0	0	0	0	0	0	0	0	0
"cell26"	0	0	3	0	1	1	1	1	1	1	1	1	3	1	3	0	0	0	3	0	3	0	0	0	0	3	0	0	0	0	0
"cell27"	0	0	0	3	1	1	1	3	3	1	1	1	1	1	0	3	0	0	3	0	0	3	0	0	0	3	3	0	0	0	0
"cell28"	0	0	0	0	3	1	1	1	3	1	0	3	1	1	0	0	0	0	0	0	3	0	0	0	0	0	0	0	0	3	0
"cell29"	0	0	3	0	1	3	1	1	1	1	3	1	1	1	0	0	0	0	0	3	0	0	0	3	0	0	3	0	0	0	0
"cell30"	0	0	0	0	1	1	1	1	1	1	1	3	1	3	0	0	0	0	0	3	0	0	0	0	3	0	0	0	3	0	0
"cell31"	0	0	3	0	0	1	1	1	1	1	1	3	1	1	0	0	3	0	0	0	3	0	3	0	0	3	0	0	0	0	0
"cell32"	0	3	0	3	1	1	1	1	1	1	1	1	1	1	0	0	0	0	0	0	0	0	0	3	0	0	3	0	0	0	3
"cell33"	0	0	0	0	0	1	3	1	1	1	3	3	1	1	0	0	0	0	3	0	0	0	0	3	3	0	0	3	0	3	0
"cell34"	0	0	0	3	1	0	3	1	1	1	1	1	1	3	0	0	0	3	0	0	0	0	3	3	0	0	0	0	0	3	0
"cell35"	0	3	0	0	1	1	1	3	1	1	3	1	1	1	0	0	3	0	3	0	0	3	0	0	0	0	0	0	0	0	0
"cell36"	0	0	0	3	3	1	1	3	1	3	0	1	1	0	0	0	0	0	0	0	0	0	0	0	3	0	0	0	0	0	0
"cell37"	3	0	0	0	1	1	1	1	1	1	1	1	3	0	0	0	0	0	3	3	0	0	0	0	0	0	0	0	0	0	0
"cell38"	3	3	0	3	1	1	1	1	1	1	1	1	3	1	0	0	0	0	0	0	3	0	0	1	0	0	0	0	0	0	0
"cell39"	0	0	0	0	1	0	3	1	0	1	1	1	1	0	0	3	0	0	0	0	0	0	3	0	0	3	0	0	0	3	3
"cell40"	3	0	0	0	1	0	1	3	1	1	3	1	1	1	0	3	0	0	3	0	0	3	0	0	0	0	0	3	0	0	0
"cell41"	0	3	1	0	1	1	1	1	0	1	1	0	1	1	3	0	0	0	0	0	0	3	0	0	0	0	0	0	0	0	0
"cell42"	0	0	0	0	1	1	1	3	1	1	3	3	1	1	0	0	0	3	3	0	0	0	3	0	0	3	3	0	0	0	0
"cell43"	0	3	0	0	1	3	1	1	1	3	1	1	1	1	3	0	0	0	0	0	0	0	3	0	1	0	3	0	0	0	0
"cell44"	3	0	0	0	1	1	1	3	1	1	0	1	1	0	0	0	3	0	0	0	0	0	0	0	3	3	3	0	0	0	3
"cell45"	0	3	3	3	3	1	1	1	3	1	1	1	1	1	0	0	0	0	3	0	0	0	0	3	0	0	0	3	0	0	0
"cell46"	0	3	3	0	0	1	1	1	1	1	0	1	0	1	0	0	0	0	0	0	0	0	0	3	0	0	3	0	0	0	0
"cell47"	0	3	3	0	1	3	1	1	1	1	1	0	1	1	0	3	0	0	0	0	0	0	3	0	0	0	3	3	0	0	0
"cell48"	0	0	0	0	0	1	3	3	0	1	1	1	1	1	0	0	0	0	0	0	0	0	3	3	0	0	0	0	0	0	0
"cell49"	0	0	0	0	1	1	1	0	1	1	1	1	1	1	0	0	0	0	3	0	0	3	0	0	0	1	3	3	0	0	0
"cell50"	0	0	3	0	3	1	1	1	1	1	3	1	1	1	0	0	0	0	0	0	0	3	0	3	3	3	0	0	0	0	0
"cell51"	0	0	0	0	1	1	1	1	1	3	1	1	1	1	3	0	0	0	0	0	0	0	0	0	0	0	0	0	0	0	0
"cell52"	3	0	0	0	1	1	1	1	1	1	1	0	1	1	0	0	3	0	3	0	0	0	3	0	0	0	0	0	0	0	0
"cell53"	3	3	0	0	1	1	3	1	1	1	1	1	0	1	0	0	3	0	0	0	0	0	0	0	0	0	3	0	0	0	0
"cell54"	0	0	0	0	1	0	1	3	1	3	1	1	0	1	3	0	0	3	3	0	0	0	0	0	3	0	3	0	0	0	0
"cell55"	0	0	0	0	1	0	1	1	3	0	1	1	1	3	0	3	0	0	0	0	3	3	0	0	3	0	0	3	0	0	0
"cell56"	3	3	0	3	0	1	1	1	1	1	3	1	1	0	0	0	3	3	0	0	0	0	0	0	0	0	0	3	0	0	3
"cell57"	0	3	0	0	3	1	1	1	1	1	1	0	3	1	3	0	0	0	0	0	0	0	3	0	0	0	0	0	3	0	3
"cell58"	3	0	0	0	1	0	1	3	0	1	1	1	3	1	0	0	0	0	0	0	0	0	0	3	3	0	0	0	0	0	0
"cell59"	0	0	0	0	1	1	1	1	3	1	1	1	1	1	3	0	0	0	0	0	0	3	1	0	3	0	0	3	0	3	0
"cell60"	0	3	0	0	1	1	0	1	1	1	0	0	0	1	0	0	0	0	0	0	0	0	0	0	3	0	0	0	0	0	3
"cell61"	0	0	3	0	0	1	1	1	1	1	1	1	3	1	0	0	3	0	0	0	0	3	0	0	3	0	0	0	0	0	0
"cell62"	3	0	0	0	1	1	1	1	3	3	1	0	3	3	3	0	3	3	0	0	0	0	0	0	3	0	0	3	0	0	3
"cell63"	0	0	3	0	1	1	1	3	1	1	1	1	1	1	0	0	0	0	3	0	0	0	0	3	1	0	0	0	0	0	3
"cell64"	3	3	0	0	3	0	1	1	3	1	3	1	1	1	0	0	0	0	3	0	0	3	0	3	0	0	0	0	0	3	0
"cell65"	0	0	0	0	1	3	1	1	1	0	3	1	1	1	3	0	0	0	3	0	0	0	3	0	0	0	0	0	0	3	0
"cell66"	0	0	0	0	1	1	1	3	1	1	3	1	1	0	3	0	0	3	0	3	3	0	0	3	0	3	0	0	0	0	3
"cell67"	0	3	0	0	3	1	3	1	0	1	1	1	1	0	0	0	0	0	3	0	0	0	0	0	3	0	0	0	0	3	3
"cell68"	0	0	0	3	1	3	1	3	1	1	3	1	3	1	0	0	0	0	0	0	0	3	0	0	3	0	0	0	0	3	0
"cell69"	0	0	3	3	1	1	1	1	1	1	1	3	3	3	0	0	0	3	0	3	0	0	0	0	0	3	0	0	0	0	0
"cell70"	0	0	0	0	3	1	3	0	0	3	0	3	0	0	1	1	3	1	3	0	0	3	0	0	0	3	0	0	0	0	0
"cell71"	0	0	3	0	1	0	3	1	3	0	0	0	3	0	1	1	1	0	3	3	0	0	0	0	0	3	3	0	0	3	0
"cell72"	0	3	0	0	1	1	0	0	3	0	0	3	3	0	1	3	1	1	3	3	0	0	0	0	0	0	0	0	0	3	0
"cell73"	0	0	0	3	1	1	0	0	0	0	3	0	0	0	0	3	1	3	1	1	0	3	0	0	0	3	0	0	0	0	0
"cell74"	0	0	0	3	3	1	0	0	0	0	0	0	3	3	3	1	1	1	1	1	0	0	3	0	0	0	0	0	0	0	0
"cell75"	0	0	0	0	1	1	0	0	0	0	0	3	0	0	1	1	1	3	1	1	0	0	0	0	0	0	0	0	0	0	0
"cell76"	3	0	0	3	1	1	0	0	3	0	0	0	0	3	1	1	3	1	3	0	3	0	0	0	0	0	0	0	0	3	0
"cell77"	0	0	3	0	3	1	3	0	3	0	3	0	0	3	0	1	1	1	1	0	0	3	0	0	3	0	3	0	0	0	0
"cell78"	0	0	0	3	1	1	3	3	3	0	0	0	0	1	1	1	0	1	1	1	0	0	0	0	0	0	0	0	0	3	3
"cell79"	0	3	0	3	3	3	0	0	0	0	0	0	0	0	0	1	1	3	3	1	0	3	3	0	3	0	1	3	0	0	0
"cell80"	0	0	0	0	3	1	0	0	0	0	0	3	0	0	1	1	3	0	1	1	0	3	0	0	0	3	0	3	3	0	3
"cell81"	0	0	0	0	3	1	3	3	0	0	0	0	0	0	1	1	1	1	3	0	3	0	3	0	0	0	0	0	0	3	0
"cell82"	0	1	0	0	1	1	0	0	3	0	0	3	0	0	1	1	3	1	1	1	3	0	0	0	3	0	0	0	0	0	0
"cell83"	3	0	0	0	3	3	3	0	0	0	0	0	0	0	1	1	1	1	1	3	0	0	0	0	0	3	0	0	3	0	0
"cell84"	0	0	0	3	1	1	0	0	0	0	0	0	3	0	1	1	3	1	1	1	0	0	0	0	0	3	0	0	0	0	0
"cell85"	0	0	0	0	1	1	0	0	0	0	0	0	0	0	3	0	1	1	3	1	0	0	0	0	0	0	0	0	3	0	0
"cell86"	0	0	0	3	1	3	0	0	3	0	3	0	0	0	1	3	3	1	1	1	0	3	1	0	0	3	0	0	3	0	0
"cell87"	3	3	0	3	1	3	0	0	0	0	3	0	3	3	1	1	1	1	1	3	0	0	0	0	0	3	0	0	0	0	0
"cell88"	0	0	0	0	1	1	3	0	0	0	0	0	0	3	1	1	1	1	1	1	0	0	0	0	0	0	0	0	0	0	3
"cell89"	0	0	3	0	1	1	0	0	0	0	0	0	3	0	1	1	1	1	3	1	0	0	0	0	0	0	0	3	3	3	0
"cell90"	0	0	0	0	1	1	0	0	0	0	0	0	0	0	1	1	1	1	1	1	0	0	0	0	0	0	3	0	0	0	3
"cell91"	0	0	3	0	1	0	0	3	0	0	0	0	0	0	1	1	1	1	1	1	0	3	0	0	0	0	0	3	3	3	0
"cell92"	3	0	3	0	1	1	0	0	3	3	0	0	3	0	1	1	1	1	1	1	0	0	3	0	0	0	3	0	0	0	0
"cell93"	3	3	0	0	0	3	0	0	3	3	0	0	0	0	3	1	3	1	1	1	0	0	1	0	0	0	0	0	3	0	0
"cell94"	0	0	0	0	3	0	0	3	0	3	0	0	0	0	0	1	1	1	1	1	0	0	0	3	0	0	0	0	0	0	0
"cell95"	0	0	3	0	1	1	0	3	0	0	0	3	3	0	1	3	3	1	1	1	3	3	3	0	0	3	3	0	0	0	3
"cell96"	3	3	0	3	3	1	0	0	0	0	0	3	3	0	1	1	1	3	3	1	3	0	3	3	0	0	3	0	0	0	0
"cell97"	0	0	0	0	1	0	3	0	3	0	0	0	0	0	1	1	1	1	1	3	0	3	3	0	3	3	3	3	0	0	0
"cell98"	0	0	0	0	1	1	0	0	0	0	0	3	3	0	1	1	1	1	1	3	3	3	0	3	0	0	0	3	0	0	0
"cell99"	0	3	0	3	0	3	3	0	0	0	0	0	0	0	3	3	1	1	1	1	0	0	0	3	3	3	3	0	0	0	0
"cell100"	0	0	0	0	1	1	0	0	0	0	0	0	0	0	1	1	3	0	3	0	3	0	0	3	0	0	0	0	3	0	0
"cell101"	0	0	0	0	0	1	0	0	0	0	0	0	1	0	1	1	1	3	1	0	3	0	0	0	0	0	3	0	0	0	0
"cell102"	0	0	3	3	1	3	0	0	0	0	0	0	0	0	1	0	1	3	0	0	0	3	0	0	0	3	0	0	0	0	0
"cell103"	3	0	0	0	1	1	0	0	0	0	0	3	0	3	1	3	3	1	1	0	0	0	1	0	0	0	0	3	0	3	0
"cell104"	0	0	0	0	1	1	0	0	0	0	0	0	0	0	1	1	1	1	1	1	0	0	3	3	0	0	0	3	0	0	0
"cell105"	0	0	0	0	1	1	0	0	0	0	0	0	0	0	1	1	1	1	3	1	0	0	0	0	0	0	0	0	0	0	0
"cell106"	0	0	0	0	3	3	0	0	0	0	0	0	0	0	1	1	1	1	1	3	0	0	0	0	0	3	0	0	0	0	0
"cell107"	0	0	0	0	1	1	0	0	3	0	1	0	0	0	0	1	1	1	3	1	0	0	3	0	0	0	0	0	0	0	0
"cell108"	0	0	0	0	1	1	0	3	3	0	0	3	0	3	1	1	3	3	3	0	0	0	0	0	0	0	0	0	3	0	0
"cell109"	0	0	3	3	0	1	0	0	0	0	0	0	3	0	3	3	1	3	1	1	0	0	0	3	0	0	3	0	3	0	0
"cell110"	0	3	0	0	3	1	0	0	1	0	0	0	3	0	1	0	3	0	3	1	0	3	3	3	0	0	0	0	0	0	0
"cell111"	0	0	3	0	1	1	0	0	0	0	0	0	0	3	1	1	1	3	3	1	0	0	0	3	0	3	0	0	0	0	0
"cell112"	0	0	0	0	0	1	0	0	0	0	0	0	0	0	1	1	0	3	1	1	1	0	3	0	0	3	0	0	0	0	0
"cell113"	0	0	0	0	1	1	0	3	0	3	0	0	0	0	0	1	1	1	3	1	0	3	0	0	0	0	0	0	0	0	0
"cell114"	0	0	3	0	1	0	0	0	0	3	0	3	0	0	1	1	0	1	0	3	3	0	0	0	0	0	0	0	3	0	3
"cell115"	0	3	0	0	3	1	0	0	0	3	0	0	0	0	1	3	1	1	3	1	3	0	3	0	0	0	0	0	0	0	0
"cell116"	0	0	0	0	1	1	3	0	0	0	0	0	3	3	1	3	1	0	1	1	0	3	0	3	0	3	0	0	0	3	3
"cell117"	3	3	0	0	0	1	0	0	0	0	0	0	3	0	1	1	3	1	1	1	0	0	0	3	3	0	0	0	0	0	0
"cell118"	0	0	0	0	1	3	0	0	0	0	0	3	0	0	3	3	1	1	1	0	3	0	0	0	3	3	0	0	0	0	0
"cell119"	0	0	0	0	1	1	0	0	0	0	0	0	3	0	1	1	0	1	1	3	0	0	3	3	3	0	0	0	0	0	0
"cell120"	0	0	0	0	3	0	0	3	0	0	0	3	0	0	1	1	1	3	1	1	0	0	3	3	3	0	0	0	0	0	3
"cell121"	0	0	0	0	1	1	0	0	0	0	3	3	0	0	1	1	3	1	1	0	0	0	0	0	3	0	0	0	0	0	0
"cell122"	0	0	0	3	1	1	0	0	3	3	0	0	0	0	1	1	3	0	1	1	3	0	0	0	0	0	0	3	0	3	0
"cell123"	3	0	0	0	1	1	0	0	0	0	0	0	0	0	1	1	1	1	1	3	0	0	3	0	0	0	0	3	0	3	0
"cell124"	3	0	0	3	0	1	3	0	0	0	0	0	0	3	1	1	1	1	0	1	0	0	0	3	3	0	0	3	3	3	0
"cell125"	0	0	0	0	3	1	0	0	0	0	0	0	3	0	1	3	1	1	3	3	0	0	0	0	0	3	0	0	3	3	3
"cell126"	0	3	0	0	1	1	0	0	0	0	0	0	0	0	1	3	1	1	1	1	0	3	0	1	3	0	0	0	3	0	3
"cell127"	3	0	0	3	1	1	0	0	0	0	0	3	3	0	1	3	1	1	1	1	0	0	0	0	0	0	0	3	0	0	0
"cell128"	3	0	0	0	3	1	0	0	0	3	0	0	3	0	3	1	1	1	1	1	0	0	3	0	0	0	0	0	0	0	3
"cell129"	0	0	0	3	1	3	0	3	3	3	0	3	0	3	1	3	1	1	1	1	0	0	0	0	0	0	0	0	3	0	0
"cell130"	0	0	0	3	1	1	0	0	0	0	3	0	3	0	0	1	0	1	1	1	0	0	0	0	0	0	3	3	0	0	3
"cell131"	0	0	0	0	0	1	0	3	0	0	0	3	3	0	3	0	1	1	1	1	0	0	0	0	3	0	0	0	0	0	0
"cell132"	0	0	0	0	1	1	0	0	3	3	0	0	0	0	1	1	1	3	0	1	0	0	0	0	0	0	3	0	0	0	0
"cell133"	0	0	0	0	0	0	3	3	0	0	0	0	0	0	1	1	1	1	0	0	0	0	0	0	0	0	0	0	3	0	0
"cell134"	0	0	0	0	1	3	0	0	3	3	0	3	0	0	1	0	1	1	1	1	0	0	0	0	0	0	0	0	3	0	0
"cell135"	3	0	0	0	1	1	0	0	0	3	0	0	3	3	1	3	1	1	1	1	0	0	0	0	0	0	3	3	0	0	0
"cell136"	0	0	0	0	3	1	0	0	0	0	0	0	0	0	1	1	0	1	1	1	3	3	0	0	0	0	0	0	0	3	0
"cell137"	0	3	0	0	3	1	3	0	0	3	0	0	0	0	1	1	3	1	1	1	3	0	0	3	3	0	0	0	0	0	0
"cell138"	0	3	3	3	1	3	0	0	0	3	0	3	0	0	1	0	0	1	3	1	0	0	3	0	0	0	3	0	3	0	0
"cell139"	0	0	3	0	1	1	0	0	0	0	3	3	0	0	1	1	3	1	0	1	0	0	0	0	3	0	0	0	0	0	0
"cell140"	0	0	0	0	1	1	0	0	0	0	0	0	0	3	1	1	1	1	1	1	3	3	0	0	0	0	0	3	0	0	3
"cell141"	3	3	0	0	1	3	0	0	0	0	3	0	3	0	1	1	1	1	1	1	0	0	0	0	0	0	0	0	0	0	0
"cell142"	0	0	0	0	1	1	0	0	0	0	0	0	0	3	1	1	1	1	3	3	0	0	0	0	0	3	0	0	0	0	0
"cell143"	3	0	0	0	1	1	0	0	1	0	0	0	0	0	1	1	1	0	3	1	3	0	3	0	0	0	0	0	0	0	0
"cell144"	0	0	0	0	3	1	0	3	0	0	0	0	0	3	1	1	1	1	3	3	3	0	0	3	0	0	3	0	0	0	0
"cell145"	0	0	0	3	0	3	0	0	0	0	0	3	0	0	1	3	1	3	1	1	0	0	0	3	0	0	0	0	3	0	3
"cell146"	3	0	3	0	1	3	0	0	0	3	3	3	0	3	1	1	1	1	1	1	0	0	3	0	0	3	0	0	0	0	0
"cell147"	0	0	0	0	1	0	0	3	0	3	3	0	3	0	1	1	1	1	1	1	3	1	0	0	0	0	3	0	0	0	0
"cell148"	0	0	0	0	3	1	3	3	3	0	0	0	0	0	1	1	3	0	1	1	0	0	0	3	0	0	0	0	3	3	3
"cell149"	3	0	0	0	3	1	0	3	0	0	0	0	0	0	1	1	1	1	1	1	0	0	0	0	3	0	0	0	0	0	0
"cell150"	0	0	0	0	3	1	0	0	0	0	0	3	0	0	0	1	1	1	1	1	0	0	3	0	0	0	0	0	3	0	0
"cell151"	0	0	0	0	1	1	0	0	0	3	0	0	0	0	3	1	0	1	1	1	0	0	0	0	0	0	0	0	0	0	3
"cell152"	0	0	0	0	1	3	0	0	0	1	0	0	0	3	0	1	1	1	1	1	0	0	0	0	0	0	0	3	0	0	0
"cell153"	0	0	0	0	1	1	0	0	0	3	0	0	0	3	3	1	1	1	1	1	0	0	0	0	0	0	0	0	3	0	0
"cell154"	0	0	3	0	1	1	0	0	0	0	0	0	0	0	1	1	1	1	1	1	3	0	0	0	3	0	3	0	0	3	0
"cell155"	0	0	0	3	1	1	0	3	1	0	0	0	0	0	1	1	0	3	1	3	3	0	0	0	0	0	0	0	0	0	0
"cell156"	0	0	0	3	1	1	3	0	0	0	0	0	0	0	3	3	1	1	3	1	3	0	0	0	0	0	3	3	3	1	0
"cell157"	0	0	0	0	1	1	0	0	0	0	0	0	3	0	0	3	3	1	1	3	1	0	0	0	0	0	0	0	0	3	3
"cell158"	0	0	0	3	3	1	0	3	0	0	0	0	0	0	1	1	0	1	3	3	0	0	0	3	3	0	0	0	3	0	0
"cell159"	0	0	0	0	1	1	0	0	0	3	3	3	0	0	1	1	3	1	1	3	0	0	0	0	0	0	0	0	0	0	0
"cell160"	0	0	0	0	0	0	0	0	3	0	0	0	0	0	1	1	1	1	0	1	0	0	0	0	0	0	0	0	3	0	0
"cell161"	0	0	0	0	1	1	0	1	0	0	0	0	0	0	1	1	1	1	3	1	0	0	0	0	0	0	0	0	0	0	3
"cell162"	0	0	0	3	0	0	0	0	0	3	0	0	3	0	1	1	1	3	1	1	0	0	0	0	0	0	0	0	0	3	3
"cell163"	0	3	0	0	1	1	0	0	0	0	0	0	0	3	3	1	0	1	1	3	0	3	0	3	0	0	0	0	1	0	3
"cell164"	0	0	3	0	1	3	0	0	0	3	0	0	0	3	1	0	1	1	1	1	0	0	0	0	0	3	0	0	0	0	3
"cell165"	0	0	3	0	1	1	0	0	0	0	0	0	0	0	1	1	3	1	1	1	3	0	3	0	0	3	0	0	3	0	0
"cell166"	0	0	0	0	1	3	0	0	3	0	0	0	0	0	1	3	0	3	1	0	0	0	3	0	0	0	0	0	3	1	0
"cell167"	0	3	0	3	3	1	0	0	0	0	0	0	0	0	1	1	1	1	1	1	1	1	1	1	1	3	1	1	3	1	1
"cell168"	0	0	0	0	1	1	0	0	0	3	0	3	0	0	3	1	1	1	0	1	1	3	1	1	3	1	1	1	1	3	1
"cell169"	0	0	0	3	1	3	0	0	0	0	0	0	3	0	1	1	1	3	1	1	1	0	1	1	1	3	1	1	1	1	1
"cell170"	0	0	0	3	1	1	0	3	1	0	0	3	3	3	1	1	1	1	1	1	1	1	0	1	1	1	1	1	1	1	3
"cell171"	3	0	0	0	1	0	0	0	0	0	3	0	0	0	1	1	1	0	1	3	1	1	1	1	1	3	1	1	1	3	3
"cell172"	0	0	0	0	3	1	0	3	0	3	0	0	0	0	1	1	3	1	1	1	3	1	1	1	1	1	1	1	1	1	3
"cell173"	0	3	3	0	1	1	0	3	3	3	3	0	0	0	3	3	1	1	1	1	3	1	0	1	1	1	3	0	1	1	1
"cell174"	3	3	0	1	1	1	0	0	3	0	3	0	0	0	1	1	3	1	1	3	1	1	1	1	1	3	1	1	1	0	1
"cell175"	0	3	0	0	3	3	0	0	0	0	0	0	0	0	1	3	3	1	1	1	1	0	0	0	1	1	1	1	1	1	1
"cell176"	0	0	3	0	1	3	3	0	0	0	0	3	3	0	0	1	1	1	1	3	3	3	0	1	1	1	1	3	1	1	1
"cell177"	0	0	0	0	1	1	3	0	0	0	0	0	0	3	1	3	1	1	1	1	1	1	1	3	1	3	1	3	1	1	1
"cell178"	3	0	0	0	1	1	0	0	0	0	0	0	0	0	3	3	1	1	3	3	1	1	1	1	3	0	1	0	0	1	1
"cell179"	0	3	3	0	1	3	3	0	0	0	3	0	0	0	1	0	3	1	1	1	3	0	1	0	1	1	1	1	1	1	3
"cell180"	3	3	0	3	1	1	0	0	0	0	0	0	0	0	1	1	1	1	1	3	1	3	1	3	1	1	1	3	1	1	3
"cell181"	0	0	3	0	1	1	3	0	0	0	0	0	0	0	3	1	1	0	3	1	1	3	1	1	1	3	1	1	3	0	1
"cell182"	0	0	0	0	3	1	0	0	0	0	0	0	0	0	1	1	0	0	1	1	1	1	1	1	1	1	1	1	1	1	1
"cell183"	0	3	0	0	3	1	3	0	0	3	0	0	0	0	1	1	3	0	1	3	3	1	1	1	1	1	3	3	1	3	1
"cell184"	3	0	0	3	1	1	0	0	0	0	0	0	0	0	1	1	0	1	1	1	1	1	1	3	1	0	1	1	1	1	1
"cell185"	3	0	0	0	3	1	0	3	0	0	0	0	3	0	1	1	1	1	1	1	3	1	1	1	1	1	1	1	0	1	3
"cell186"	0	0	3	0	1	0	0	0	3	0	0	0	0	0	1	0	1	3	1	1	1	1	1	3	1	0	1	1	3	1	3
"cell187"	3	0	0	3	1	1	3	0	0	0	0	0	0	0	1	1	3	1	0	3	1	3	1	1	1	3	1	3	1	1	1
"cell188"	0	0	0	0	3	3	0	3	0	0	0	0	0	0	1	1	1	1	1	1	0	1	1	1	1	1	1	1	1	1	1
"cell189"	0	0	0	0	1	3	0	0	0	0	3	0	1	0	1	3	3	0	3	1	3	1	0	3	1	0	3	1	3	1	1
"cell190"	0	0	0	0	0	1	0	0	0	0	0	0	0	0	1	1	1	1	3	1	3	1	3	1	1	3	1	1	1	1	1
"cell191"	3	0	0	0	0	1	3	0	0	0	0	0	0	3	1	1	1	0	1	1	3	3	1	1	1	0	1	1	1	1	1
"cell192"	3	0	0	0	0	1	3	0	0	0	0	3	0	0	1	1	1	0	1	1	1	0	1	3	3	0	1	3	1	1	1
"cell193"	0	0	0	3	3	1	0	0	0	3	0	0	0	0	1	1	1	0	0	1	1	1	1	1	1	1	1	1	3	3	1
"cell194"	0	0	0	0	3	1	0	0	0	0	3	0	0	0	1	3	0	0	1	3	1	1	1	1	1	3	1	1	1	0	0
"cell195"	0	0	3	0	1	0	0	0	0	0	0	0	0	0	3	3	3	1	1	1	0	3	1	3	1	1	1	1	1	3	1
"cell196"	3	0	3	0	0	1	0	0	0	0	0	0	0	0	3	1	1	1	1	0	1	1	3	1	1	1	1	1	1	0	3
"cell197"	0	0	3	0	1	1	3	0	0	3	3	0	3	0	0	1	1	0	1	3	1	1	1	1	1	1	3	1	1	1	3
"cell198"	0	3	0	3	1	1	0	3	0	0	0	0	0	0	1	3	1	1	1	1	1	1	1	1	1	3	3	1	1	1	1
"cell199"	0	0	0	0	1	0	0	0	0	0	0	0	0	0	1	1	1	1	1	3	1	1	1	1	1	1	1	1	1	1	3
"cell200"	0	0	3	0	1	3	0	0	0	3	0	0	0	0	1	1	1	1	1	1	1	3	1	1	1	1	1	1	1	1	1
"cell201"	0	0	0	0	1	1	0	0	0	0	0	0	0	3	1	1	3	1	1	1	1	1	1	3	1	1	3	1	3	1	1
"cell202"	0	0	0	3	1	1	0	0	0	0	0	3	0	3	3	3	1	3	1	1	1	1	1	3	1	1	1	1	1	1	1
"cell203"	0	0	0	0	1	1	0	0	0	0	0	0	0	0	1	1	3	0	1	1	0	3	0	1	1	1	1	1	0	1	1
"cell204"	0	3	0	3	1	1	0	0	0	0	0	3	0	0	1	1	0	1	0	0	3	1	1	1	1	3	1	3	1	3	1
"cell205"	0	3	0	0	3	1	0	0	3	0	0	0	0	0	1	3	3	1	1	1	1	3	3	1	1	0	1	3	1	1	1
"cell206"	0	0	3	0	1	1	0	0	0	0	0	0	0	0	1	1	3	3	1	0	1	0	1	1	3	1	1	1	1	3	1
"cell207"	0	3	3	0	1	3	0	3	0	3	0	0	0	0	1	1	1	1	1	1	1	1	0	1	1	1	1	1	3	1	3
"cell208"	0	0	0	0	0	1	0	3	3	3	0	3	3	0	1	1	1	0	1	1	1	1	1	3	1	1	1	1	1	1	1
"cell209"	3	3	0	0	1	1	3	0	0	0	0	3	0	0	1	1	1	1	1	1	1	1	1	1	1	1	1	1	1	1	1
"cell210"	0	0	3	3	0	0	0	0	0	0	0	0	1	0	1	0	1	1	1	1	1	1	3	1	1	1	1	1	1	1	1
"cell211"	0	0	0	0	1	1	0	0	3	0	3	3	0	0	1	0	1	1	1	1	1	3	1	1	3	1	0	1	1	1	1
"cell212"	3	3	0	0	1	1	3	0	3	0	0	0	0	3	3	1	0	1	1	1	1	0	1	1	1	1	3	1	1	0	1
"cell213"	0	0	1	0	1	1	3	0	0	0	0	0	0	3	1	1	1	1	0	1	0	1	1	1	1	1	3	1	1	1	1
"cell214"	0	0	3	3	3	3	0	0	0	0	0	0	0	3	3	1	3	1	1	1	3	1	1	3	3	3	1	1	1	1	1
"cell215"	0	3	0	0	3	1	0	0	0	0	3	0	0	0	1	1	1	1	1	1	1	1	1	1	1	3	1	1	0	3	1
"cell216"	3	0	0	0	1	1	0	3	0	0	3	0	0	0	1	1	1	1	1	1	1	1	1	1	1	1	3	0	1	3	3
"cell217"	0	3	0	0	1	1	0	3	0	0	0	3	0	0	1	0	1	3	0	1	1	1	1	1	1	1	1	1	3	1	1
"cell218"	0	3	0	0	1	1	0	3	0	3	0	0	0	0	1	1	1	1	1	1	3	1	0	3	1	1	1	0	3	3	1
"cell219"	0	0	0	3	1	1	0	0	0	0	0	3	0	0	1	1	1	1	0	3	0	1	1	1	1	1	1	1	1	1	1
"cell220"	0	0	0	3	1	1	0	0	0	0	3	0	3	0	1	1	1	1	1	1	1	1	1	0	1	1	1	0	3	1	1
"cell221"	0	0	0	0	3	3	0	0	0	0	0	0	0	0	1	3	1	1	3	1	3	3	1	1	1	1	3	1	1	1	1
"cell222"	0	3	0	3	1	3	0	0	0	3	0	0	0	0	1	1	1	0	1	1	1	1	0	1	3	1	1	1	1	1	1
"cell223"	0	0	0	0	0	1	0	0	3	3	0	0	0	0	3	1	3	1	3	0	1	1	0	3	1	1	3	3	3	0	1
"cell224"	3	0	0	0	3	1	0	0	0	0	0	0	0	3	1	1	1	1	1	0	1	3	1	1	1	1	1	3	1	1	0
"cell225"	0	0	0	0	1	1	0	0	0	0	0	0	0	0	3	3	1	1	1	1	1	1	3	1	1	0	1	1	1	3	1
"cell226"	0	0	0	0	1	1	0	0	3	0	0	0	0	0	1	3	0	3	1	3	1	1	1	1	0	1	0	1	1	3	1
"cell227"	0	0	0	0	0	1	0	0	0	0	0	0	0	1	1	0	0	1	1	1	1	1	1	1	1	1	1	3	0	1	1
"cell228"	0	0	0	0	1	1	3	0	3	0	0	3	0	0	1	1	1	1	1	1	1	3	1	1	1	1	1	1	0	3	1
"cell229"	3	0	0	0	1	1	0	0	0	0	0	0	0	0	1	1	3	1	1	1	0	1	1	1	1	1	1	1	3	1	1
"cell230"	3	3	0	3	1	1	0	3	0	0	0	0	0	3	1	1	1	1	1	1	1	3	3	0	3	3	3	1	1	1	1
"cell231"	0	0	0	0	1	3	0	3	0	0	3	0	0	0	1	1	1	1	0	1	0	1	1	1	1	1	1	1	0	1	0
"cell232"	3	3	0	0	1	3	0	0	0	0	0	0	0	0	1	1	1	1	1	3	0	1	1	1	1	1	3	1	1	1	0
"cell233"	3	3	0	3	1	1	3	0	0	0	0	3	0	3	1	1	3	1	1	1	1	3	1	0	1	1	1	1	1	1	1
"cell234"	0	0	0	3	1	1	0	0	0	0	0	0	0	3	1	1	3	3	1	1	1	0	0	1	1	1	1	3	1	1	3
"cell235"	0	0	0	0	1	1	0	0	0	0	3	0	0	0	1	3	0	0	3	1	1	1	1	1	1	1	3	1	1	1	3
"cell236"	0	0	3	3	1	1	0	0	3	0	0	0	0	0	3	1	1	1	1	1	1	1	1	0	1	1	1	3	1	1	1
"cell237"	0	0	0	0	1	1	0	0	0	3	3	0	0	0	1	3	1	1	1	0	1	1	1	1	3	1	1	1	1	1	1
"cell238"	0	3	0	3	1	0	0	3	0	0	0	0	3	3	1	1	1	0	1	1	3	1	0	3	1	1	1	1	1	1	1
"cell239"	0	0	0	0	1	0	0	0	0	0	0	0	0	0	3	1	1	0	1	3	0	0	0	1	1	1	1	1	1	1	1
"cell240"	0	0	0	0	0	1	0	0	0	0	0	0	0	0	1	3	1	1	0	0	1	1	1	1	1	1	1	0	0	1	1
"cell241"	3	0	0	0	1	1	0	0	0	0	0	3	0	3	3	1	1	1	1	3	1	1	1	1	3	1	1	0	1	1	1
"cell242"	3	3	0	0	3	1	0	0	3	0	0	0	0	0	1	1	1	1	3	1	3	1	1	1	1	1	1	1	1	1	1
"cell243"	3	0	0	3	1	0	3	0	0	0	0	0	0	0	1	3	1	1	3	1	1	0	1	1	1	1	1	1	1	1	1
"cell244"	0	0	0	0	3	0	0	1	0	0	0	0	3	3	1	1	1	1	1	1	1	3	1	3	0	1	1	1	1	0	1
"cell245"	0	0	3	0	1	1	0	0	0	3	0	0	0	0	1	1	1	1	3	1	1	1	3	1	1	1	1	1	1	3	3
"cell246"	3	3	0	3	1	3	0	0	0	3	0	0	0	0	3	1	1	3	1	1	1	3	1	1	3	1	1	1	1	1	1
"cell247"	0	0	0	3	3	1	0	0	0	3	0	0	0	3	1	1	1	1	1	3	1	1	1	1	1	1	3	0	3	1	1
"cell248"	0	3	0	0	1	1	0	0	0	3	3	3	0	0	1	1	3	1	3	1	1	1	1	1	1	1	1	1	1	1	1
"cell249"	3	0	0	0	0	1	3	3	0	0	0	3	0	3	1	1	0	1	3	1	1	1	1	1	1	3	1	3	3	1	3
"cell250"	0	3	0	0	0	1	3	0	0	0	0	0	0	0	3	1	1	1	1	3	1	1	1	3	3	1	1	1	1	1	3
"cell251"	0	3	3	3	1	1	3	0	3	0	0	0	0	0	1	1	0	1	1	1	1	1	3	3	1	1	0	1	1	3	1
"cell252"	0	0	0	0	1	3	3	0	0	3	0	0	3	3	1	1	3	1	1	1	3	1	0	3	1	1	0	0	1	1	1
"cell253"	0	0	0	0	1	3	0	0	0	0	0	0	0	0	1	1	1	3	1	1	1	1	0	0	3	1	1	3	1	3	1
"cell254"	3	3	0	3	1	1	1	0	0	3	0	0	0	0	1	1	1	0	0	1	1	1	1	1	3	1	1	3	3	1	0
"cell255"	0	0	0	3	1	3	3	0	0	0	0	0	0	0	1	1	1	1	3	1	1	3	1	1	1	1	1	1	0	1	1
"cell256"	0	0	0	0	1	1	0	3	0	0	0	3	0	0	3	1	1	1	1	3	1	1	1	1	3	1	1	1	3	1	1
"cell257"	0	0	0	0	3	1	0	3	0	0	0	0	0	0	1	1	1	3	1	3	1	0	1	1	1	1	3	1	1	1	1
"cell258"	3	0	0	3	3	1	0	0	0	0	3	0	0	0	3	1	1	1	1	3	0	1	1	1	0	0	3	3	1	1	1
"cell259"	0	3	3	0	1	3	0	0	0	0	3	0	0	0	1	1	1	1	1	3	3	1	1	3	1	1	1	1	1	1	0
"cell260"	0	0	0	3	1	1	0	3	1	0	0	3	0	0	1	1	3	1	1	1	1	3	1	0	1	1	3	1	3	1	1
"cell261"	3	3	0	0	1	1	0	0	0	3	0	0	0	3	1	3	1	1	1	3	0	1	1	1	1	1	1	1	3	1	1
"cell262"	3	0	0	3	1	1	3	0	0	0	0	0	0	0	0	3	1	1	1	1	3	1	3	1	1	3	1	1	1	3	1
"cell263"	0	0	3	0	1	1	0	0	3	0	0	0	0	0	3	1	3	3	3	1	1	1	1	1	1	1	3	1	3	1	1
"cell264"	0	0	0	0	0	1	0	0	0	3	0	0	0	0	3	3	1	1	3	1	1	0	1	1	1	1	3	3	1	1	3
"cell265"	0	0	0	0	1	3	0	0	0	3	3	0	0	0	1	1	1	0	1	1	0	1	1	3	0	1	1	1	1	3	1
"cell266"	0	0	0	0	1	0	0	0	0	0	0	0	0	0	1	0	1	1	1	1	1	1	1	1	1	1	1	0	1	0	0
"cell267"	0	0	0	0	1	1	3	3	0	0	3	0	0	0	1	1	1	1	1	3	1	1	1	1	3	1	1	1	3	1	1
"cell268"	0	0	0	0	1	0	0	3	0	0	0	0	0	0	3	1	1	3	1	0	1	1	1	1	3	3	1	1	3	1	1
"cell269"	0	0	3	3	1	1	3	0	3	0	0	0	0	0	1	3	1	1	1	0	1	1	0	1	1	3	1	1	1	3	1
"cell270"	3	0	0	0	1	1	0	0	0	0	0	0	3	0	1	1	1	1	1	3	1	1	0	1	0	3	1	1	1	1	1
"cell271"	0	0	0	3	1	1	0	0	0	0	0	0	0	3	1	1	1	1	1	1	1	1	1	1	1	1	1	1	3	0	1
"cell272"	0	0	0	0	1	1	3	0	0	3	0	0	3	0	1	0	1	1	0	0	1	3	3	1	1	1	1	0	1	1	1
"cell273"	0	3	0	0	1	3	0	0	0	0	0	0	0	0	1	1	1	1	0	0	1	1	1	1	1	1	1	1	1	1	3
"cell274"	3	3	3	0	1	1	0	0	3	3	0	3	0	3	1	1	1	1	1	1	1	1	1	1	3	1	1	1	0	0	3
"cell275"	0	0	3	0	0	1	3	3	3	0	0	0	0	0	3	0	1	1	1	3	3	1	1	1	1	1	1	1	0	0	1
"cell276"	3	0	0	0	3	1	0	3	0	0	0	3	1	0	1	1	3	3	1	1	1	1	1	1	1	3	3	1	1	1	0
"cell277"	0	0	3	3	1	1	0	0	0	0	3	0	0	0	1	1	1	1	1	3	3	1	1	1	3	1	1	1	1	1	1
"cell278"	0	0	0	0	3	1	0	3	3	0	0	3	3	0	1	3	1	1	1	1	3	1	3	0	3	1	1	1	1	1	1
"cell279"	3	0	0	0	3	1	3	3	0	0	0	0	0	0	1	1	1	1	3	3	1	1	1	1	3	3	1	1	1	3	3
"cell280"	0	0	3	0	1	1	0	0	0	0	0	0	0	3	1	0	1	1	1	3	1	0	1	0	1	1	0	1	1	1	1
"cell281"	3	0	0	0	1	3	0	0	0	0	0	3	0	0	1	1	1	1	1	1	1	3	1	1	1	1	1	1	1	3	3
"cell282"	0	0	0	0	1	3	0	0	3	0	0	3	0	0	1	1	1	1	3	1	1	1	1	1	1	1	3	1	1	1	1
"cell283"	0	0	0	0	1	1	3	3	0	0	0	0	0	3	1	1	3	1	1	1	3	3	3	1	1	1	1	1	0	3	3
"cell284"	1	0	0	0	3	1	0	3	0	0	0	0	0	3	1	1	1	3	3	3	1	1	0	3	3	1	3	1	1	3	1
"cell285"	0	3	0	3	3	0	0	0	3	0	0	0	0	0	3	1	1	1	3	3	1	1	1	1	3	1	1	1	1	1	3
"cell286"	0	3	0	3	1	1	0	3	3	3	3	0	0	3	1	3	1	1	1	1	1	1	1	1	1	1	3	1	1	1	1
"cell287"	0	0	0	0	1	1	3	0	0	0	3	3	0	0	1	1	0	1	3	1	1	1	1	1	1	1	3	1	1	1	1
"cell288"	0	3	0	0	3	1	0	0	0	0	0	3	0	0	3	1	1	1	3	1	1	1	1	1	1	1	1	1	1	3	3
"cell289"	3	0	0	0	1	1	0	3	0	3	3	3	3	0	1	1	1	1	1	1	3	3	1	1	0	1	1	1	1	1	3
"cell290"	0	0	0	0	1	3	0	0	0	3	0	0	0	3	3	1	1	3	1	1	1	1	1	1	1	1	1	3	3	1	1
"cell291"	0	0	0	0	3	1	0	0	0	3	0	3	0	0	3	3	0	1	0	1	0	1	3	1	1	3	1	3	1	1	1
"cell292"	0	0	0	0	1	1	3	0	0	0	0	0	0	0	3	1	1	3	1	1	1	3	1	1	0	1	1	1	1	0	3
"cell293"	0	0	0	0	1	1	0	0	0	0	3	0	0	0	1	1	1	1	1	3	1	1	0	3	1	1	1	1	1	1	1
"cell294"	0	0	0	0	1	1	0	0	3	0	0	0	0	3	3	1	0	1	1	3	3	1	3	3	3	1	1	1	1	1	1
"cell295"	0	0	0	3	1	1	0	0	0	0	0	0	0	0	1	1	1	1	3	3	1	1	1	3	1	1	3	3	1	1	1
"cell296"	3	0	0	3	1	0	0	0	0	0	0	3	0	0	1	1	3	3	1	1	1	1	3	1	1	1	1	1	1	3	1
"cell297"	0	0	0	3	1	1	0	3	0	0	0	0	0	0	0	3	1	1	1	1	1	1	1	0	1	1	1	1	1	1	1
"cell298"	0	0	3	0	1	1	0	0	0	0	0	0	0	0	1	1	3	0	1	1	3	1	3	1	1	1	1	0	3	1	1
"cell299"	0	3	0	0	1	1	0	3	0	0	3	0	0	0	1	1	0	3	1	0	1	0	3	3	3	1	1	3	1	1	1
"cell300"	0	0	0	0	1	1	0	0	0	0	0	0	0	0	1	1	1	1	1	1	3	1	1	0	1	1	1	1	1	1	1
"cell301"	3	0	0	0	1	1	0	3	3	0	0	0	0	0	3	0	1	1	1	1	1	1	0	3	3	0	1	1	1	1	1
"cell302"	0	0	0	3	1	1	0	3	3	0	0	0	0	0	1	1	1	1	1	3	1	1	1	3	1	1	3	1	3	1	1
"cell303"	0	3	0	0	0	3	0	3	0	3	0	0	0	0	1	3	1	1	1	1	1	1	1	3	1	1	1	0	1	1	1
"cell304"	3	0	0	0	1	1	0	0	3	0	3	0	0	0	3	1	1	1	1	1	3	1	1	1	1	3	1	1	1	0	1
"cell305"	0	0	0	0	1	1	0	0	3	3	0	0	0	0	1	3	1	1	3	0	1	1	1	1	0	1	1	3	1	1	1
"cell306"	0	0	0	3	1	3	0	0	0	0	0	0	3	0	1	1	1	3	0	1	3	1	3	3	1	1	1	1	1	1	1
"cell307"	0	3	0	0	3	1	3	0	0	3	3	0	0	0	1	1	0	1	1	1	1	0	1	1	0	3	1	3	0	1	1
"cell308"	3	0	0	0	1	1	0	0	3	0	3	0	0	0	1	1	1	1	1	1	1	1	1	1	1	1	1	3	1	3	1
"cell309"	0	0	0	0	1	1	0	0	0	0	0	0	0	0	1	0	1	3	3	1	3	3	3	3	1	1	1	1	3	1	1
"cell310"	3	0	3	0	1	1	0	0	3	0	0	0	0	0	1	3	1	0	1	3	0	0	1	1	1	1	1	1	1	1	1
"cell311"	3	0	0	0	1	1	3	0	0	0	3	0	3	0	3	1	3	1	1	1	1	3	3	1	1	1	1	1	1	1	3
"cell312"	0	3	3	0	3	1	0	0	0	3	0	0	0	0	1	1	1	1	1	1	1	3	1	1	1	1	1	3	1	3	1
"cell313"	0	3	0	0	3	1	0	0	0	0	0	3	0	0	1	0	1	3	1	1	1	0	3	3	3	1	1	1	1	1	1
"cell314"	0	0	3	0	3	1	0	0	0	0	0	0	0	0	1	1	1	1	1	3	3	1	1	3	1	3	1	1	1	3	1
"cell315"	3	3	3	0	1	1	3	0	0	3	0	0	3	3	1	1	3	1	3	1	1	1	1	1	1	1	1	1	3	1	1
"cell316"	3	0	0	0	1	1	0	0	0	0	0	0	0	0	1	1	1	1	1	3	3	0	3	1	3	1	1	1	1	1	1
"cell317"	0	0	0	0	1	3	0	3	0	0	0	0	0	3	1	3	3	1	3	1	1	1	1	1	1	1	1	1	1	1	1
"cell318"	0	3	0	0	1	1	0	0	0	0	0	0	0	0	1	1	1	1	1	1	1	1	1	3	3	1	1	3	3	3	1
"cell319"	3	0	0	0	1	1	0	0	0	0	0	3	0	0	3	1	1	1	1	3	3	3	1	1	1	1	0	1	1	1	1
"cell320"	3	0	0	3	3	1	0	0	0	0	0	0	0	0	1	1	1	1	1	1	1	1	1	1	1	1	1	3	1	1	1
"cell321"	0	3	0	0	1	1	0	0	0	0	0	3	0	3	1	1	0	0	1	1	3	1	1	1	1	1	0	3	0	3	1
"cell322"	3	0	0	0	1	1	0	0	0	0	0	0	0	0	3	0	1	0	3	3	1	1	1	1	1	3	1	1	1	1	1
"cell323"	0	0	0	0	0	1	3	0	3	0	0	0	0	0	1	1	1	1	1	1	1	1	1	1	3	3	1	1	1	1	1
"cell324"	0	0	3	3	1	1	0	3	0	0	1	0	0	0	3	3	1	1	3	1	1	1	0	0	1	1	1	1	0	1	3
"cell325"	0	0	0	3	1	1	0	0	0	0	0	0	3	0	3	3	1	1	3	1	0	1	1	1	1	3	1	1	3	3	1
"cell326"	0	0	0	0	1	1	0	0	0	0	0	0	0	0	1	1	1	3	1	1	1	1	3	3	3	1	1	3	3	1	3
"cell327"	3	0	3	0	1	1	0	0	0	0	0	0	3	0	3	3	3	0	1	3	1	1	1	1	1	1	1	1	0	1	1
"cell328"	3	0	3	0	1	1	0	0	0	0	0	0	3	0	3	1	3	1	1	1	1	3	1	1	1	1	3	1	1	1	1
"cell329"	0	0	0	0	3	0	0	0	0	0	0	3	0	0	1	1	1	0	3	1	1	1	1	1	1	3	1	1	1	1	1
"cell330"	0	0	0	0	3	3	0	0	0	1	0	3	0	0	3	3	1	1	1	1	1	1	0	1	3	0	1	1	3	3	0
"cell331"	3	3	0	3	1	0	1	0	0	3	0	0	0	3	1	1	1	1	1	3	1	3	1	1	1	3	1	1	1	1	1
"cell332"	0	3	3	3	1	1	0	0	0	0	0	0	0	0	1	1	1	1	1	3	1	1	1	1	1	1	1	1	0	3	1
"cell333"	0	0	0	0	1	1	0	0	0	0	0	0	0	3	1	3	1	1	3	1	3	3	3	1	1	1	1	3	3	1	1
"cell334"	0	0	0	3	1	3	0	3	0	3	0	0	0	0	1	1	1	0	3	1	1	1	3	1	0	1	0	1	1	1	1
"cell335"	0	3	0	3	1	1	0	0	0	0	0	0	0	0	1	3	1	1	1	1	1	1	1	1	1	3	1	3	1	0	1
"cell336"	0	3	0	0	3	1	0	3	0	0	0	0	0	0	1	1	1	3	3	1	3	1	1	3	1	1	1	1	3	3	1
"cell337"	0	0	0	0	1	1	0	3	0	0	0	0	0	0	1	3	1	3	1	1	1	0	3	1	0	3	3	1	1	1	1
"cell338"	0	0	0	3	1	1	0	0	0	0	0	0	0	0	1	1	3	1	1	1	1	1	1	3	1	1	1	3	1	1	1
"cell339"	0	0	0	0	1	1	0	0	0	0	0	0	0	3	1	1	1	0	3	1	1	3	1	1	3	3	1	1	3	1	1
"cell340"	3	0	0	0	1	1	0	0	0	0	0	0	0	3	1	3	1	1	1	1	1	1	1	1	1	3	3	1	1	1	1
"cell341"	1	0	0	0	1	3	0	0	3	0	0	0	0	0	3	3	1	1	1	1	3	1	1	1	3	0	1	1	1	1	1
"cell342"	0	0	0	3	1	1	0	0	0	0	3	0	0	0	1	1	1	1	3	0	1	1	1	1	1	1	3	1	1	1	3
"cell343"	0	3	3	0	1	3	0	0	3	0	0	0	0	3	1	3	3	1	1	0	1	0	0	3	1	1	3	0	1	1	1
"cell344"	3	0	3	3	1	3	0	0	0	3	3	0	0	0	1	0	1	3	3	1	1	1	1	3	0	0	1	3	3	1	1
"cell345"	0	0	0	0	1	1	0	0	3	0	3	0	0	0	1	1	1	1	3	3	1	1	1	1	1	1	1	3	1	3	1
"cell346"	3	0	0	0	1	1	0	0	0	0	0	0	0	0	1	1	1	1	1	1	1	0	0	1	0	1	0	1	3	1	1
"cell347"	0	0	0	0	3	1	0	0	0	3	3	3	3	0	3	1	0	0	1	1	1	1	1	1	1	1	1	1	1	1	1
"cell348"	0	0	0	0	1	3	0	0	3	0	0	3	0	0	3	1	1	0	3	1	1	3	1	3	1	1	1	1	0	3	1
"cell349"	0	0	0	3	1	1	3	0	3	0	0	3	0	0	3	1	1	3	1	1	1	1	1	1	1	3	1	3	1	0	1
"cell350"	3	0	0	0	3	1	3	0	0	0	3	3	3	0	1	1	3	1	0	1	1	1	1	1	1	1	3	1	1	1	1
"cell351"	3	0	0	0	1	0	0	0	0	0	0	3	3	0	1	1	1	1	1	3	3	0	1	3	1	3	1	1	1	0	3
"cell352"	0	0	3	0	1	3	3	0	0	3	0	0	0	3	1	1	1	1	1	1	1	3	1	3	1	3	1	0	1	3	1
"cell353"	0	0	0	1	3	1	0	0	0	0	0	0	0	0	1	1	1	3	1	1	1	3	0	0	1	0	3	1	1	3	1
"cell354"	3	0	0	3	1	1	0	0	3	0	3	0	0	3	1	1	1	1	1	1	3	1	1	0	1	3	1	1	1	1	1
"cell355"	0	0	0	3	1	1	0	0	0	0	3	0	0	0	0	1	1	3	1	1	1	3	1	1	1	3	3	1	0	3	1
"cell356"	0	0	0	3	3	1	0	3	0	0	0	3	0	0	1	1	3	3	1	1	3	1	1	1	3	1	1	1	1	1	3
"cell357"	0	3	0	0	1	0	0	3	0	0	0	0	3	0	1	1	1	1	1	0	1	1	3	1	1	0	3	1	1	1	1
"cell358"	0	0	0	0	1	3	0	3	0	0	0	3	0	0	1	1	1	1	1	1	1	3	3	0	3	1	0	0	1	0	1
"cell359"	0	3	0	3	1	1	0	0	0	0	0	0	0	0	1	1	1	1	1	1	0	3	1	0	1	1	3	0	3	3	0
"cell360"	0	3	0	0	1	1	0	3	0	0	0	0	0	0	1	1	3	0	1	1	1	1	1	0	0	1	1	1	1	1	3
"cell361"	0	0	0	3	1	3	0	0	0	3	0	0	0	0	1	1	1	1	1	1	1	1	1	1	1	3	1	1	3	1	0
"cell362"	0	0	0	0	1	1	0	0	0	0	0	0	0	0	1	1	3	1	1	1	1	3	3	3	1	3	1	1	1	1	1
"cell363"	0	0	0	0	1	3	0	0	0	0	0	0	0	0	1	1	0	0	0	1	1	1	1	1	1	3	0	1	0	1	1
"cell364"	0	0	0	0	3	1	0	0	3	0	0	0	0	0	1	1	0	1	1	1	1	1	0	1	3	1	1	0	1	1	1
"cell365"	0	0	3	0	1	3	0	0	0	0	0	0	0	0	1	1	1	1	1	1	1	0	1	1	0	1	1	1	1	1	3
"cell366"	3	0	3	0	1	3	0	0	0	0	3	0	0	3	1	1	1	1	1	1	1	0	1	1	3	1	3	1	1	3	1
"cell367"	0	0	0	0	0	1	0	0	0	0	0	0	3	0	1	1	0	1	1	0	1	3	1	1	1	3	1	1	1	0	1
"cell368"	0	3	0	3	1	1	0	0	0	0	0	0	0	0	1	3	1	3	3	1	1	1	3	1	1	3	1	1	1	1	1
"cell369"	3	0	0	0	3	3	0	0	0	0	0	0	3	0	1	1	0	3	1	1	1	1	0	1	1	0	1	0	3	1	1
"cell370"	0	0	0	0	1	1	0	0	0	0	0	0	0	3	1	1	3	1	3	0	1	1	1	0	1	3	3	1	1	3	1
"cell371"	0	3	0	0	1	1	0	0	0	0	0	3	3	0	3	3	1	1	3	0	1	3	1	3	1	1	3	1	1	1	1
"cell372"	0	0	0	0	1	1	0	0	3	0	0	0	0	0	1	1	1	1	0	1	1	1	1	1	3	1	1	1	0	3	1
"cell373"	0	0	0	0	1	3	3	0	0	0	3	0	0	0	0	1	3	3	1	3	3	1	0	3	1	1	1	3	1	1	1
"cell374"	0	3	0	0	0	1	0	0	0	3	0	0	3	3	1	1	0	1	1	3	0	1	3	0	1	0	1	1	1	3	1
"cell375"	3	0	0	3	1	1	0	0	0	0	0	3	3	0	0	1	3	1	1	3	3	1	0	1	1	1	1	1	3	1	3
"cell376"	3	0	0	3	1	1	0	0	0	0	0	0	0	0	1	1	3	1	0	1	1	3	1	1	0	0	3	1	1	0	1
"cell377"	0	0	0	3	1	1	0	0	0	0	0	0	0	3	3	1	0	3	1	0	0	3	1	1	3	0	1	1	1	1	3
"cell378"	0	3	0	3	1	1	0	3	0	0	3	0	0	0	1	1	1	1	1	1	1	1	1	1	1	1	1	3	3	3	3
"cell379"	0	0	0	0	1	1	0	0	0	0	0	3	0	3	1	1	3	1	0	1	1	3	1	1	1	3	1	1	1	1	0
"cell380"	3	0	3	0	1	1	3	3	0	0	0	0	0	3	1	1	1	1	1	3	3	1	1	0	1	3	3	1	3	0	1
"cell381"	0	3	0	0	1	3	0	0	0	0	0	0	0	0	1	3	1	1	1	3	1	1	3	3	0	1	1	1	0	1	1
"cell382"	0	0	0	0	1	1	0	0	0	0	0	0	3	0	1	1	1	1	1	1	1	1	1	1	3	1	1	1	3	1	1
"cell383"	3	0	1	3	1	1	0	0	0	0	0	3	0	3	1	1	1	1	3	1	1	3	3	3	1	3	3	1	1	3	3
"cell384"	0	0	0	0	1	1	0	0	0	0	0	3	0	0	1	1	1	1	0	1	3	1	1	3	1	1	1	1	3	3	1
"cell385"	0	3	0	0	1	3	0	0	0	0	0	0	0	0	1	1	1	1	1	1	1	1	3	1	1	1	3	1	0	3	1
"cell386"	3	0	0	0	1	3	0	0	3	3	0	0	0	0	1	1	1	1	1	1	3	1	1	3	1	0	1	1	1	0	1
"cell387"	0	1	0	0	1	1	0	0	0	0	0	0	0	0	1	1	1	1	1	1	1	1	3	1	1	1	1	1	1	3	1
"cell388"	1	3	0	0	3	1	0	0	3	0	0	3	0	0	1	1	1	1	1	1	1	3	1	1	1	1	1	1	1	0	3
"cell389"	0	3	0	0	1	1	0	0	0	0	0	0	0	3	1	1	3	1	1	1	1	1	1	0	1	1	0	1	1	3	1
"cell390"	0	0	0	0	1	1	0	0	0	3	0	0	3	0	3	3	3	1	3	3	3	3	1	1	1	1	1	1	1	0	1
"cell391"	0	0	3	0	1	1	0	0	0	3	0	3	0	3	0	1	0	3	1	1	1	3	1	1	1	3	1	1	3	1	3
"cell392"	3	0	3	0	1	1	0	3	1	0	0	0	3	0	1	3	1	1	1	1	1	1	1	3	3	0	0	3	1	1	3
"cell393"	0	0	0	0	1	1	0	3	0	0	0	3	0	0	1	3	1	1	3	1	3	3	1	0	1	3	0	1	1	3	3
"cell394"	0	0	0	0	1	1	0	0	0	3	3	0	0	3	3	1	3	1	1	1	1	1	0	0	0	3	1	1	1	1	1
"cell395"	3	0	0	3	1	1	0	0	0	0	0	3	0	3	1	3	1	1	1	1	1	1	1	1	1	1	0	1	1	1	1
"cell396"	0	0	0	0	1	1	0	0	0	0	0	3	3	0	1	1	1	1	3	1	1	1	0	3	1	1	1	1	1	1	3
"cell397"	3	0	0	3	3	1	0	0	0	0	0	0	0	0	1	1	3	3	3	1	3	1	1	1	1	0	1	1	3	1	3
"cell398"	0	0	3	0	1	3	0	3	0	0	0	0	0	0	0	1	3	1	3	1	1	1	1	1	1	1	1	1	3	1	1
"cell399"	0	0	0	0	1	1	0	1	0	0	3	0	3	0	1	3	1	1	1	3	1	1	1	1	3	1	1	1	1	1	3
"cell400"	0	0	0	0	1	1	3	0	0	0	0	3	0	3	1	3	1	1	3	3	1	3	1	3	1	1	1	1	1	1	1
"cell401"	0	0	0	0	1	3	0	0	0	0	3	0	0	0	1	1	1	3	1	1	0	3	1	1	1	1	0	1	1	1	1
"cell402"	0	0	0	0	3	1	0	0	0	0	0	0	0	0	1	3	1	1	3	1	1	1	1	1	1	1	0	0	1	1	1
"cell403"	0	0	3	0	1	1	0	0	0	0	0	3	0	0	1	1	3	1	1	1	1	1	0	0	1	1	1	1	1	0	1
"cell404"	0	0	0	0	1	3	0	0	0	0	3	0	3	0	1	1	1	0	1	1	1	1	3	1	3	3	3	3	3	1	0
"cell405"	0	0	0	3	1	1	0	0	3	0	0	0	0	0	1	3	1	1	1	1	1	1	1	3	1	1	0	1	1	1	3
"cell406"	0	0	0	0	0	1	0	3	0	0	0	0	0	3	3	1	3	3	3	3	0	3	1	0	1	1	1	1	1	1	3
"cell407"	0	0	0	0	1	1	0	0	0	0	0	0	3	3	1	1	1	1	1	3	1	1	1	1	1	1	3	3	1	1	3
"cell408"	0	0	0	0	1	1	0	0	3	3	3	0	0	0	3	1	1	1	1	1	1	1	1	1	0	1	3	1	0	3	1
"cell409"	0	0	3	0	1	0	0	0	0	3	0	0	0	0	0	1	1	1	1	1	3	1	1	3	1	1	3	1	1	1	3
"cell410"	0	3	3	3	1	1	0	0	0	0	0	3	3	0	0	1	1	1	1	3	1	0	1	1	1	1	3	1	1	1	1
"cell411"	0	0	0	0	0	1	0	0	0	0	0	0	0	3	1	1	1	1	1	1	1	3	1	1	1	1	1	3	1	3	1
"cell412"	3	0	0	3	3	1	0	0	0	3	0	3	3	3	1	1	1	3	1	1	1	1	1	1	3	1	1	1	1	1	1
"cell413"	0	3	0	0	1	1	0	3	0	0	0	0	0	0	1	1	1	1	1	1	1	1	1	1	1	1	1	1	0	3	1
"cell414"	0	0	0	0	1	1	3	3	0	0	0	0	0	0	3	1	1	3	1	3	3	1	1	0	1	1	3	0	1	1	3
"cell415"	0	0	0	0	1	1	0	0	0	0	3	3	0	0	1	1	1	1	3	1	3	1	1	3	1	3	1	1	0	1	3
"cell416"	3	3	0	0	1	1	0	0	3	0	0	0	0	0	1	1	1	1	1	1	1	1	1	1	1	1	1	3	3	3	1
"cell417"	0	0	3	3	0	1	0	0	0	0	0	0	0	3	1	1	1	1	1	1	1	1	1	3	1	1	3	3	1	1	1
"cell418"	3	3	1	0	1	1	3	0	3	0	0	3	0	3	1	1	0	1	1	3	1	1	1	3	1	1	3	1	1	1	1
"cell419"	0	0	3	0	1	1	0	3	0	0	0	0	0	0	1	1	1	1	1	1	1	1	3	1	3	1	0	1	1	1	1
"cell420"	0	0	0	0	1	1	3	0	0	0	0	0	0	0	3	1	1	1	1	1	1	1	3	1	1	1	1	1	3	1	1
"cell421"	0	0	3	0	1	1	3	0	0	3	0	0	0	0	1	0	1	1	3	1	3	1	1	1	1	3	3	3	3	1	1
"cell422"	0	0	0	0	1	1	0	0	3	3	0	3	0	0	0	1	3	3	1	3	3	1	1	3	1	1	1	1	1	3	1
"cell423"	3	0	0	0	1	3	0	0	3	3	0	3	0	0	1	3	1	1	1	1	1	3	1	1	1	3	1	1	1	1	3
"cell424"	0	3	0	0	1	3	0	0	3	3	0	0	3	0	1	1	1	1	1	0	1	1	1	1	3	3	1	1	1	1	1
"cell425"	0	3	0	0	1	1	0	0	3	0	0	3	3	3	1	3	0	3	1	1	1	1	1	3	0	1	1	1	1	1	1
"cell426"	3	3	0	3	1	3	3	0	0	0	0	0	0	3	1	3	1	1	1	1	1	1	1	1	1	1	1	3	3	0	1
"cell427"	0	0	0	0	1	3	0	0	0	3	0	0	0	0	1	1	1	1	1	0	1	0	1	1	1	3	3	1	1	3	1
"cell428"	3	0	0	0	1	1	3	3	3	0	0	3	0	0	1	3	1	1	1	1	1	1	3	3	1	1	1	1	1	1	1
"cell429"	0	0	0	3	1	1	0	0	3	3	0	0	1	0	1	1	1	1	0	1	1	3	3	1	1	1	1	1	1	0	1
"cell430"	0	3	3	0	1	1	0	0	0	0	0	0	0	0	1	1	1	1	1	1	3	3	0	3	3	3	1	1	1	3	0
"cell431"	0	3	0	0	1	1	0	0	0	0	0	3	0	3	1	3	1	1	1	3	1	3	1	3	3	1	1	1	1	1	0
"cell432"	0	0	3	3	1	1	0	0	0	0	0	0	0	0	3	1	1	1	1	1	1	1	1	1	1	1	1	1	1	3	1
"cell433"	3	0	0	0	1	1	0	0	0	0	3	0	0	3	1	1	1	3	1	3	1	1	1	1	1	0	1	3	1	0	1
"cell434"	3	3	0	0	1	3	0	0	3	0	0	0	0	0	1	1	1	1	1	1	1	1	1	3	3	1	1	0	1	0	1
"cell435"	0	0	0	0	1	1	0	0	0	0	0	0	0	0	1	1	1	1	3	1	1	3	1	1	1	1	1	3	1	1	0
"cell436"	0	0	0	3	1	1	0	3	0	0	0	0	0	3	1	1	1	1	1	1	1	1	1	1	1	1	1	1	1	1	1
"cell437"	0	0	0	0	1	1	3	0	3	0	0	0	0	0	1	1	1	3	3	1	1	1	3	1	1	1	1	1	1	1	1
"cell438"	0	0	0	0	1	1	0	0	0	0	3	0	0	0	1	1	1	1	0	3	3	1	1	1	3	1	3	1	1	1	0
"cell439"	0	0	0	0	3	1	0	0	3	0	0	0	0	0	1	1	1	1	1	1	1	1	3	1	3	1	3	1	0	1	0
"cell440"	0	0	0	0	3	3	0	0	0	0	0	0	0	0	1	1	1	1	1	1	1	1	1	3	3	1	3	1	3	1	1
"cell441"	0	3	0	3	1	1	0	0	0	0	0	0	0	0	1	1	3	1	1	1	1	1	1	1	1	3	3	1	3	1	1
"cell442"	0	0	3	0	0	1	0	0	0	0	0	0	3	0	1	0	0	1	1	1	1	1	0	1	1	3	1	1	1	1	1
"cell443"	0	0	0	0	3	3	0	0	0	0	0	0	0	3	1	1	3	3	3	1	0	1	1	1	1	1	1	1	3	1	1
"cell444"	0	3	0	0	3	1	0	0	0	0	3	0	3	0	1	1	1	1	1	1	1	1	1	3	1	1	1	1	1	1	1
"cell445"	0	0	0	0	1	1	0	0	0	0	0	0	0	0	1	3	1	1	1	1	1	1	1	1	1	1	1	3	1	1	1
"cell446"	3	0	0	0	1	3	0	0	0	0	0	3	3	0	1	1	0	1	1	1	1	3	1	1	1	1	1	1	1	1	0
"cell447"	0	0	0	3	1	1	3	3	0	0	0	0	0	0	0	1	3	1	1	1	3	1	1	1	1	1	1	1	1	0	1
"cell448"	3	3	0	3	1	1	3	0	0	0	0	0	0	0	1	1	3	3	1	1	1	1	1	1	3	1	1	1	1	3	1
"cell449"	0	0	0	0	1	1	0	0	0	0	0	0	0	0	1	1	3	1	1	1	1	1	1	1	1	1	1	0	1	1	1
"cell450"	3	0	3	0	1	1	0	0	0	0	0	3	0	3	1	3	3	1	1	1	1	1	3	1	3	1	1	1	1	3	1
"cell451"	0	0	0	0	3	1	0	0	0	0	0	0	3	0	3	1	1	1	1	3	1	3	1	3	1	1	1	1	3	3	1
"cell452"	0	0	3	0	3	1	0	0	0	3	0	0	0	0	3	1	1	1	1	1	1	1	3	3	1	1	1	1	3	3	1
"cell453"	0	0	0	0	1	1	0	0	0	0	0	0	0	0	1	0	1	1	1	1	1	1	1	1	1	1	1	1	1	1	3
"cell454"	0	0	0	0	0	3	0	0	0	0	0	0	0	0	1	1	0	3	1	3	3	1	1	1	1	1	1	1	3	1	1
"cell455"	0	0	3	3	1	3	3	0	0	3	0	0	0	3	0	1	1	1	1	1	1	1	1	0	1	1	1	1	1	1	1
"cell456"	0	0	0	0	1	1	0	0	0	0	3	3	0	0	3	1	1	1	1	1	1	1	0	1	1	1	3	1	1	1	1
"cell457"	0	0	0	3	1	3	0	0	0	3	0	0	0	0	1	1	1	1	3	3	1	1	1	0	1	1	1	1	1	1	1
"cell458"	0	0	1	0	3	1	0	3	0	0	0	0	0	0	0	1	1	1	1	3	1	1	1	3	3	1	1	3	3	1	1
"cell459"	3	0	0	0	1	1	3	0	0	0	0	3	0	0	1	1	1	1	1	1	3	1	1	1	1	1	1	1	3	3	1
"cell460"	0	0	3	0	1	1	3	0	0	0	3	0	3	0	0	3	1	1	1	0	1	1	1	1	1	1	1	1	1	0	1
"cell461"	0	0	0	0	3	1	0	0	0	0	0	0	0	0	1	1	1	3	1	3	1	3	1	1	0	0	1	1	1	1	3
"cell462"	0	0	0	3	1	1	0	0	3	3	3	0	0	0	0	1	1	1	1	3	3	1	0	1	3	1	1	1	1	1	1
"cell463"	3	3	0	0	1	1	0	0	0	0	0	0	0	0	1	1	1	3	3	1	1	1	1	3	1	1	1	1	1	1	1
"cell464"	3	0	0	3	1	1	0	0	0	0	0	0	0	0	1	1	1	0	1	1	1	1	1	0	1	1	1	1	1	0	1
"cell465"	0	0	0	0	1	3	0	0	0	0	0	3	3	0	1	1	1	1	1	1	1	3	1	1	1	1	3	3	1	1	1
"cell466"	0	0	0	0	1	1	0	0	3	0	3	0	0	0	1	3	1	1	3	1	1	1	1	0	3	1	1	1	1	3	1
"cell467"	0	0	0	0	1	1	0	0	0	0	0	0	0	3	1	1	1	1	1	1	3	1	0	1	3	1	1	1	0	1	1
"cell468"	0	3	0	0	1	1	3	0	0	0	0	0	0	0	1	1	1	1	1	1	0	1	1	1	1	1	1	1	3	3	1
"cell469"	3	0	0	3	3	1	0	0	0	3	0	3	0	3	1	1	1	1	1	3	0	3	1	3	3	1	1	1	1	1	3
"cell470"	0	0	0	0	1	1	0	0	0	0	0	0	0	0	3	3	3	1	1	1	1	1	1	1	3	1	1	3	3	1	1
"cell471"	3	0	0	0	3	1	0	0	0	0	0	3	0	0	1	1	3	3	1	3	3	1	1	3	1	1	1	1	1	1	3
"cell472"	0	0	0	3	1	1	3	0	0	0	0	0	0	3	1	3	1	1	1	1	3	1	0	1	1	3	1	1	1	3	1
"cell473"	3	0	3	0	1	1	0	0	0	0	0	0	0	0	1	0	1	1	1	1	1	1	1	1	1	1	1	1	1	1	1
"cell474"	0	0	3	0	1	1	0	0	0	0	0	0	0	0	1	3	3	3	1	1	1	1	1	1	1	3	3	1	3	1	0
"cell475"	0	0	0	0	3	1	0	0	0	0	0	0	0	0	3	1	1	0	3	1	1	3	1	3	1	1	1	1	3	1	0
"cell476"	0	0	0	0	3	1	0	0	0	0	0	3	0	0	1	1	1	1	3	1	3	0	1	1	1	1	3	1	1	1	1
"cell477"	0	0	0	0	3	3	0	3	0	3	3	0	0	0	1	1	1	3	1	3	1	1	1	1	1	1	1	1	3	3	1
"cell478"	3	0	0	3	1	3	0	0	0	3	0	3	0	3	1	3	1	3	3	1	1	1	1	1	1	1	1	1	3	1	1
"cell479"	0	3	3	0	1	3	0	3	0	3	0	3	0	3	3	3	1	3	1	0	3	1	3	1	1	1	1	1	3	1	1
"cell480"	0	0	0	0	3	3	3	0	0	0	0	0	0	0	3	3	3	1	1	1	1	1	1	1	0	0	1	1	1	1	1
"cell481"	0	3	0	0	1	3	0	0	0	0	0	0	0	0	1	1	1	1	1	3	1	1	1	1	1	1	1	1	1	3	1
"cell482"	0	0	0	0	1	3	0	0	0	0	3	0	0	0	1	1	1	0	1	1	3	1	1	1	1	1	3	1	1	1	1
"cell483"	3	0	0	0	3	3	0	0	0	3	3	0	0	0	1	1	1	0	1	1	1	1	1	0	1	0	1	1	1	1	1
"cell484"	0	0	0	0	1	3	3	3	0	0	0	0	0	0	3	3	3	1	1	1	3	1	3	1	3	1	3	1	1	1	3
"cell485"	3	3	3	0	1	1	0	0	0	0	3	0	0	0	1	1	1	1	1	1	1	3	0	3	1	1	1	1	1	1	3
"cell486"	0	3	0	0	1	1	0	0	3	0	0	0	0	0	1	0	1	1	1	1	3	1	1	3	1	1	1	3	1	3	1
"cell487"	0	0	0	3	3	1	3	0	0	0	0	0	3	0	0	1	3	1	1	1	3	1	1	1	1	1	1	1	1	3	1
"cell488"	3	0	0	1	1	1	0	0	0	0	0	0	0	3	3	1	1	1	1	3	0	3	1	1	1	3	1	1	1	1	1
"cell489"	0	0	0	0	3	3	0	0	0	0	0	0	0	3	3	1	1	0	1	3	3	1	1	1	3	1	1	1	1	1	1
"cell490"	0	0	3	0	3	1	0	0	3	3	0	1	0	0	3	3	1	1	0	1	3	1	1	1	1	1	1	1	1	1	1
"cell491"	3	3	0	3	1	3	3	0	0	3	0	3	0	0	3	1	1	1	1	3	1	1	1	1	1	1	3	3	1	1	1
"cell492"	0	0	0	0	3	3	0	3	0	0	1	0	0	0	1	1	1	1	1	1	1	1	1	1	3	1	0	3	1	1	3
"cell493"	0	0	0	0	3	1	0	3	3	0	0	0	0	0	3	3	1	1	1	1	1	1	1	1	1	1	1	3	3	1	3
"cell494"	3	0	0	0	1	3	0	0	0	0	0	3	0	0	1	1	1	1	1	1	1	1	1	0	1	1	1	1	3	1	1
"cell495"	0	0	0	0	3	1	0	0	0	0	3	0	0	0	1	3	1	1	1	1	1	1	1	1	1	0	1	1	3	1	3
"cell496"	3	0	0	0	3	1	0	0	0	0	0	0	3	0	3	1	1	1	1	3	1	1	1	1	1	1	3	1	3	3	0
"cell497"	3	3	0	0	0	1	0	0	3	0	0	1	0	3	3	1	1	1	1	1	1	1	3	1	0	1	1	1	3	0	1
"cell498"	0	0	0	3	3	1	3	0	3	0	0	0	0	3	1	1	1	1	1	1	3	1	3	3	1	1	1	1	1	3	1
"cell499"	0	0	0	0	0	3	3	0	0	0	0	0	0	0	1	1	1	3	1	3	1	1	3	3	3	3	1	1	1	1	3
"cell500"	0	0	0	0	1	1	0	0	0	0	0	0	0	0	3	1	1	1	0	1	3	3	0	1	1	0	1	3	3	1	1
"cell501"	0	0	0	0	1	1	0	0	3	3	0	0	0	0	1	0	3	1	1	0	3	3	3	1	1	1	1	1	1	1	1
"cell502"	0	3	3	0	1	3	0	3	0	0	0	0	3	0	1	1	1	1	3	1	3	1	1	1	1	3	1	1	1	1	3
"cell503"	0	0	0	0	3	1	0	0	0	0	0	0	0	0	1	1	1	1	1	1	1	3	0	1	1	1	1	1	1	1	1
"cell504"	3	3	0	0	1	1	0	0	0	0	0	3	3	0	3	1	1	1	1	3	1	1	1	3	1	3	0	3	1	1	1
"cell505"	0	0	0	0	1	3	0	0	3	0	0	0	0	3	1	1	1	3	1	3	3	1	3	1	1	3	1	1	0	1	3
"cell506"	3	0	0	0	1	1	0	0	0	0	0	0	0	0	1	1	1	1	1	1	1	1	0	3	0	1	1	1	3	1	3
"cell507"	0	3	0	0	1	1	0	3	3	0	0	3	0	0	3	1	3	1	3	1	1	1	1	3	1	3	1	1	1	1	3
"cell508"	3	3	0	3	1	3	3	0	0	3	0	0	0	3	1	1	1	1	3	3	1	1	1	1	3	1	1	1	1	1	3
"cell509"	3	0	0	0	1	1	3	0	0	0	0	3	0	0	1	1	1	3	1	0	1	1	0	1	1	1	3	1	1	1	1
"cell510"	0	0	0	0	1	1	0	0	0	0	0	0	0	0	3	1	1	1	1	3	1	3	3	1	1	3	1	1	1	1	1
"cell511"	0	0	3	3	1	1	3	0	0	0	3	0	0	0	1	1	3	1	3	1	1	1	3	1	1	1	1	1	3	1	1
"cell512"	0	0	3	0	1	3	0	0	0	0	0	3	0	3	1	1	0	1	1	1	1	1	3	1	1	3	3	1	3	1	3
"cell513"	3	0	0	0	1	1	0	3	0	0	0	1	0	0	1	1	1	0	1	1	1	1	1	1	1	3	1	1	1	3	1
"cell514"	0	0	0	0	1	3	0	0	0	0	0	3	0	0	1	1	1	1	1	1	1	0	1	1	1	1	1	1	3	1	3
"cell515"	0	0	3	0	1	1	0	0	0	0	0	0	3	0	1	1	0	1	1	1	1	1	1	1	1	1	3	1	1	1	1
"cell516"	0	3	0	0	1	0	0	0	0	0	0	3	3	0	1	1	3	1	0	3	1	1	0	0	1	1	0	1	3	1	1
"cell517"	0	0	0	0	1	1	0	0	1	3	3	0	0	0	3	1	3	1	1	1	3	1	0	0	1	1	0	1	1	0	1
"cell518"	0	0	0	3	1	1	0	0	0	0	0	0	0	3	3	1	1	1	3	1	1	3	1	1	1	3	1	3	1	1	1
"cell519"	0	0	0	0	1	1	0	3	0	0	0	0	0	0	1	3	1	1	1	1	1	1	1	1	3	1	3	1	1	1	1
"cell520"	0	0	0	0	1	0	3	0	0	3	0	0	0	0	1	0	1	3	1	1	3	1	1	3	3	3	1	1	0	1	3
"cell521"	0	0	3	0	1	3	0	0	0	0	3	0	3	3	3	1	1	0	1	3	1	0	1	1	1	1	0	1	1	1	1
"cell522"	0	3	0	0	1	1	3	0	3	0	0	0	0	0	1	1	1	1	1	0	1	1	1	1	1	1	1	1	0	1	1
"cell523"	0	0	3	0	1	1	0	3	0	0	0	0	3	0	1	1	3	3	1	1	1	1	3	1	1	1	1	1	1	3	1
"cell524"	3	0	0	0	3	1	0	0	0	0	0	3	0	0	3	1	1	1	0	1	1	3	1	3	1	3	3	1	1	0	0
"cell525"	0	0	0	0	0	3	0	3	0	0	0	0	0	0	1	1	0	1	1	1	1	1	1	1	3	1	1	1	0	1	0
"cell526"	1	0	0	0	1	1	3	0	0	0	0	0	0	0	1	1	1	3	1	1	3	1	3	1	1	1	3	1	1	1	0
"cell527"	0	0	0	3	3	1	0	0	3	3	0	0	0	0	3	1	1	1	1	1	1	3	1	1	1	0	0	1	0	1	1
"cell528"	0	0	0	0	3	3	0	0	0	0	0	0	0	3	1	1	1	1	1	1	1	1	3	1	1	3	1	1	1	0	0
"cell529"	0	0	0	0	3	3	0	0	0	3	0	3	1	0	1	3	1	1	3	1	1	1	1	1	1	1	1	1	1	1	3
"cell530"	0	0	1	0	1	1	0	0	0	3	0	0	0	0	1	3	0	1	1	1	0	1	0	1	1	1	1	1	1	1	1
"cell531"	0	0	3	0	3	3	0	0	3	0	3	3	0	0	1	1	1	1	3	1	1	3	0	3	1	1	1	1	1	3	1
"cell532"	0	0	0	3	3	1	0	0	3	0	0	0	3	0	3	3	0	3	1	1	1	1	3	1	0	1	1	1	3	3	1
"cell533"	3	0	0	0	1	1	0	0	0	0	0	0	0	0	1	0	1	1	1	1	1	1	1	1	1	1	0	1	1	3	3
"cell534"	3	0	0	0	1	3	0	0	0	0	0	0	0	0	1	0	1	3	1	3	1	3	1	3	0	1	3	3	1	3	1
"cell535"	0	0	3	0	1	1	0	3	0	0	0	0	0	0	1	1	3	1	1	1	1	1	3	1	1	1	3	0	1	1	1
"cell536"	3	3	0	0	1	1	0	0	0	0	3	0	0	0	1	1	1	1	1	3	1	1	0	1	1	1	1	1	1	3	1
"cell537"	0	0	0	0	1	1	0	0	0	3	0	3	3	0	1	1	1	1	1	1	1	3	1	1	1	1	1	1	1	1	1
"cell538"	0	0	0	3	1	1	0	0	0	0	0	0	3	3	1	3	1	1	1	1	0	3	1	3	1	1	1	1	1	1	3
"cell539"	0	0	0	0	3	1	0	3	0	3	0	0	3	0	1	1	1	1	1	3	1	1	3	1	1	1	1	3	1	3	1
"cell540"	3	0	3	0	3	1	0	0	3	0	3	0	0	0	1	3	3	1	0	1	1	1	1	0	1	1	3	1	1	1	3
"cell541"	3	0	3	0	1	1	0	0	0	0	0	3	0	1	0	3	0	1	1	1	1	1	0	1	3	3	1	1	0	1	1
"cell542"	0	3	3	0	1	1	0	0	3	0	0	0	0	0	1	1	3	0	3	0	1	1	1	3	1	1	1	1	0	1	1
"cell543"	0	3	3	3	1	0	0	0	0	0	0	3	3	3	1	1	1	1	1	1	1	3	1	3	1	1	1	1	1	1	1
"cell544"	0	0	3	3	1	1	0	0	0	0	3	0	0	0	1	1	1	1	1	1	1	1	3	1	3	1	1	1	1	1	1
"cell545"	0	0	0	0	1	1	0	3	0	0	0	0	0	0	1	1	1	1	1	1	1	1	3	1	1	1	3	1	3	1	1
"cell546"	0	3	3	0	1	1	3	0	0	3	0	0	0	3	3	3	0	3	1	1	3	1	1	1	1	1	1	1	1	1	1
"cell547"	0	0	3	0	1	3	0	3	0	0	3	0	0	0	1	1	1	1	3	3	1	3	1	0	0	1	3	1	0	3	1
"cell548"	0	0	3	0	1	3	0	0	3	0	3	0	0	0	1	1	3	1	1	1	1	0	1	1	1	3	1	1	3	1	1
"cell549"	0	0	0	0	3	1	0	3	0	0	3	0	0	3	1	1	1	1	1	3	3	1	3	1	1	1	1	1	1	3	1
"cell550"	0	3	3	0	1	3	0	0	0	3	3	0	0	0	3	1	1	1	1	3	0	1	1	1	1	0	1	0	1	1	1
"cell551"	0	0	0	0	3	1	0	3	3	0	0	0	3	0	1	0	0	1	1	1	1	0	1	3	3	3	3	1	1	1	1
"cell552"	0	3	0	0	1	1	0	0	0	0	0	0	0	0	1	3	1	0	1	1	1	1	1	1	1	1	1	1	1	1	1
"cell553"	0	0	0	0	0	1	3	0	0	3	0	0	0	0	0	1	1	1	3	3	1	3	3	1	0	3	1	1	0	1	3
"cell554"	3	0	0	0	1	1	0	0	0	0	0	3	0	0	1	3	1	1	3	1	1	0	1	1	1	1	1	1	1	3	1
"cell555"	0	0	0	0	1	1	0	0	0	3	3	3	0	0	1	1	3	1	1	1	1	1	1	1	1	1	3	1	1	1	1
"cell556"	0	0	0	0	1	1	0	3	0	0	3	0	0	0	3	1	1	1	1	1	3	1	1	1	1	1	1	1	1	3	1
"cell557"	3	3	0	0	1	1	0	3	3	0	3	0	3	3	1	1	1	1	3	3	1	1	1	1	1	1	3	3	3	1	1
"cell558"	0	0	0	0	1	1	0	3	0	0	3	0	3	0	1	1	1	3	1	3	1	1	3	3	3	3	1	3	3	1	1
"cell559"	0	0	0	0	1	1	0	0	1	0	0	0	0	3	1	1	1	1	3	1	1	1	3	1	1	1	0	1	1	3	3
"cell560"	0	0	0	0	0	1	0	0	0	0	0	0	0	0	3	1	1	1	3	1	1	1	3	1	1	1	1	1	3	1	1
"cell561"	0	0	3	0	1	1	0	0	0	0	0	0	0	0	3	1	1	3	1	1	0	3	1	1	1	3	1	1	0	0	1
"cell562"	0	0	0	0	1	1	0	0	3	0	0	0	0	0	1	3	0	1	3	1	0	1	3	1	1	1	0	1	1	3	3
"cell563"	0	0	3	0	1	1	0	0	0	0	0	0	0	0	1	3	1	3	3	1	1	1	3	1	1	3	1	1	1	1	1
"cell564"	0	0	3	3	3	1	3	0	0	3	0	0	0	0	1	0	1	3	3	1	1	1	1	1	1	3	1	1	1	1	1
"cell565"	0	0	0	0	3	0	3	0	0	0	0	3	0	0	1	3	1	3	3	1	1	3	1	1	1	1	1	1	1	3	3
"cell566"	3	0	0	0	3	1	0	0	0	3	3	0	0	0	3	1	1	3	0	1	1	1	1	3	1	0	1	1	3	0	1
"cell567"	0	3	0	0	3	3	0	0	0	0	0	0	0	3	1	1	1	3	1	3	1	1	1	1	1	1	1	1	1	1	1
"cell568"	0	0	0	0	1	1	0	3	0	0	0	0	3	0	1	1	1	1	1	1	1	3	1	1	3	1	1	1	3	1	1
"cell569"	0	0	0	0	1	3	0	0	0	0	3	0	0	0	1	1	3	1	1	1	1	1	1	1	3	0	1	3	1	1	1
"cell570"	0	0	0	0	1	0	3	0	0	0	3	0	0	1	1	1	3	3	3	3	1	1	1	1	0	3	1	1	0	3	1
"cell571"	0	3	3	0	1	1	0	0	0	0	0	3	3	0	1	1	1	1	1	3	3	1	0	1	1	1	3	1	1	3	1
"cell572"	0	0	0	0	1	1	0	0	3	3	0	0	0	3	1	1	0	1	1	1	1	3	3	1	1	0	1	1	3	3	1
"cell573"	0	0	0	0	3	0	0	0	3	0	0	0	0	0	1	3	1	1	0	0	1	3	0	1	3	1	1	1	3	1	3
"cell574"	0	0	0	0	1	3	0	0	3	0	3	3	3	0	0	1	1	1	1	1	1	1	0	0	3	3	1	1	1	1	1
"cell575"	3	0	0	0	1	1	0	0	0	0	0	0	0	0	1	1	3	1	1	1	3	3	1	1	1	1	3	1	3	1	1
"cell576"	0	0	0	0	1	3	0	0	0	0	3	0	0	0	3	1	1	1	1	1	3	1	1	1	3	1	1	1	1	0	3
"cell577"	0	3	0	0	1	1	0	0	3	0	0	0	0	0	1	1	3	1	1	1	1	3	1	1	1	3	1	1	1	1	1
"cell578"	3	0	3	0	1	1	0	0	0	0	3	3	3	3	1	3	1	1	3	1	1	1	1	1	3	1	1	1	1	1	3
"cell579"	3	0	0	3	3	1	0	3	0	0	0	0	0	0	1	1	1	1	3	3	3	3	1	0	1	1	1	3	1	3	3
"cell580"	0	0	3	3	3	1	0	0	0	0	0	0	3	0	1	1	1	1	1	1	1	1	1	1	0	3	3	3	1	3	1
"cell581"	0	0	0	0	3	1	0	0	3	0	0	0	0	0	1	1	1	1	3	1	1	1	1	1	1	1	3	3	1	3	3
"cell582"	0	3	0	0	1	1	0	0	0	0	0	0	0	0	1	1	0	1	1	3	1	1	1	3	1	0	1	1	3	1	3
"cell583"	0	3	0	3	0	1	0	0	0	0	0	0	0	0	3	3	0	1	1	1	1	1	1	1	0	3	3	1	1	1	1
"cell584"	0	0	0	0	1	1	0	0	0	0	0	0	0	0	3	1	1	1	1	1	1	3	3	3	1	1	1	1	1	1	1
"cell585"	0	3	0	0	1	1	0	0	3	3	0	0	0	0	1	1	3	1	1	1	1	1	1	1	3	3	1	1	1	1	3
"cell586"	0	0	0	0	1	3	0	0	3	0	3	3	0	0	1	0	1	1	1	3	0	3	1	1	3	3	1	3	1	1	3
"cell587"	3	0	0	3	1	1	0	3	0	0	0	0	3	0	1	1	3	1	1	3	1	1	0	1	3	1	1	3	1	1	1
"cell588"	0	3	0	3	1	1	3	0	0	0	3	0	0	0	1	3	1	0	3	1	1	1	3	1	3	0	1	1	1	1	1
"cell589"	0	0	0	3	1	1	3	0	0	0	3	0	0	0	3	1	3	1	1	3	1	1	1	1	3	3	0	3	1	3	3
"cell590"	0	0	0	0	1	3	0	0	0	0	0	0	0	0	1	0	1	0	3	1	1	3	1	1	1	1	1	1	1	1	1
"cell591"	0	3	0	3	1	1	0	0	3	0	0	0	0	3	1	1	1	1	3	1	1	1	1	1	3	1	1	1	0	1	3
"cell592"	0	0	3	0	3	1	0	0	0	0	0	0	0	0	1	3	1	1	0	1	3	1	1	3	1	1	1	1	1	3	1
"cell593"	0	0	0	0	1	1	3	0	0	0	0	0	0	0	1	3	3	1	1	1	1	1	3	1	1	1	1	1	0	1	1
"cell594"	3	0	0	0	1	0	0	0	0	0	0	0	0	0	1	1	0	1	1	1	1	0	3	3	3	0	3	1	0	1	0
"cell595"	0	0	3	0	1	1	0	3	0	0	0	0	0	0	1	3	1	1	1	1	1	3	1	3	1	1	0	3	1	3	3
"cell596"	0	3	3	0	3	1	0	0	0	0	0	0	0	0	1	0	1	1	1	1	1	3	1	3	1	1	3	1	1	3	1
"cell597"	0	0	3	0	1	1	0	3	0	0	0	0	0	0	1	3	1	1	3	3	0	1	1	3	1	1	1	3	3	1	0
"cell598"	3	0	3	0	1	1	3	3	0	0	0	0	0	0	1	1	1	1	1	3	1	1	1	3	3	1	1	0	1	1	1
"cell599"	0	0	0	0	3	1	0	0	0	0	0	0	3	3	0	3	1	3	1	1	1	1	1	1	1	1	1	0	1	1	1
"cell600"	3	0	3	0	1	1	0	0	0	0	0	0	3	3	1	1	0	1	3	1	1	3	1	1	3	1	1	1	1	1	1
